file_path,label
data\processed\Glaucidium cuculoides\18_seg001.wav,Glaucidium cuculoides
data\processed\Cuculus micropterus\39_seg000.wav,Cuculus micropterus
data\processed\Centropus andamanensis\4_seg009.wav,Centropus andamanensis
data\processed\Mystery mystery\1_seg010.wav,Mystery mystery
data\processed\Mystery mystery\337_seg008.wav,Mystery mystery
data\processed\Mystery mystery\373_seg049.wav,Mystery mystery
data\processed\Pellorneum ruficeps\76_seg004.wav,Pellorneum ruficeps
data\processed\noise\Todiramphus_chloris__6__seg002.wav,noise
data\processed\Cuculus micropterus\11_seg009.wav,Cuculus micropterus
data\processed\Psilopogon lineatus\11_seg007.wav,Psilopogon lineatus
data\processed\Spelaeornis oatesi\5_seg007.wav,Spelaeornis oatesi
data\processed\Cuculus micropterus\53_seg000.wav,Cuculus micropterus
data\processed\Loriculus vernalis\23_seg002.wav,Loriculus vernalis
data\processed\Liocichla phoenicea\7_seg004.wav,Liocichla phoenicea
data\processed\noise\Mystery_mystery__332__seg047.wav,noise
data\processed\Arborophila torqueola\24_seg018.wav,Arborophila torqueola
data\processed\Mystery mystery\231_seg020.wav,Mystery mystery
data\processed\Mystery mystery\284_seg004.wav,Mystery mystery
data\processed\Mystery mystery\43_seg007.wav,Mystery mystery
data\processed\Mystery mystery\116_seg015.wav,Mystery mystery
data\processed\Liocichla phoenicea\16_seg008.wav,Liocichla phoenicea
data\processed\Sphenocichla humei\38_seg007.wav,Sphenocichla humei
data\processed\Arborophila torqueola\18_seg006.wav,Arborophila torqueola
data\processed\Stachyridopsis ambigua\5_seg002.wav,Stachyridopsis ambigua
data\processed\Cyornis poliogenys\10_seg015.wav,Cyornis poliogenys
data\processed\Mystery mystery\434_seg001.wav,Mystery mystery
data\processed\Pellorneum ruficeps\5_seg002.wav,Pellorneum ruficeps
data\processed\noise\Motacilla_citreola__14__seg023.wav,noise
data\processed\Mystery mystery\89_seg004.wav,Mystery mystery
data\processed\Todiramphus chloris\23_seg005.wav,Todiramphus chloris
data\processed\Mystery mystery\365_seg004.wav,Mystery mystery
data\processed\Mystery mystery\2_seg005.wav,Mystery mystery
data\processed\Cyornis magnirostris\8_seg017.wav,Cyornis magnirostris
data\processed\noise\Pellorneum_ruficeps__15__seg000.wav,noise
data\processed\Sphenocichla humei\10_seg004.wav,Sphenocichla humei
data\processed\Pellorneum ruficeps\91_seg006.wav,Pellorneum ruficeps
data\processed\Liocichla phoenicea\5_seg001.wav,Liocichla phoenicea
data\processed\Dicrurus andamanensis\11_seg016.wav,Dicrurus andamanensis
data\processed\Pellorneum ruficeps\87_seg037.wav,Pellorneum ruficeps
data\processed\Pomatorhinus ruficollis\3_seg001.wav,Pomatorhinus ruficollis
data\processed\noise\Pellorneum_ruficeps__73__seg004.wav,noise
data\processed\Pellorneum ruficeps\50_seg016.wav,Pellorneum ruficeps
data\processed\Mystery mystery\183_seg000.wav,Mystery mystery
data\processed\Pomatorhinus ruficollis\17_seg013.wav,Pomatorhinus ruficollis
data\processed\Arborophila torqueola\6_seg022.wav,Arborophila torqueola
data\processed\Pomatorhinus ruficollis\40_seg001.wav,Pomatorhinus ruficollis
data\processed\Psittacula eupatria\18_seg001.wav,Psittacula eupatria
data\processed\Mystery mystery\387_seg003.wav,Mystery mystery
data\processed\Arborophila torqueola\13_seg020.wav,Arborophila torqueola
data\processed\Mystery mystery\43_seg039.wav,Mystery mystery
data\processed\Sturnia malabarica\16_seg030.wav,Sturnia malabarica
data\processed\Alcippe cinerea\8_seg003.wav,Alcippe cinerea
data\processed\Argya longirostris\7_seg020.wav,Argya longirostris
data\processed\Mystery mystery\312_seg022.wav,Mystery mystery
data\processed\Cyornis concretus\1_seg006.wav,Cyornis concretus
data\processed\Psittacula eupatria\28_seg022.wav,Psittacula eupatria
data\processed\Chelidorhynx hypoxanthus\9_seg006.wav,Chelidorhynx hypoxanthus
data\processed\Glaucidium cuculoides\32_seg003.wav,Glaucidium cuculoides
data\processed\Pomatorhinus ruficollis\4_seg000.wav,Pomatorhinus ruficollis
data\processed\Rimator malacoptilus\12_seg012.wav,Rimator malacoptilus
data\processed\Pomatorhinus ruficollis\41_seg009.wav,Pomatorhinus ruficollis
data\processed\Mystery mystery\111_seg000.wav,Mystery mystery
data\processed\Arborophila torqueola\28_seg033.wav,Arborophila torqueola
data\processed\Mystery mystery\6_seg005.wav,Mystery mystery
data\processed\Mystery mystery\245_seg006.wav,Mystery mystery
data\processed\noise\Pnoepyga_pusilla__22__seg001.wav,noise
data\processed\Mystery mystery\5_seg019.wav,Mystery mystery
data\processed\Dicrurus andamanensis\7_seg001.wav,Dicrurus andamanensis
data\processed\Cyornis poliogenys\16_seg005.wav,Cyornis poliogenys
data\processed\Stachyridopsis ambigua\10_seg008.wav,Stachyridopsis ambigua
data\processed\Pnoepyga pusilla\2_seg002.wav,Pnoepyga pusilla
data\processed\Mystery mystery\85_seg002.wav,Mystery mystery
data\processed\Pomatorhinus ruficollis\24_seg050.wav,Pomatorhinus ruficollis
data\processed\Cyornis unicolor\25_seg023.wav,Cyornis unicolor
data\processed\Dicaeum cruentatum\3_seg006.wav,Dicaeum cruentatum
data\processed\Mystery mystery\19_seg018.wav,Mystery mystery
data\processed\Pellorneum ruficeps\67_seg000.wav,Pellorneum ruficeps
data\processed\Mystery mystery\315_seg006.wav,Mystery mystery
data\processed\Mystery mystery\200_seg000.wav,Mystery mystery
data\processed\Aethopyga gouldiae\3_seg005.wav,Aethopyga gouldiae
data\processed\Acridotheres fuscus\12_seg000.wav,Acridotheres fuscus
data\processed\Chloropsis\14_seg102.wav,Chloropsis
data\processed\Pellorneum ruficeps\1_seg000.wav,Pellorneum ruficeps
data\processed\Pomatorhinus ruficollis\24_seg027.wav,Pomatorhinus ruficollis
data\processed\Lanius tephronotus\5_seg009.wav,Lanius tephronotus
data\processed\Mystery mystery\256_seg030.wav,Mystery mystery
data\processed\Mystery mystery\410_seg040.wav,Mystery mystery
data\processed\Sphenocichla humei\5_seg001.wav,Sphenocichla humei
data\processed\noise\Sturnia_malabarica__16__seg005.wav,noise
data\processed\Loriculus vernalis\8_seg011.wav,Loriculus vernalis
data\processed\Aethopyga gouldiae\2_seg005.wav,Aethopyga gouldiae
data\processed\Cyornis unicolor\11_seg024.wav,Cyornis unicolor
data\processed\Cuculus micropterus\36_seg003.wav,Cuculus micropterus
data\processed\Mystery mystery\127_seg017.wav,Mystery mystery
data\processed\Cyornis unicolor\4_seg026.wav,Cyornis unicolor
data\processed\Mystery mystery\50_seg000.wav,Mystery mystery
data\processed\Chloropsis jerdoni\1_seg008.wav,Chloropsis jerdoni
data\processed\Arborophila torqueola\12_seg021.wav,Arborophila torqueola
data\processed\Chelidorhynx hypoxanthus\15_seg008.wav,Chelidorhynx hypoxanthus
data\processed\Mystery mystery\362_seg007.wav,Mystery mystery
data\processed\Argya longirostris\11_seg001.wav,Argya longirostris
data\processed\Mystery mystery\91_seg004.wav,Mystery mystery
data\processed\Mystery mystery\443_seg003.wav,Mystery mystery
data\processed\Mystery mystery\325_seg023.wav,Mystery mystery
data\processed\Polyplectron bicalcaratum\6_seg019.wav,Polyplectron bicalcaratum
data\processed\Mystery mystery\17_seg001.wav,Mystery mystery
data\processed\Cyornis poliogenys\10_seg017.wav,Cyornis poliogenys
data\processed\Liocichla phoenicea\21_seg002.wav,Liocichla phoenicea
data\processed\Mystery mystery\106_seg000.wav,Mystery mystery
data\processed\Chloropsis\14_seg053.wav,Chloropsis
data\processed\Phylloscopus forresti\6_seg002.wav,Phylloscopus forresti
data\processed\Mystery mystery\263_seg003.wav,Mystery mystery
data\processed\Mystery mystery\325_seg043.wav,Mystery mystery
data\processed\Alcippe cinerea\17_seg014.wav,Alcippe cinerea
data\processed\Mystery mystery\376_seg006.wav,Mystery mystery
data\processed\Glaucidium cuculoides\8_seg002.wav,Glaucidium cuculoides
data\processed\Alcippe cinerea\1_seg007.wav,Alcippe cinerea
data\processed\Mystery mystery\9_seg004.wav,Mystery mystery
data\processed\Loriculus vernalis\18_seg007.wav,Loriculus vernalis
data\processed\noise\Psittacula_eupatria__5__seg016.wav,noise
data\processed\Mystery mystery\297_seg002.wav,Mystery mystery
data\processed\Aethopyga gouldiae\4_seg002.wav,Aethopyga gouldiae
data\processed\Mystery mystery\310_seg000.wav,Mystery mystery
data\processed\Mystery mystery\389_seg007.wav,Mystery mystery
data\processed\Pellorneum ruficeps\79_seg004.wav,Pellorneum ruficeps
data\processed\Mystery mystery\19_seg076.wav,Mystery mystery
data\processed\Mystery mystery\187_seg002.wav,Mystery mystery
data\processed\Arborophila torqueola\28_seg028.wav,Arborophila torqueola
data\processed\Mystery mystery\413_seg010.wav,Mystery mystery
data\processed\Cyornis unicolor\27_seg010.wav,Cyornis unicolor
data\processed\noise\Spelaeornis_oatesi__5__seg017.wav,noise
data\processed\Mystery mystery\241_seg002.wav,Mystery mystery
data\processed\Chloropsis\9_seg010.wav,Chloropsis
data\processed\Cyornis poliogenys\11_seg005.wav,Cyornis poliogenys
data\processed\Pomatorhinus ruficollis\16_seg015.wav,Pomatorhinus ruficollis
data\processed\Mystery mystery\34_seg017.wav,Mystery mystery
data\processed\Pellorneum ruficeps\87_seg014.wav,Pellorneum ruficeps
data\processed\Mystery mystery\115_seg031.wav,Mystery mystery
data\processed\Mystery mystery\33_seg000.wav,Mystery mystery
data\processed\Halcyon coromanda\6_seg004.wav,Halcyon coromanda
data\processed\Argya longirostris\11_seg010.wav,Argya longirostris
data\processed\Psittacula eupatria\6_seg003.wav,Psittacula eupatria
data\processed\Alcippe cinerea\9_seg000.wav,Alcippe cinerea
data\processed\noise\Pellorneum_ruficeps__78__seg010.wav,noise
data\processed\Riparia chinensis\3_seg001.wav,Riparia chinensis
data\processed\Glaucidium cuculoides\41_seg000.wav,Glaucidium cuculoides
data\processed\Psittacula eupatria\22_seg004.wav,Psittacula eupatria
data\processed\Dicaeum cruentatum\1_seg012.wav,Dicaeum cruentatum
data\processed\noise\Mystery_mystery__124__seg026.wav,noise
data\processed\Psilopogon lineatus\5_seg006.wav,Psilopogon lineatus
data\processed\noise\Mystery_mystery__300__seg057.wav,noise
data\processed\Mystery mystery\371_seg004.wav,Mystery mystery
data\processed\Motacilla citreola\12_seg000.wav,Motacilla citreola
data\processed\noise\Mystery_mystery__73__seg000.wav,noise
data\processed\Liocichla phoenicea\9_seg003.wav,Liocichla phoenicea
data\processed\Pomatorhinus ruficollis\9_seg004.wav,Pomatorhinus ruficollis
data\processed\Cyornis poliogenys\14_seg000.wav,Cyornis poliogenys
data\processed\Mystery mystery\248_seg009.wav,Mystery mystery
data\processed\Mystery mystery\340_seg000.wav,Mystery mystery
data\processed\Alcippe cinerea\18_seg013.wav,Alcippe cinerea
data\processed\noise\Cuculus_micropterus__35__seg021.wav,noise
data\processed\Cyornis magnirostris\5_seg010.wav,Cyornis magnirostris
data\processed\Glaucidium cuculoides\31_seg013.wav,Glaucidium cuculoides
data\processed\Mystery mystery\371_seg000.wav,Mystery mystery
data\processed\Arborophila torqueola\3_seg005.wav,Arborophila torqueola
data\processed\noise\Cyornis_poliogenys__23__seg004.wav,noise
data\processed\noise\Chloropsis__1__seg009.wav,noise
data\processed\Mystery mystery\287_seg002.wav,Mystery mystery
data\processed\Pnoepyga pusilla\5_seg007.wav,Pnoepyga pusilla
data\processed\noise\Cyornis_poliogenys__11__seg009.wav,noise
data\processed\Chloropsis jerdoni\10_seg001.wav,Chloropsis jerdoni
data\processed\Pellorneum ruficeps\10_seg003.wav,Pellorneum ruficeps
data\processed\Mystery mystery\184_seg000.wav,Mystery mystery
data\processed\Mystery mystery\310_seg021.wav,Mystery mystery
data\processed\Cyornis unicolor\8_seg011.wav,Cyornis unicolor
data\processed\Mystery mystery\35_seg004.wav,Mystery mystery
data\processed\Centropus andamanensis\6_seg005.wav,Centropus andamanensis
data\processed\Locustella davidi\2_seg005.wav,Locustella davidi
data\processed\Mystery mystery\9_seg041.wav,Mystery mystery
data\processed\noise\Cyornis_magnirostris__5__seg013.wav,noise
data\processed\Mystery mystery\320_seg005.wav,Mystery mystery
data\processed\Pellorneum ruficeps\94_seg006.wav,Pellorneum ruficeps
data\processed\Dicaeum cruentatum\1_seg015.wav,Dicaeum cruentatum
data\processed\Pnoepyga pusilla\17_seg001.wav,Pnoepyga pusilla
data\processed\Liocichla phoenicea\5_seg008.wav,Liocichla phoenicea
data\processed\Arachnothera magna\2_seg004.wav,Arachnothera magna
data\processed\Stachyridopsis ambigua\14_seg000.wav,Stachyridopsis ambigua
data\processed\Macronus gularis\16_seg003.wav,Macronus gularis
data\processed\Acridotheres fuscus\5_seg016.wav,Acridotheres fuscus
data\processed\Mystery mystery\185_seg000.wav,Mystery mystery
data\processed\Psilopogon lineatus\14_seg000.wav,Psilopogon lineatus
data\processed\Cyornis unicolor\7_seg001.wav,Cyornis unicolor
data\processed\Dicaeum minullum\6_seg002.wav,Dicaeum minullum
data\processed\Chelidorhynx hypoxanthus\12_seg015.wav,Chelidorhynx hypoxanthus
data\processed\Glaucidium cuculoides\13_seg000.wav,Glaucidium cuculoides
data\processed\Acridotheres fuscus\8_seg002.wav,Acridotheres fuscus
data\processed\Arborophila torqueola\13_seg003.wav,Arborophila torqueola
data\processed\Pnoepyga pusilla\1_seg000.wav,Pnoepyga pusilla
data\processed\Pnoepyga pusilla\19_seg012.wav,Pnoepyga pusilla
data\processed\Phylloscopus inornatus\7_seg004.wav,Phylloscopus inornatus
data\processed\Mystery mystery\37_seg008.wav,Mystery mystery
data\processed\Macronus gularis\5_seg002.wav,Macronus gularis
data\processed\Mystery mystery\417_seg001.wav,Mystery mystery
data\processed\noise\Arborophila_torqueola__4__seg016.wav,noise
data\processed\Mystery mystery\371_seg002.wav,Mystery mystery
data\processed\Pnoepyga pusilla\22_seg014.wav,Pnoepyga pusilla
data\processed\Sphenocichla humei\11_seg008.wav,Sphenocichla humei
data\processed\Mystery mystery\369_seg004.wav,Mystery mystery
data\processed\Stachyridopsis ambigua\13_seg016.wav,Stachyridopsis ambigua
data\processed\Chelidorhynx hypoxanthus\11_seg002.wav,Chelidorhynx hypoxanthus
data\processed\Mystery mystery\109_seg002.wav,Mystery mystery
data\processed\Polyplectron bicalcaratum\9_seg000.wav,Polyplectron bicalcaratum
data\processed\Alcippe cinerea\2_seg009.wav,Alcippe cinerea
data\processed\Cyornis poliogenys\5_seg012.wav,Cyornis poliogenys
data\processed\Arborophila torqueola\5_seg004.wav,Arborophila torqueola
data\processed\Mystery mystery\386_seg004.wav,Mystery mystery
data\processed\Mystery mystery\300_seg051.wav,Mystery mystery
data\processed\Mystery mystery\311_seg011.wav,Mystery mystery
data\processed\Mystery mystery\293_seg002.wav,Mystery mystery
data\processed\Pellorneum ruficeps\62_seg007.wav,Pellorneum ruficeps
data\processed\Mystery mystery\415_seg010.wav,Mystery mystery
data\processed\noise\Rimator_malacoptilus__20__seg006.wav,noise
data\processed\Cyornis unicolor\17_seg007.wav,Cyornis unicolor
data\processed\Rimator malacoptilus\19_seg001.wav,Rimator malacoptilus
data\processed\noise\Chloropsis__16__seg012.wav,noise
data\processed\noise\Pomatorhinus_ruficollis__33__seg000.wav,noise
data\processed\Cyornis unicolor\1_seg003.wav,Cyornis unicolor
data\processed\Macronus gularis\22_seg005.wav,Macronus gularis
data\processed\noise\Glaucidium_cuculoides__8__seg007.wav,noise
data\processed\Macronus gularis\21_seg026.wav,Macronus gularis
data\processed\Mystery mystery\336_seg071.wav,Mystery mystery
data\processed\Mystery mystery\296_seg011.wav,Mystery mystery
data\processed\Pellorneum ruficeps\49_seg005.wav,Pellorneum ruficeps
data\processed\Mystery mystery\365_seg010.wav,Mystery mystery
data\processed\Mystery mystery\127_seg044.wav,Mystery mystery
data\processed\Psittacula eupatria\25_seg001.wav,Psittacula eupatria
data\processed\Cuculus micropterus\43_seg008.wav,Cuculus micropterus
data\processed\Paradoxornis guttaticollis\1_seg012.wav,Paradoxornis guttaticollis
data\processed\Sturnia malabarica\12_seg000.wav,Sturnia malabarica
data\processed\noise\Chloropsis__14__seg107.wav,noise
data\processed\Mystery mystery\16_seg017.wav,Mystery mystery
data\processed\Pomatorhinus ruficollis\4_seg006.wav,Pomatorhinus ruficollis
data\processed\Dicaeum minullum\1_seg007.wav,Dicaeum minullum
data\processed\Liocichla phoenicea\8_seg001.wav,Liocichla phoenicea
data\processed\Sphenocichla humei\6_seg014.wav,Sphenocichla humei
data\processed\Mystery mystery\360_seg020.wav,Mystery mystery
data\processed\Arborophila torqueola\1_seg005.wav,Arborophila torqueola
data\processed\Cyornis unicolor\23_seg012.wav,Cyornis unicolor
data\processed\Phylloscopus inornatus\8_seg013.wav,Phylloscopus inornatus
data\processed\Glaucidium cuculoides\31_seg014.wav,Glaucidium cuculoides
data\processed\Acridotheres fuscus\1_seg005.wav,Acridotheres fuscus
data\processed\Mystery mystery\343_seg011.wav,Mystery mystery
data\processed\Loriculus vernalis\27_seg027.wav,Loriculus vernalis
data\processed\Arborophila torqueola\1_seg002.wav,Arborophila torqueola
data\processed\Mystery mystery\301_seg017.wav,Mystery mystery
data\processed\Phylloscopus forresti\2_seg006.wav,Phylloscopus forresti
data\processed\Mystery mystery\103_seg002.wav,Mystery mystery
data\processed\Arborophila torqueola\24_seg014.wav,Arborophila torqueola
data\processed\Mystery mystery\267_seg012.wav,Mystery mystery
data\processed\Pomatorhinus ruficollis\37_seg006.wav,Pomatorhinus ruficollis
data\processed\Loriculus vernalis\25_seg010.wav,Loriculus vernalis
data\processed\Glaucidium cuculoides\2_seg003.wav,Glaucidium cuculoides
data\processed\Cyornis poliogenys\12_seg002.wav,Cyornis poliogenys
data\processed\noise\Pellorneum_ruficeps__74__seg039.wav,noise
data\processed\Cuculus micropterus\56_seg008.wav,Cuculus micropterus
data\processed\Psittacula eupatria\8_seg018.wav,Psittacula eupatria
data\processed\Cuculus micropterus\62_seg000.wav,Cuculus micropterus
data\processed\Mystery mystery\431_seg020.wav,Mystery mystery
data\processed\Mystery mystery\17_seg000.wav,Mystery mystery
data\processed\Mystery mystery\325_seg028.wav,Mystery mystery
data\processed\Mystery mystery\117_seg006.wav,Mystery mystery
data\processed\Mystery mystery\40_seg000.wav,Mystery mystery
data\processed\Pomatorhinus ruficollis\21_seg003.wav,Pomatorhinus ruficollis
data\processed\Pellorneum ruficeps\68_seg009.wav,Pellorneum ruficeps
data\processed\Argya longirostris\1_seg005.wav,Argya longirostris
data\processed\Cyornis unicolor\11_seg006.wav,Cyornis unicolor
data\processed\Rimator malacoptilus\7_seg004.wav,Rimator malacoptilus
data\processed\Arborophila torqueola\8_seg006.wav,Arborophila torqueola
data\processed\Mystery mystery\284_seg007.wav,Mystery mystery
data\processed\Mystery mystery\325_seg025.wav,Mystery mystery
data\processed\Chloropsis\14_seg037.wav,Chloropsis
data\processed\Cuculus micropterus\56_seg006.wav,Cuculus micropterus
data\processed\Mystery mystery\240_seg025.wav,Mystery mystery
data\processed\Pnoepyga pusilla\21_seg008.wav,Pnoepyga pusilla
data\processed\Psittacula eupatria\21_seg001.wav,Psittacula eupatria
data\processed\Mystery mystery\322_seg004.wav,Mystery mystery
data\processed\Arborophila torqueola\9_seg010.wav,Arborophila torqueola
data\processed\Motacilla citreola\18_seg003.wav,Motacilla citreola
data\processed\Mystery mystery\238_seg005.wav,Mystery mystery
data\processed\noise\Argya_longirostris__7__seg017.wav,noise
data\processed\Dicrurus andamanensis\12_seg002.wav,Dicrurus andamanensis
data\processed\Pomatorhinus ruficollis\3_seg005.wav,Pomatorhinus ruficollis
data\processed\Mystery mystery\428_seg042.wav,Mystery mystery
data\processed\Mystery mystery\300_seg050.wav,Mystery mystery
data\processed\Pellorneum ruficeps\56_seg000.wav,Pellorneum ruficeps
data\processed\Pellorneum ruficeps\102_seg014.wav,Pellorneum ruficeps
data\processed\Mystery mystery\284_seg005.wav,Mystery mystery
data\processed\Pellorneum ruficeps\91_seg004.wav,Pellorneum ruficeps
data\processed\Mystery mystery\16_seg039.wav,Mystery mystery
data\processed\Psilopogon lineatus\19_seg006.wav,Psilopogon lineatus
data\processed\Dicaeum cruentatum\1_seg001.wav,Dicaeum cruentatum
data\processed\Mystery mystery\376_seg014.wav,Mystery mystery
data\processed\Pellorneum ruficeps\32_seg043.wav,Pellorneum ruficeps
data\processed\Mystery mystery\373_seg080.wav,Mystery mystery
data\processed\Pnoepyga pusilla\18_seg002.wav,Pnoepyga pusilla
data\processed\Cyornis poliogenys\13_seg004.wav,Cyornis poliogenys
data\processed\Phylloscopus forresti\5_seg009.wav,Phylloscopus forresti
data\processed\Dicrurus andamanensis\13_seg001.wav,Dicrurus andamanensis
data\processed\Acridotheres fuscus\7_seg005.wav,Acridotheres fuscus
data\processed\Sturnia malabarica\16_seg013.wav,Sturnia malabarica
data\processed\Psittacula eupatria\4_seg002.wav,Psittacula eupatria
data\processed\Mystery mystery\35_seg025.wav,Mystery mystery
data\processed\Mystery mystery\416_seg000.wav,Mystery mystery
data\processed\Alcippe cinerea\10_seg016.wav,Alcippe cinerea
data\processed\Pellorneum ruficeps\19_seg002.wav,Pellorneum ruficeps
data\processed\Arborophila torqueola\23_seg007.wav,Arborophila torqueola
data\processed\Mystery mystery\56_seg015.wav,Mystery mystery
data\processed\Mystery mystery\223_seg017.wav,Mystery mystery
data\processed\Mystery mystery\234_seg004.wav,Mystery mystery
data\processed\Pnoepyga pusilla\16_seg000.wav,Pnoepyga pusilla
data\processed\Pellorneum ruficeps\75_seg013.wav,Pellorneum ruficeps
data\processed\Todiramphus chloris\4_seg005.wav,Todiramphus chloris
data\processed\Mystery mystery\19_seg009.wav,Mystery mystery
data\processed\Pomatorhinus ruficollis\32_seg011.wav,Pomatorhinus ruficollis
data\processed\Pellorneum ruficeps\85_seg004.wav,Pellorneum ruficeps
data\processed\Cyornis unicolor\15_seg012.wav,Cyornis unicolor
data\processed\Chelidorhynx hypoxanthus\11_seg010.wav,Chelidorhynx hypoxanthus
data\processed\Cyornis concretus\1_seg000.wav,Cyornis concretus
data\processed\Mystery mystery\370_seg010.wav,Mystery mystery
data\processed\Cuculus micropterus\61_seg002.wav,Cuculus micropterus
data\processed\Mystery mystery\35_seg005.wav,Mystery mystery
data\processed\Mystery mystery\409_seg015.wav,Mystery mystery
data\processed\Pomatorhinus ruficollis\25_seg004.wav,Pomatorhinus ruficollis
data\processed\Glaucidium cuculoides\30_seg021.wav,Glaucidium cuculoides
data\processed\Alcippe cinerea\3_seg001.wav,Alcippe cinerea
data\processed\noise\Centropus_andamanensis__1__seg002.wav,noise
data\processed\Mystery mystery\208_seg001.wav,Mystery mystery
data\processed\Dicrurus andamanensis\19_seg005.wav,Dicrurus andamanensis
data\processed\Phylloscopus forresti\3_seg004.wav,Phylloscopus forresti
data\processed\Pellorneum ruficeps\23_seg023.wav,Pellorneum ruficeps
data\processed\Pomatorhinus ruficollis\39_seg003.wav,Pomatorhinus ruficollis
data\processed\Pellorneum ruficeps\9_seg010.wav,Pellorneum ruficeps
data\processed\noise\Loriculus_vernalis__16__seg001.wav,noise
data\processed\Cyornis unicolor\16_seg025.wav,Cyornis unicolor
data\processed\Mystery mystery\229_seg000.wav,Mystery mystery
data\processed\Mystery mystery\253_seg010.wav,Mystery mystery
data\processed\Cyornis unicolor\19_seg018.wav,Cyornis unicolor
data\processed\noise\Mystery_mystery__250__seg023.wav,noise
data\processed\Riparia chinensis\2_seg002.wav,Riparia chinensis
data\processed\Arborophila torqueola\4_seg004.wav,Arborophila torqueola
data\processed\Mystery mystery\256_seg033.wav,Mystery mystery
data\processed\Mystery mystery\255_seg010.wav,Mystery mystery
data\processed\Pnoepyga pusilla\5_seg016.wav,Pnoepyga pusilla
data\processed\Pellorneum ruficeps\32_seg014.wav,Pellorneum ruficeps
data\processed\Pomatorhinus ruficollis\18_seg004.wav,Pomatorhinus ruficollis
data\processed\Mystery mystery\93_seg014.wav,Mystery mystery
data\processed\Mystery mystery\433_seg024.wav,Mystery mystery
data\processed\Mystery mystery\228_seg008.wav,Mystery mystery
data\processed\noise\Liocichla_phoenicea__2__seg018.wav,noise
data\processed\Mystery mystery\149_seg003.wav,Mystery mystery
data\processed\Mystery mystery\46_seg008.wav,Mystery mystery
data\processed\Pellorneum ruficeps\92_seg000.wav,Pellorneum ruficeps
data\processed\Chloropsis\8_seg000.wav,Chloropsis
data\processed\Pnoepyga pusilla\24_seg004.wav,Pnoepyga pusilla
data\processed\Psilopogon lineatus\20_seg001.wav,Psilopogon lineatus
data\processed\Pellorneum ruficeps\9_seg015.wav,Pellorneum ruficeps
data\processed\Pellorneum ruficeps\5_seg006.wav,Pellorneum ruficeps
data\processed\Loriculus vernalis\27_seg031.wav,Loriculus vernalis
data\processed\Loriculus vernalis\8_seg002.wav,Loriculus vernalis
data\processed\noise\Chloropsis__14__seg114.wav,noise
data\processed\noise\Spelaeornis_oatesi__2__seg004.wav,noise
data\processed\Cyornis unicolor\10_seg032.wav,Cyornis unicolor
data\processed\Chrysococcyx maculatus\1_seg002.wav,Chrysococcyx maculatus
data\processed\noise\Pellorneum_ruficeps__79__seg003.wav,noise
data\processed\noise\Sphenocichla_humei__22__seg000.wav,noise
data\processed\Acridotheres fuscus\4_seg000.wav,Acridotheres fuscus
data\processed\Chelidorhynx hypoxanthus\4_seg010.wav,Chelidorhynx hypoxanthus
data\processed\noise\Mystery_mystery__39__seg031.wav,noise
data\processed\Cyornis unicolor\15_seg009.wav,Cyornis unicolor
data\processed\Loriculus vernalis\17_seg001.wav,Loriculus vernalis
data\processed\Mystery mystery\364_seg002.wav,Mystery mystery
data\processed\Arborophila torqueola\3_seg001.wav,Arborophila torqueola
data\processed\Mystery mystery\364_seg006.wav,Mystery mystery
data\processed\Arborophila torqueola\20_seg008.wav,Arborophila torqueola
data\processed\Mystery mystery\267_seg010.wav,Mystery mystery
data\processed\Mystery mystery\409_seg025.wav,Mystery mystery
data\processed\noise\Glaucidium_cuculoides__8__seg006.wav,noise
data\processed\noise\Spelaeornis_oatesi__5__seg010.wav,noise
data\processed\Alcippe cinerea\16_seg011.wav,Alcippe cinerea
data\processed\noise\Cyornis_poliogenys__21__seg003.wav,noise
data\processed\Chelidorhynx hypoxanthus\9_seg004.wav,Chelidorhynx hypoxanthus
data\processed\Liocichla phoenicea\9_seg001.wav,Liocichla phoenicea
data\processed\Argya longirostris\2_seg001.wav,Argya longirostris
data\processed\Dicrurus andamanensis\11_seg011.wav,Dicrurus andamanensis
data\processed\Mystery mystery\263_seg004.wav,Mystery mystery
data\processed\Rimator malacoptilus\2_seg016.wav,Rimator malacoptilus
data\processed\Pomatorhinus ruficollis\18_seg023.wav,Pomatorhinus ruficollis
data\processed\Mystery mystery\379_seg013.wav,Mystery mystery
data\processed\Mystery mystery\273_seg000.wav,Mystery mystery
data\processed\Centropus andamanensis\5_seg014.wav,Centropus andamanensis
data\processed\Rimator malacoptilus\5_seg018.wav,Rimator malacoptilus
data\processed\Cyornis unicolor\20_seg003.wav,Cyornis unicolor
data\processed\Rimator malacoptilus\18_seg008.wav,Rimator malacoptilus
data\processed\Pellorneum ruficeps\9_seg009.wav,Pellorneum ruficeps
data\processed\noise\Pellorneum_ruficeps__74__seg012.wav,noise
data\processed\Mystery mystery\252_seg000.wav,Mystery mystery
data\processed\Mystery mystery\195_seg000.wav,Mystery mystery
data\processed\Mystery mystery\64_seg000.wav,Mystery mystery
data\processed\Mystery mystery\228_seg001.wav,Mystery mystery
data\processed\Mystery mystery\332_seg008.wav,Mystery mystery
data\processed\Pnoepyga pusilla\29_seg027.wav,Pnoepyga pusilla
data\processed\Mystery mystery\247_seg001.wav,Mystery mystery
data\processed\noise\Chloropsis__2__seg001.wav,noise
data\processed\Loriculus vernalis\9_seg002.wav,Loriculus vernalis
data\processed\Centropus andamanensis\7_seg002.wav,Centropus andamanensis
data\processed\Mystery mystery\293_seg004.wav,Mystery mystery
data\processed\Mystery mystery\373_seg084.wav,Mystery mystery
data\processed\Dicaeum cruentatum\1_seg022.wav,Dicaeum cruentatum
data\processed\Mystery mystery\117_seg007.wav,Mystery mystery
data\processed\Dicrurus andamanensis\12_seg000.wav,Dicrurus andamanensis
data\processed\Mystery mystery\442_seg031.wav,Mystery mystery
data\processed\Pomatorhinus ruficollis\17_seg011.wav,Pomatorhinus ruficollis
data\processed\Psittacula eupatria\27_seg001.wav,Psittacula eupatria
data\processed\Cuculus micropterus\9_seg020.wav,Cuculus micropterus
data\processed\Mystery mystery\431_seg016.wav,Mystery mystery
data\processed\noise\Pellorneum_ruficeps__74__seg037.wav,noise
data\processed\Psittacula eupatria\6_seg007.wav,Psittacula eupatria
data\processed\Mystery mystery\239_seg003.wav,Mystery mystery
data\processed\Argya longirostris\1_seg021.wav,Argya longirostris
data\processed\Pellorneum ruficeps\9_seg013.wav,Pellorneum ruficeps
data\processed\Mystery mystery\240_seg001.wav,Mystery mystery
data\processed\Dicrurus andamanensis\2_seg015.wav,Dicrurus andamanensis
data\processed\Pellorneum ruficeps\75_seg016.wav,Pellorneum ruficeps
data\processed\Chloropsis\14_seg019.wav,Chloropsis
data\processed\Dicrurus andamanensis\13_seg007.wav,Dicrurus andamanensis
data\processed\Iole cacharensis\1_seg001.wav,Iole cacharensis
data\processed\Cyornis unicolor\22_seg005.wav,Cyornis unicolor
data\processed\Pellorneum ruficeps\5_seg008.wav,Pellorneum ruficeps
data\processed\Pnoepyga pusilla\18_seg003.wav,Pnoepyga pusilla
data\processed\Arborophila torqueola\2_seg027.wav,Arborophila torqueola
data\processed\Mystery mystery\19_seg074.wav,Mystery mystery
data\processed\Mystery mystery\194_seg001.wav,Mystery mystery
data\processed\Centropus andamanensis\13_seg003.wav,Centropus andamanensis
data\processed\Arborophila torqueola\12_seg002.wav,Arborophila torqueola
data\processed\noise\Loriculus_vernalis__27__seg006.wav,noise
data\processed\Glaucidium cuculoides\31_seg044.wav,Glaucidium cuculoides
data\processed\Sturnia malabarica\16_seg017.wav,Sturnia malabarica
data\processed\Psilopogon lineatus\11_seg004.wav,Psilopogon lineatus
data\processed\Macronus gularis\22_seg006.wav,Macronus gularis
data\processed\noise\Centropus_andamanensis__1__seg003.wav,noise
data\processed\Chelidorhynx hypoxanthus\13_seg007.wav,Chelidorhynx hypoxanthus
data\processed\Loriculus vernalis\27_seg017.wav,Loriculus vernalis
data\processed\Mystery mystery\303_seg013.wav,Mystery mystery
data\processed\Mystery mystery\360_seg030.wav,Mystery mystery
data\processed\Mystery mystery\384_seg003.wav,Mystery mystery
data\processed\Mystery mystery\115_seg024.wav,Mystery mystery
data\processed\Mystery mystery\323_seg005.wav,Mystery mystery
data\processed\Lanius tephronotus\5_seg018.wav,Lanius tephronotus
data\processed\Cuculus micropterus\43_seg019.wav,Cuculus micropterus
data\processed\Alcippe cinerea\20_seg000.wav,Alcippe cinerea
data\processed\Mystery mystery\382_seg001.wav,Mystery mystery
data\processed\Loriculus vernalis\22_seg003.wav,Loriculus vernalis
data\processed\Rimator malacoptilus\14_seg018.wav,Rimator malacoptilus
data\processed\noise\Mystery_mystery__222__seg008.wav,noise
data\processed\Pnoepyga pusilla\11_seg003.wav,Pnoepyga pusilla
data\processed\Pellorneum ruficeps\64_seg010.wav,Pellorneum ruficeps
data\processed\Mystery mystery\247_seg005.wav,Mystery mystery
data\processed\Cyornis unicolor\11_seg027.wav,Cyornis unicolor
data\processed\Iole cacharensis\6_seg003.wav,Iole cacharensis
data\processed\Mystery mystery\239_seg001.wav,Mystery mystery
data\processed\Loriculus vernalis\28_seg021.wav,Loriculus vernalis
data\processed\Cuculus micropterus\6_seg000.wav,Cuculus micropterus
data\processed\Sphenocichla humei\12_seg004.wav,Sphenocichla humei
data\processed\Pnoepyga pusilla\27_seg001.wav,Pnoepyga pusilla
data\processed\Dicrurus andamanensis\9_seg002.wav,Dicrurus andamanensis
data\processed\Mystery mystery\195_seg006.wav,Mystery mystery
data\processed\Mystery mystery\35_seg015.wav,Mystery mystery
data\processed\Chloropsis jerdoni\6_seg021.wav,Chloropsis jerdoni
data\processed\Cyornis poliogenys\2_seg002.wav,Cyornis poliogenys
data\processed\Pomatorhinus ruficollis\33_seg007.wav,Pomatorhinus ruficollis
data\processed\Dicaeum chrysorrheum\1_seg004.wav,Dicaeum chrysorrheum
data\processed\Cyornis poliogenys\10_seg007.wav,Cyornis poliogenys
data\processed\Cyornis poliogenys\15_seg008.wav,Cyornis poliogenys
data\processed\Mystery mystery\332_seg054.wav,Mystery mystery
data\processed\Todiramphus chloris\19_seg002.wav,Todiramphus chloris
data\processed\Glaucidium cuculoides\31_seg018.wav,Glaucidium cuculoides
data\processed\Mystery mystery\43_seg036.wav,Mystery mystery
data\processed\Mystery mystery\272_seg001.wav,Mystery mystery
data\processed\Sphenocichla humei\21_seg002.wav,Sphenocichla humei
data\processed\noise\Glaucidium_cuculoides__12__seg013.wav,noise
data\processed\noise\Spelaeornis_oatesi__3__seg007.wav,noise
data\processed\noise\Psittacula_eupatria__5__seg013.wav,noise
data\processed\Ixobrychus cinnamomeus\3_seg000.wav,Ixobrychus cinnamomeus
data\processed\Mystery mystery\263_seg002.wav,Mystery mystery
data\processed\Chloropsis\7_seg000.wav,Chloropsis
data\processed\Mystery mystery\15_seg000.wav,Mystery mystery
data\processed\Pomatorhinus ruficollis\16_seg003.wav,Pomatorhinus ruficollis
data\processed\Sphenocichla humei\39_seg007.wav,Sphenocichla humei
data\processed\Pnoepyga pusilla\7_seg014.wav,Pnoepyga pusilla
data\processed\Mystery mystery\363_seg001.wav,Mystery mystery
data\processed\Mystery mystery\422_seg004.wav,Mystery mystery
data\processed\noise\Pellorneum_ruficeps__100__seg009.wav,noise
data\processed\Pomatorhinus ruficollis\21_seg001.wav,Pomatorhinus ruficollis
data\processed\Arachnothera magna\4_seg003.wav,Arachnothera magna
data\processed\Cyornis unicolor\15_seg007.wav,Cyornis unicolor
data\processed\Mystery mystery\345_seg006.wav,Mystery mystery
data\processed\Acridotheres fuscus\11_seg005.wav,Acridotheres fuscus
data\processed\Pnoepyga pusilla\22_seg000.wav,Pnoepyga pusilla
data\processed\Mystery mystery\115_seg008.wav,Mystery mystery
data\processed\Arborophila torqueola\8_seg021.wav,Arborophila torqueola
data\processed\Chloropsis\3_seg003.wav,Chloropsis
data\processed\noise\Rimator_malacoptilus__10__seg002.wav,noise
data\processed\Arachnothera magna\10_seg001.wav,Arachnothera magna
data\processed\Cuculus micropterus\63_seg011.wav,Cuculus micropterus
data\processed\Alcippe cinerea\24_seg014.wav,Alcippe cinerea
data\processed\noise\Mystery_mystery__427__seg001.wav,noise
data\processed\Pellorneum ruficeps\95_seg012.wav,Pellorneum ruficeps
data\processed\Chelidorhynx hypoxanthus\13_seg004.wav,Chelidorhynx hypoxanthus
data\processed\Psilopogon lineatus\7_seg007.wav,Psilopogon lineatus
data\processed\Mystery mystery\414_seg026.wav,Mystery mystery
data\processed\Glaucidium cuculoides\15_seg005.wav,Glaucidium cuculoides
data\processed\Mystery mystery\414_seg049.wav,Mystery mystery
data\processed\Mystery mystery\32_seg003.wav,Mystery mystery
data\processed\Mystery mystery\360_seg004.wav,Mystery mystery
data\processed\Phylloscopus inornatus\4_seg006.wav,Phylloscopus inornatus
data\processed\noise\Chloropsis__1__seg006.wav,noise
data\processed\Spelaeornis oatesi\3_seg008.wav,Spelaeornis oatesi
data\processed\Chloropsis\14_seg059.wav,Chloropsis
data\processed\Psittacula eupatria\6_seg012.wav,Psittacula eupatria
data\processed\Mystery mystery\311_seg008.wav,Mystery mystery
data\processed\Cuculus micropterus\45_seg009.wav,Cuculus micropterus
data\processed\Cyornis magnirostris\6_seg031.wav,Cyornis magnirostris
data\processed\Mystery mystery\325_seg030.wav,Mystery mystery
data\processed\Pomatorhinus ruficollis\24_seg023.wav,Pomatorhinus ruficollis
data\processed\Arachnothera magna\4_seg002.wav,Arachnothera magna
data\processed\Mystery mystery\86_seg005.wav,Mystery mystery
data\processed\Aethopyga gouldiae\6_seg002.wav,Aethopyga gouldiae
data\processed\Dicrurus andamanensis\16_seg001.wav,Dicrurus andamanensis
data\processed\Glaucidium cuculoides\30_seg017.wav,Glaucidium cuculoides
data\processed\Cyornis unicolor\19_seg024.wav,Cyornis unicolor
data\processed\Sturnia malabarica\16_seg006.wav,Sturnia malabarica
data\processed\Loriculus vernalis\18_seg009.wav,Loriculus vernalis
data\processed\Glaucidium cuculoides\14_seg008.wav,Glaucidium cuculoides
data\processed\noise\Cyornis_unicolor__5__seg003.wav,noise
data\processed\Pomatorhinus ruficollis\34_seg003.wav,Pomatorhinus ruficollis
data\processed\Mystery mystery\178_seg001.wav,Mystery mystery
data\processed\Stachyridopsis ambigua\4_seg005.wav,Stachyridopsis ambigua
data\processed\Cyornis unicolor\10_seg036.wav,Cyornis unicolor
data\processed\noise\Spelaeornis_oatesi__3__seg010.wav,noise
data\processed\Liocichla phoenicea\6_seg008.wav,Liocichla phoenicea
data\processed\Sphenocichla humei\29_seg013.wav,Sphenocichla humei
data\processed\Pellorneum ruficeps\26_seg023.wav,Pellorneum ruficeps
data\processed\Mystery mystery\281_seg001.wav,Mystery mystery
data\processed\Macronus gularis\18_seg001.wav,Macronus gularis
data\processed\Macronus gularis\23_seg007.wav,Macronus gularis
data\processed\Cyornis unicolor\4_seg004.wav,Cyornis unicolor
data\processed\Cyornis magnirostris\1_seg002.wav,Cyornis magnirostris
data\processed\noise\Pomatorhinus_ruficollis__11__seg003.wav,noise
data\processed\Cuculus micropterus\24_seg000.wav,Cuculus micropterus
data\processed\Polyplectron bicalcaratum\7_seg000.wav,Polyplectron bicalcaratum
data\processed\Mystery mystery\128_seg017.wav,Mystery mystery
data\processed\Mystery mystery\425_seg005.wav,Mystery mystery
data\processed\Psilopogon lineatus\1_seg008.wav,Psilopogon lineatus
data\processed\noise\Liocichla_phoenicea__1__seg006.wav,noise
data\processed\Mystery mystery\298_seg000.wav,Mystery mystery
data\processed\noise\Mystery_mystery__395__seg002.wav,noise
data\processed\Rimator malacoptilus\8_seg004.wav,Rimator malacoptilus
data\processed\Psittacula eupatria\18_seg003.wav,Psittacula eupatria
data\processed\Mystery mystery\85_seg006.wav,Mystery mystery
data\processed\Mystery mystery\128_seg001.wav,Mystery mystery
data\processed\Polyplectron bicalcaratum\10_seg002.wav,Polyplectron bicalcaratum
data\processed\Mystery mystery\412_seg001.wav,Mystery mystery
data\processed\Mystery mystery\93_seg004.wav,Mystery mystery
data\processed\Glaucidium cuculoides\28_seg000.wav,Glaucidium cuculoides
data\processed\Pellorneum ruficeps\12_seg001.wav,Pellorneum ruficeps
data\processed\Chelidorhynx hypoxanthus\12_seg012.wav,Chelidorhynx hypoxanthus
data\processed\Pellorneum ruficeps\53_seg006.wav,Pellorneum ruficeps
data\processed\Mystery mystery\258_seg025.wav,Mystery mystery
data\processed\Mystery mystery\377_seg022.wav,Mystery mystery
data\processed\Mystery mystery\198_seg001.wav,Mystery mystery
data\processed\Centropus andamanensis\11_seg001.wav,Centropus andamanensis
data\processed\Chloropsis\14_seg042.wav,Chloropsis
data\processed\Cyornis poliogenys\7_seg006.wav,Cyornis poliogenys
data\processed\Mystery mystery\432_seg000.wav,Mystery mystery
data\processed\Mystery mystery\305_seg013.wav,Mystery mystery
data\processed\Psittacula eupatria\11_seg009.wav,Psittacula eupatria
data\processed\Cuculus micropterus\31_seg007.wav,Cuculus micropterus
data\processed\Pomatorhinus ruficollis\11_seg006.wav,Pomatorhinus ruficollis
data\processed\Chloropsis\8_seg001.wav,Chloropsis
data\processed\Mystery mystery\9_seg010.wav,Mystery mystery
data\processed\Glaucidium cuculoides\3_seg003.wav,Glaucidium cuculoides
data\processed\Mystery mystery\1_seg022.wav,Mystery mystery
data\processed\Pellorneum ruficeps\46_seg002.wav,Pellorneum ruficeps
data\processed\noise\Chelidorhynx_hypoxanthus__3__seg006.wav,noise
data\processed\Arborophila torqueola\8_seg012.wav,Arborophila torqueola
data\processed\Pellorneum ruficeps\17_seg026.wav,Pellorneum ruficeps
data\processed\Psittacula eupatria\8_seg023.wav,Psittacula eupatria
data\processed\Macronus gularis\13_seg002.wav,Macronus gularis
data\processed\Chelidorhynx hypoxanthus\3_seg007.wav,Chelidorhynx hypoxanthus
data\processed\Pellorneum ruficeps\40_seg012.wav,Pellorneum ruficeps
data\processed\Mystery mystery\41_seg001.wav,Mystery mystery
data\processed\Mystery mystery\409_seg001.wav,Mystery mystery
data\processed\Riparia chinensis\3_seg000.wav,Riparia chinensis
data\processed\Cyornis unicolor\11_seg003.wav,Cyornis unicolor
data\processed\Glaucidium cuculoides\14_seg002.wav,Glaucidium cuculoides
data\processed\Dicaeum minullum\3_seg002.wav,Dicaeum minullum
data\processed\Dicaeum minullum\2_seg000.wav,Dicaeum minullum
data\processed\Cuculus micropterus\31_seg006.wav,Cuculus micropterus
data\processed\Pomatorhinus ruficollis\1_seg005.wav,Pomatorhinus ruficollis
data\processed\Cyornis unicolor\22_seg007.wav,Cyornis unicolor
data\processed\Cyornis poliogenys\26_seg007.wav,Cyornis poliogenys
data\processed\Chelidorhynx hypoxanthus\10_seg021.wav,Chelidorhynx hypoxanthus
data\processed\Loriculus vernalis\10_seg001.wav,Loriculus vernalis
data\processed\Alcippe cinerea\17_seg012.wav,Alcippe cinerea
data\processed\Mystery mystery\16_seg021.wav,Mystery mystery
data\processed\Mystery mystery\279_seg004.wav,Mystery mystery
data\processed\Chloropsis jerdoni\6_seg002.wav,Chloropsis jerdoni
data\processed\Cuculus micropterus\40_seg004.wav,Cuculus micropterus
data\processed\noise\Dicrurus_andamanensis__7__seg008.wav,noise
data\processed\Mystery mystery\373_seg014.wav,Mystery mystery
data\processed\Cuculus micropterus\43_seg002.wav,Cuculus micropterus
data\processed\noise\Mystery_mystery__373__seg010.wav,noise
data\processed\Phylloscopus subaffinis\1_seg004.wav,Phylloscopus subaffinis
data\processed\Pellorneum ruficeps\9_seg007.wav,Pellorneum ruficeps
data\processed\Dicrurus andamanensis\12_seg001.wav,Dicrurus andamanensis
data\processed\Pellorneum ruficeps\97_seg010.wav,Pellorneum ruficeps
data\processed\Cuculus micropterus\27_seg000.wav,Cuculus micropterus
data\processed\Sturnia malabarica\3_seg006.wav,Sturnia malabarica
data\processed\Mystery mystery\235_seg000.wav,Mystery mystery
data\processed\Mystery mystery\365_seg015.wav,Mystery mystery
data\processed\Argya longirostris\7_seg022.wav,Argya longirostris
data\processed\Arborophila torqueola\12_seg013.wav,Arborophila torqueola
data\processed\Arborophila torqueola\4_seg018.wav,Arborophila torqueola
data\processed\Macronus gularis\17_seg026.wav,Macronus gularis
data\processed\noise\Mystery_mystery__126__seg002.wav,noise
data\processed\noise\Arborophila_torqueola__12__seg003.wav,noise
data\processed\noise\Argya_longirostris__10__seg008.wav,noise
data\processed\Psittacula eupatria\23_seg000.wav,Psittacula eupatria
data\processed\Todiramphus chloris\13_seg018.wav,Todiramphus chloris
data\processed\Loriculus vernalis\27_seg024.wav,Loriculus vernalis
data\processed\noise\Glaucidium_cuculoides__12__seg003.wav,noise
data\processed\Mystery mystery\115_seg026.wav,Mystery mystery
data\processed\Mystery mystery\414_seg007.wav,Mystery mystery
data\processed\Chloropsis jerdoni\2_seg016.wav,Chloropsis jerdoni
data\processed\noise\Arborophila_torqueola__24__seg015.wav,noise
data\processed\Mystery mystery\120_seg009.wav,Mystery mystery
data\processed\Mystery mystery\297_seg027.wav,Mystery mystery
data\processed\noise\Sphenocichla_humei__20__seg005.wav,noise
data\processed\Mystery mystery\25_seg004.wav,Mystery mystery
data\processed\Liocichla phoenicea\1_seg003.wav,Liocichla phoenicea
data\processed\Mystery mystery\423_seg012.wav,Mystery mystery
data\processed\Arborophila torqueola\4_seg014.wav,Arborophila torqueola
data\processed\noise\Loriculus_vernalis__15__seg006.wav,noise
data\processed\Cuculus micropterus\9_seg002.wav,Cuculus micropterus
data\processed\Pellorneum ruficeps\26_seg028.wav,Pellorneum ruficeps
data\processed\Arborophila torqueola\2_seg006.wav,Arborophila torqueola
data\processed\noise\Pellorneum_ruficeps__74__seg068.wav,noise
data\processed\Mystery mystery\314_seg017.wav,Mystery mystery
data\processed\Mystery mystery\373_seg055.wav,Mystery mystery
data\processed\Cyornis magnirostris\6_seg015.wav,Cyornis magnirostris
data\processed\Cuculus micropterus\30_seg009.wav,Cuculus micropterus
data\processed\Polyplectron bicalcaratum\3_seg013.wav,Polyplectron bicalcaratum
data\processed\Arborophila torqueola\32_seg008.wav,Arborophila torqueola
data\processed\Sphenocichla humei\16_seg003.wav,Sphenocichla humei
data\processed\Mystery mystery\428_seg017.wav,Mystery mystery
data\processed\Liocichla phoenicea\5_seg002.wav,Liocichla phoenicea
data\processed\Motacilla citreola\17_seg003.wav,Motacilla citreola
data\processed\noise\Pnoepyga_pusilla__22__seg010.wav,noise
data\processed\Cyornis poliogenys\17_seg010.wav,Cyornis poliogenys
data\processed\Macronus gularis\21_seg003.wav,Macronus gularis
data\processed\Pomatorhinus ruficollis\31_seg007.wav,Pomatorhinus ruficollis
data\processed\Pomatorhinus ruficollis\24_seg033.wav,Pomatorhinus ruficollis
data\processed\Mystery mystery\223_seg020.wav,Mystery mystery
data\processed\Pellorneum ruficeps\29_seg003.wav,Pellorneum ruficeps
data\processed\Pomatorhinus ruficollis\41_seg011.wav,Pomatorhinus ruficollis
data\processed\Mystery mystery\345_seg017.wav,Mystery mystery
data\processed\Mystery mystery\414_seg005.wav,Mystery mystery
data\processed\Mystery mystery\1_seg002.wav,Mystery mystery
data\processed\Mystery mystery\124_seg005.wav,Mystery mystery
data\processed\Pnoepyga pusilla\6_seg002.wav,Pnoepyga pusilla
data\processed\Pellorneum ruficeps\87_seg040.wav,Pellorneum ruficeps
data\processed\Centropus andamanensis\7_seg001.wav,Centropus andamanensis
data\processed\Dicrurus andamanensis\15_seg003.wav,Dicrurus andamanensis
data\processed\Cuculus micropterus\17_seg000.wav,Cuculus micropterus
data\processed\Pomatorhinus ruficollis\18_seg020.wav,Pomatorhinus ruficollis
data\processed\Cyornis poliogenys\10_seg004.wav,Cyornis poliogenys
data\processed\Todiramphus chloris\23_seg007.wav,Todiramphus chloris
data\processed\Mystery mystery\300_seg049.wav,Mystery mystery
data\processed\Mystery mystery\46_seg006.wav,Mystery mystery
data\processed\Psilopogon lineatus\17_seg004.wav,Psilopogon lineatus
data\processed\Mystery mystery\297_seg026.wav,Mystery mystery
data\processed\Pellorneum ruficeps\21_seg001.wav,Pellorneum ruficeps
data\processed\Motacilla citreola\3_seg001.wav,Motacilla citreola
data\processed\Liocichla phoenicea\13_seg036.wav,Liocichla phoenicea
data\processed\Glaucidium cuculoides\3_seg004.wav,Glaucidium cuculoides
data\processed\Mystery mystery\351_seg001.wav,Mystery mystery
data\processed\Macronus gularis\21_seg004.wav,Macronus gularis
data\processed\noise\Alcippe_cinerea__17__seg003.wav,noise
data\processed\Mystery mystery\16_seg037.wav,Mystery mystery
data\processed\Loriculus vernalis\34_seg000.wav,Loriculus vernalis
data\processed\Liocichla phoenicea\19_seg002.wav,Liocichla phoenicea
data\processed\Cyornis magnirostris\6_seg016.wav,Cyornis magnirostris
data\processed\Macronus gularis\6_seg003.wav,Macronus gularis
data\processed\Psilopogon lineatus\12_seg008.wav,Psilopogon lineatus
data\processed\Mystery mystery\43_seg012.wav,Mystery mystery
data\processed\Mystery mystery\364_seg015.wav,Mystery mystery
data\processed\Mystery mystery\312_seg023.wav,Mystery mystery
data\processed\Pnoepyga pusilla\22_seg009.wav,Pnoepyga pusilla
data\processed\Pellorneum ruficeps\91_seg007.wav,Pellorneum ruficeps
data\processed\Glaucidium cuculoides\30_seg000.wav,Glaucidium cuculoides
data\processed\noise\Cypsiurus_balasiensis__6__seg011.wav,noise
data\processed\noise\Mystery_mystery__373__seg045.wav,noise
data\processed\Cyornis poliogenys\13_seg007.wav,Cyornis poliogenys
data\processed\Cyornis unicolor\2_seg000.wav,Cyornis unicolor
data\processed\Pellorneum ruficeps\85_seg005.wav,Pellorneum ruficeps
data\processed\Mystery mystery\439_seg006.wav,Mystery mystery
data\processed\Polyplectron bicalcaratum\10_seg003.wav,Polyplectron bicalcaratum
data\processed\Todiramphus chloris\13_seg015.wav,Todiramphus chloris
data\processed\Iole cacharensis\6_seg010.wav,Iole cacharensis
data\processed\Mystery mystery\336_seg052.wav,Mystery mystery
data\processed\Mystery mystery\301_seg037.wav,Mystery mystery
data\processed\Dicaeum cruentatum\1_seg003.wav,Dicaeum cruentatum
data\processed\Sphenocichla humei\42_seg008.wav,Sphenocichla humei
data\processed\noise\Pellorneum_ruficeps__86__seg023.wav,noise
data\processed\Mystery mystery\71_seg001.wav,Mystery mystery
data\processed\Cuculus micropterus\19_seg011.wav,Cuculus micropterus
data\processed\Cuculus micropterus\6_seg003.wav,Cuculus micropterus
data\processed\Dicrurus andamanensis\17_seg001.wav,Dicrurus andamanensis
data\processed\Pellorneum ruficeps\40_seg013.wav,Pellorneum ruficeps
data\processed\Dicrurus andamanensis\11_seg017.wav,Dicrurus andamanensis
data\processed\Mystery mystery\377_seg024.wav,Mystery mystery
data\processed\Mystery mystery\343_seg027.wav,Mystery mystery
data\processed\Mystery mystery\163_seg006.wav,Mystery mystery
data\processed\Pellorneum ruficeps\61_seg003.wav,Pellorneum ruficeps
data\processed\Stachyridopsis ambigua\9_seg000.wav,Stachyridopsis ambigua
data\processed\noise\Mystery_mystery__34__seg003.wav,noise
data\processed\Mystery mystery\217_seg010.wav,Mystery mystery
data\processed\Centropus andamanensis\10_seg004.wav,Centropus andamanensis
data\processed\Pellorneum ruficeps\87_seg028.wav,Pellorneum ruficeps
data\processed\Mystery mystery\442_seg034.wav,Mystery mystery
data\processed\Mystery mystery\15_seg002.wav,Mystery mystery
data\processed\Mystery mystery\312_seg018.wav,Mystery mystery
data\processed\Pellorneum ruficeps\73_seg014.wav,Pellorneum ruficeps
data\processed\Spelaeornis oatesi\3_seg014.wav,Spelaeornis oatesi
data\processed\Mystery mystery\338_seg008.wav,Mystery mystery
data\processed\Chelidorhynx hypoxanthus\6_seg000.wav,Chelidorhynx hypoxanthus
data\processed\Pellorneum ruficeps\32_seg036.wav,Pellorneum ruficeps
data\processed\Pellorneum ruficeps\15_seg008.wav,Pellorneum ruficeps
data\processed\Psittacula eupatria\3_seg002.wav,Psittacula eupatria
data\processed\Mystery mystery\110_seg009.wav,Mystery mystery
data\processed\Mystery mystery\321_seg002.wav,Mystery mystery
data\processed\Mystery mystery\345_seg010.wav,Mystery mystery
data\processed\Cyornis magnirostris\1_seg016.wav,Cyornis magnirostris
data\processed\Mystery mystery\267_seg022.wav,Mystery mystery
data\processed\Motacilla citreola\7_seg000.wav,Motacilla citreola
data\processed\Sphenocichla humei\1_seg008.wav,Sphenocichla humei
data\processed\Pellorneum ruficeps\85_seg003.wav,Pellorneum ruficeps
data\processed\Mystery mystery\269_seg011.wav,Mystery mystery
data\processed\Cyornis poliogenys\7_seg009.wav,Cyornis poliogenys
data\processed\Arborophila torqueola\24_seg012.wav,Arborophila torqueola
data\processed\Cyornis unicolor\10_seg042.wav,Cyornis unicolor
data\processed\Centropus andamanensis\15_seg008.wav,Centropus andamanensis
data\processed\Dicrurus andamanensis\2_seg010.wav,Dicrurus andamanensis
data\processed\Pnoepyga pusilla\23_seg007.wav,Pnoepyga pusilla
data\processed\Mystery mystery\163_seg003.wav,Mystery mystery
data\processed\Iole cacharensis\6_seg005.wav,Iole cacharensis
data\processed\Mystery mystery\116_seg003.wav,Mystery mystery
data\processed\Polyplectron bicalcaratum\7_seg010.wav,Polyplectron bicalcaratum
data\processed\Loriculus vernalis\28_seg018.wav,Loriculus vernalis
data\processed\Todiramphus chloris\19_seg007.wav,Todiramphus chloris
data\processed\Pellorneum ruficeps\67_seg009.wav,Pellorneum ruficeps
data\processed\Alcippe cinerea\16_seg004.wav,Alcippe cinerea
data\processed\Dicaeum cruentatum\1_seg016.wav,Dicaeum cruentatum
data\processed\Mystery mystery\261_seg014.wav,Mystery mystery
data\processed\Mystery mystery\162_seg007.wav,Mystery mystery
data\processed\Cuculus micropterus\8_seg054.wav,Cuculus micropterus
data\processed\Psilopogon lineatus\13_seg000.wav,Psilopogon lineatus
data\processed\Cuculus micropterus\44_seg006.wav,Cuculus micropterus
data\processed\Mystery mystery\115_seg025.wav,Mystery mystery
data\processed\noise\Sphenocichla_humei__12__seg008.wav,noise
data\processed\Cyornis poliogenys\1_seg008.wav,Cyornis poliogenys
data\processed\Chloropsis jerdoni\1_seg019.wav,Chloropsis jerdoni
data\processed\Pellorneum ruficeps\54_seg010.wav,Pellorneum ruficeps
data\processed\Mystery mystery\97_seg001.wav,Mystery mystery
data\processed\Mystery mystery\410_seg000.wav,Mystery mystery
data\processed\Pellorneum ruficeps\17_seg014.wav,Pellorneum ruficeps
data\processed\Pnoepyga pusilla\7_seg003.wav,Pnoepyga pusilla
data\processed\noise\Sphenocichla_humei__26__seg004.wav,noise
data\processed\Sphenocichla humei\6_seg005.wav,Sphenocichla humei
data\processed\Mystery mystery\350_seg003.wav,Mystery mystery
data\processed\Mystery mystery\240_seg005.wav,Mystery mystery
data\processed\noise\Pellorneum_ruficeps__74__seg055.wav,noise
data\processed\Phylloscopus forresti\5_seg014.wav,Phylloscopus forresti
data\processed\Cuculus micropterus\9_seg018.wav,Cuculus micropterus
data\processed\Mystery mystery\365_seg007.wav,Mystery mystery
data\processed\Macronus gularis\12_seg002.wav,Macronus gularis
data\processed\Mystery mystery\332_seg051.wav,Mystery mystery
data\processed\Cyornis unicolor\11_seg018.wav,Cyornis unicolor
data\processed\Arborophila torqueola\20_seg001.wav,Arborophila torqueola
data\processed\Mystery mystery\243_seg006.wav,Mystery mystery
data\processed\Mystery mystery\364_seg007.wav,Mystery mystery
data\processed\Chloropsis jerdoni\10_seg006.wav,Chloropsis jerdoni
data\processed\Pellorneum ruficeps\7_seg005.wav,Pellorneum ruficeps
data\processed\Arborophila torqueola\18_seg005.wav,Arborophila torqueola
data\processed\noise\Phylloscopus_forresti__5__seg011.wav,noise
data\processed\Alcippe cinerea\10_seg021.wav,Alcippe cinerea
data\processed\Mystery mystery\304_seg021.wav,Mystery mystery
data\processed\Dicrurus andamanensis\12_seg006.wav,Dicrurus andamanensis
data\processed\Mystery mystery\410_seg034.wav,Mystery mystery
data\processed\Cypsiurus balasiensis\4_seg005.wav,Cypsiurus balasiensis
data\processed\Loriculus vernalis\1_seg005.wav,Loriculus vernalis
data\processed\Glaucidium cuculoides\30_seg001.wav,Glaucidium cuculoides
data\processed\Chelidorhynx hypoxanthus\1_seg011.wav,Chelidorhynx hypoxanthus
data\processed\Mystery mystery\43_seg050.wav,Mystery mystery
data\processed\Psittacula eupatria\5_seg003.wav,Psittacula eupatria
data\processed\Mystery mystery\414_seg030.wav,Mystery mystery
data\processed\Glaucidium cuculoides\29_seg006.wav,Glaucidium cuculoides
data\processed\Pomatorhinus ruficollis\37_seg003.wav,Pomatorhinus ruficollis
data\processed\Cuculus micropterus\43_seg001.wav,Cuculus micropterus
data\processed\Pellorneum ruficeps\89_seg000.wav,Pellorneum ruficeps
data\processed\Mystery mystery\296_seg002.wav,Mystery mystery
data\processed\noise\Pellorneum_ruficeps__75__seg002.wav,noise
data\processed\Mystery mystery\442_seg008.wav,Mystery mystery
data\processed\Mystery mystery\412_seg015.wav,Mystery mystery
data\processed\Arborophila torqueola\10_seg011.wav,Arborophila torqueola
data\processed\Mystery mystery\112_seg005.wav,Mystery mystery
data\processed\Mystery mystery\7_seg013.wav,Mystery mystery
data\processed\Arborophila torqueola\4_seg020.wav,Arborophila torqueola
data\processed\Mystery mystery\231_seg012.wav,Mystery mystery
data\processed\Pellorneum ruficeps\15_seg010.wav,Pellorneum ruficeps
data\processed\Cyornis concretus\3_seg000.wav,Cyornis concretus
data\processed\Pnoepyga pusilla\3_seg003.wav,Pnoepyga pusilla
data\processed\Cyornis unicolor\10_seg014.wav,Cyornis unicolor
data\processed\Mystery mystery\350_seg001.wav,Mystery mystery
data\processed\Acridotheres fuscus\8_seg006.wav,Acridotheres fuscus
data\processed\Phylloscopus inornatus\3_seg003.wav,Phylloscopus inornatus
data\processed\Mystery mystery\432_seg002.wav,Mystery mystery
data\processed\Pellorneum ruficeps\32_seg029.wav,Pellorneum ruficeps
data\processed\Pellorneum ruficeps\40_seg008.wav,Pellorneum ruficeps
data\processed\Glaucidium cuculoides\14_seg000.wav,Glaucidium cuculoides
data\processed\Pomatorhinus ruficollis\27_seg015.wav,Pomatorhinus ruficollis
data\processed\Alcippe cinerea\2_seg007.wav,Alcippe cinerea
data\processed\Cyornis unicolor\5_seg015.wav,Cyornis unicolor
data\processed\Mystery mystery\412_seg008.wav,Mystery mystery
data\processed\Pnoepyga pusilla\20_seg007.wav,Pnoepyga pusilla
data\processed\Mystery mystery\249_seg004.wav,Mystery mystery
data\processed\Chloropsis\14_seg009.wav,Chloropsis
data\processed\Chelidorhynx hypoxanthus\15_seg007.wav,Chelidorhynx hypoxanthus
data\processed\Chloropsis jerdoni\1_seg016.wav,Chloropsis jerdoni
data\processed\Sturnia malabarica\6_seg000.wav,Sturnia malabarica
data\processed\Todiramphus chloris\1_seg007.wav,Todiramphus chloris
data\processed\Pellorneum ruficeps\101_seg004.wav,Pellorneum ruficeps
data\processed\Pellorneum ruficeps\86_seg000.wav,Pellorneum ruficeps
data\processed\noise\Mystery_mystery__267__seg020.wav,noise
data\processed\Cuculus micropterus\63_seg001.wav,Cuculus micropterus
data\processed\Mystery mystery\342_seg006.wav,Mystery mystery
data\processed\Cuculus micropterus\66_seg013.wav,Cuculus micropterus
data\processed\Macronus gularis\19_seg000.wav,Macronus gularis
data\processed\Loriculus vernalis\20_seg004.wav,Loriculus vernalis
data\processed\Psittacula eupatria\28_seg015.wav,Psittacula eupatria
data\processed\Iole cacharensis\3_seg006.wav,Iole cacharensis
data\processed\Mystery mystery\373_seg082.wav,Mystery mystery
data\processed\Chelidorhynx hypoxanthus\8_seg005.wav,Chelidorhynx hypoxanthus
data\processed\Mystery mystery\362_seg009.wav,Mystery mystery
data\processed\Pellorneum ruficeps\54_seg009.wav,Pellorneum ruficeps
data\processed\Cyornis poliogenys\10_seg006.wav,Cyornis poliogenys
data\processed\Mystery mystery\42_seg003.wav,Mystery mystery
data\processed\noise\Pellorneum_ruficeps__86__seg049.wav,noise
data\processed\Cyornis magnirostris\6_seg023.wav,Cyornis magnirostris
data\processed\Mystery mystery\110_seg039.wav,Mystery mystery
data\processed\Mystery mystery\105_seg003.wav,Mystery mystery
data\processed\Mystery mystery\328_seg005.wav,Mystery mystery
data\processed\Cyornis unicolor\15_seg017.wav,Cyornis unicolor
data\processed\Arborophila torqueola\6_seg023.wav,Arborophila torqueola
data\processed\Argya longirostris\6_seg003.wav,Argya longirostris
data\processed\Mystery mystery\110_seg032.wav,Mystery mystery
data\processed\Pellorneum ruficeps\14_seg003.wav,Pellorneum ruficeps
data\processed\Dicrurus andamanensis\9_seg000.wav,Dicrurus andamanensis
data\processed\Macronus gularis\6_seg005.wav,Macronus gularis
data\processed\Spelaeornis oatesi\2_seg005.wav,Spelaeornis oatesi
data\processed\Mystery mystery\112_seg008.wav,Mystery mystery
data\processed\Mystery mystery\11_seg017.wav,Mystery mystery
data\processed\noise\Mystery_mystery__38__seg014.wav,noise
data\processed\noise\Sphenocichla_humei__7__seg002.wav,noise
data\processed\Arborophila torqueola\25_seg009.wav,Arborophila torqueola
data\processed\Mystery mystery\16_seg008.wav,Mystery mystery
data\processed\Mystery mystery\415_seg014.wav,Mystery mystery
data\processed\Mystery mystery\115_seg000.wav,Mystery mystery
data\processed\Argya longirostris\2_seg000.wav,Argya longirostris
data\processed\Mystery mystery\351_seg002.wav,Mystery mystery
data\processed\Locustella davidi\1_seg007.wav,Locustella davidi
data\processed\Pellorneum ruficeps\17_seg002.wav,Pellorneum ruficeps
data\processed\Pomatorhinus ruficollis\24_seg032.wav,Pomatorhinus ruficollis
data\processed\Dicaeum cruentatum\6_seg001.wav,Dicaeum cruentatum
data\processed\Mystery mystery\120_seg012.wav,Mystery mystery
data\processed\noise\Mystery_mystery__38__seg001.wav,noise
data\processed\noise\Cyornis_unicolor__23__seg003.wav,noise
data\processed\Alcippe cinerea\24_seg007.wav,Alcippe cinerea
data\processed\Pomatorhinus ruficollis\37_seg008.wav,Pomatorhinus ruficollis
data\processed\Mystery mystery\336_seg083.wav,Mystery mystery
data\processed\Glaucidium cuculoides\29_seg012.wav,Glaucidium cuculoides
data\processed\Pellorneum ruficeps\95_seg010.wav,Pellorneum ruficeps
data\processed\Mystery mystery\255_seg007.wav,Mystery mystery
data\processed\Mystery mystery\253_seg004.wav,Mystery mystery
data\processed\Argya longirostris\7_seg000.wav,Argya longirostris
data\processed\Mystery mystery\223_seg018.wav,Mystery mystery
data\processed\Todiramphus chloris\1_seg006.wav,Todiramphus chloris
data\processed\Loriculus vernalis\18_seg012.wav,Loriculus vernalis
data\processed\Arborophila torqueola\16_seg005.wav,Arborophila torqueola
data\processed\noise\Mystery_mystery__234__seg014.wav,noise
data\processed\Sphenocichla humei\19_seg004.wav,Sphenocichla humei
data\processed\Loriculus vernalis\5_seg000.wav,Loriculus vernalis
data\processed\Mystery mystery\35_seg022.wav,Mystery mystery
data\processed\Mystery mystery\341_seg000.wav,Mystery mystery
data\processed\Sturnia malabarica\14_seg000.wav,Sturnia malabarica
data\processed\Mystery mystery\378_seg001.wav,Mystery mystery
data\processed\Loriculus vernalis\18_seg006.wav,Loriculus vernalis
data\processed\Mystery mystery\360_seg031.wav,Mystery mystery
data\processed\Alcippe cinerea\15_seg011.wav,Alcippe cinerea
data\processed\Arborophila torqueola\31_seg020.wav,Arborophila torqueola
data\processed\Loriculus vernalis\5_seg004.wav,Loriculus vernalis
data\processed\Argya longirostris\2_seg008.wav,Argya longirostris
data\processed\Cyornis poliogenys\7_seg001.wav,Cyornis poliogenys
data\processed\noise\Arborophila_torqueola__21__seg005.wav,noise
data\processed\Mystery mystery\222_seg011.wav,Mystery mystery
data\processed\Cuculus micropterus\1_seg003.wav,Cuculus micropterus
data\processed\Mystery mystery\43_seg032.wav,Mystery mystery
data\processed\Psittacula eupatria\25_seg008.wav,Psittacula eupatria
data\processed\Pellorneum ruficeps\95_seg007.wav,Pellorneum ruficeps
data\processed\Lanius tephronotus\4_seg006.wav,Lanius tephronotus
data\processed\Psilopogon lineatus\9_seg001.wav,Psilopogon lineatus
data\processed\noise\Centropus_andamanensis__1__seg012.wav,noise
data\processed\Locustella davidi\6_seg003.wav,Locustella davidi
data\processed\Todiramphus chloris\19_seg003.wav,Todiramphus chloris
data\processed\Mystery mystery\395_seg008.wav,Mystery mystery
data\processed\Mystery mystery\269_seg010.wav,Mystery mystery
data\processed\Mystery mystery\251_seg005.wav,Mystery mystery
data\processed\Cuculus micropterus\9_seg005.wav,Cuculus micropterus
data\processed\Pellorneum ruficeps\33_seg001.wav,Pellorneum ruficeps
data\processed\Cuculus micropterus\8_seg056.wav,Cuculus micropterus
data\processed\Pnoepyga pusilla\6_seg006.wav,Pnoepyga pusilla
data\processed\Paradoxornis guttaticollis\1_seg003.wav,Paradoxornis guttaticollis
data\processed\noise\Mystery_mystery__127__seg050.wav,noise
data\processed\Sturnia malabarica\4_seg005.wav,Sturnia malabarica
data\processed\Cuculus micropterus\46_seg006.wav,Cuculus micropterus
data\processed\Liocichla phoenicea\23_seg009.wav,Liocichla phoenicea
data\processed\Mystery mystery\11_seg018.wav,Mystery mystery
data\processed\Mystery mystery\380_seg002.wav,Mystery mystery
data\processed\noise\Cyornis_poliogenys__23__seg010.wav,noise
data\processed\Pomatorhinus ruficollis\18_seg006.wav,Pomatorhinus ruficollis
data\processed\Pellorneum ruficeps\39_seg007.wav,Pellorneum ruficeps
data\processed\Alcippe cinerea\8_seg002.wav,Alcippe cinerea
data\processed\Phylloscopus forresti\5_seg002.wav,Phylloscopus forresti
data\processed\Mystery mystery\426_seg014.wav,Mystery mystery
data\processed\Cyornis poliogenys\24_seg007.wav,Cyornis poliogenys
data\processed\Mystery mystery\341_seg010.wav,Mystery mystery
data\processed\Cuculus micropterus\8_seg055.wav,Cuculus micropterus
data\processed\Mystery mystery\360_seg026.wav,Mystery mystery
data\processed\Arborophila torqueola\33_seg000.wav,Arborophila torqueola
data\processed\Alcippe cinerea\23_seg013.wav,Alcippe cinerea
data\processed\Mystery mystery\377_seg010.wav,Mystery mystery
data\processed\Mystery mystery\322_seg019.wav,Mystery mystery
data\processed\Pomatorhinus ruficollis\32_seg004.wav,Pomatorhinus ruficollis
data\processed\noise\Pellorneum_ruficeps__74__seg046.wav,noise
data\processed\Sturnia malabarica\5_seg004.wav,Sturnia malabarica
data\processed\Mystery mystery\20_seg003.wav,Mystery mystery
data\processed\Mystery mystery\296_seg012.wav,Mystery mystery
data\processed\Mystery mystery\385_seg006.wav,Mystery mystery
data\processed\Todiramphus chloris\1_seg008.wav,Todiramphus chloris
data\processed\Loriculus vernalis\10_seg017.wav,Loriculus vernalis
data\processed\Cuculus micropterus\16_seg001.wav,Cuculus micropterus
data\processed\Polyplectron bicalcaratum\11_seg004.wav,Polyplectron bicalcaratum
data\processed\Mystery mystery\325_seg022.wav,Mystery mystery
data\processed\Mystery mystery\278_seg000.wav,Mystery mystery
data\processed\noise\Pellorneum_ruficeps__73__seg006.wav,noise
data\processed\Chelidorhynx hypoxanthus\10_seg008.wav,Chelidorhynx hypoxanthus
data\processed\Mystery mystery\255_seg001.wav,Mystery mystery
data\processed\Mystery mystery\336_seg021.wav,Mystery mystery
data\processed\Pomatorhinus ruficollis\14_seg004.wav,Pomatorhinus ruficollis
data\processed\noise\Psittacula_eupatria__3__seg003.wav,noise
data\processed\Glaucidium cuculoides\31_seg021.wav,Glaucidium cuculoides
data\processed\noise\Motacilla_citreola__13__seg006.wav,noise
data\processed\Pellorneum ruficeps\5_seg009.wav,Pellorneum ruficeps
data\processed\Mystery mystery\305_seg007.wav,Mystery mystery
data\processed\Psilopogon lineatus\11_seg000.wav,Psilopogon lineatus
data\processed\noise\Mystery_mystery__268__seg004.wav,noise
data\processed\Pnoepyga pusilla\10_seg001.wav,Pnoepyga pusilla
data\processed\Mystery mystery\18_seg003.wav,Mystery mystery
data\processed\Mystery mystery\88_seg000.wav,Mystery mystery
data\processed\Cuculus micropterus\8_seg013.wav,Cuculus micropterus
data\processed\noise\Rimator_malacoptilus__13__seg013.wav,noise
data\processed\Sphenocichla humei\11_seg007.wav,Sphenocichla humei
data\processed\Mystery mystery\374_seg020.wav,Mystery mystery
data\processed\Mystery mystery\115_seg018.wav,Mystery mystery
data\processed\Cuculus micropterus\52_seg000.wav,Cuculus micropterus
data\processed\Mystery mystery\267_seg004.wav,Mystery mystery
data\processed\Mystery mystery\16_seg038.wav,Mystery mystery
data\processed\Cyornis poliogenys\11_seg000.wav,Cyornis poliogenys
data\processed\Pellorneum ruficeps\102_seg009.wav,Pellorneum ruficeps
data\processed\noise\Mystery_mystery__332__seg057.wav,noise
data\processed\Mystery mystery\278_seg003.wav,Mystery mystery
data\processed\Psilopogon lineatus\1_seg003.wav,Psilopogon lineatus
data\processed\Cuculus micropterus\3_seg000.wav,Cuculus micropterus
data\processed\Psittacula eupatria\6_seg001.wav,Psittacula eupatria
data\processed\Liocichla phoenicea\12_seg010.wav,Liocichla phoenicea
data\processed\Pellorneum ruficeps\70_seg005.wav,Pellorneum ruficeps
data\processed\Liocichla phoenicea\17_seg000.wav,Liocichla phoenicea
data\processed\Mystery mystery\110_seg025.wav,Mystery mystery
data\processed\Cuculus micropterus\3_seg008.wav,Cuculus micropterus
data\processed\Mystery mystery\410_seg045.wav,Mystery mystery
data\processed\Macronus gularis\4_seg014.wav,Macronus gularis
data\processed\Stachyridopsis ambigua\7_seg000.wav,Stachyridopsis ambigua
data\processed\Pomatorhinus ruficollis\28_seg007.wav,Pomatorhinus ruficollis
data\processed\Alcippe cinerea\4_seg005.wav,Alcippe cinerea
data\processed\Mystery mystery\374_seg021.wav,Mystery mystery
data\processed\Pellorneum ruficeps\65_seg010.wav,Pellorneum ruficeps
data\processed\Pnoepyga pusilla\12_seg010.wav,Pnoepyga pusilla
data\processed\Mystery mystery\367_seg009.wav,Mystery mystery
data\processed\Liocichla phoenicea\5_seg010.wav,Liocichla phoenicea
data\processed\Acridotheres fuscus\4_seg006.wav,Acridotheres fuscus
data\processed\Acridotheres fuscus\7_seg010.wav,Acridotheres fuscus
data\processed\Cyornis unicolor\26_seg009.wav,Cyornis unicolor
data\processed\noise\Sphenocichla_humei__36__seg004.wav,noise
data\processed\Mystery mystery\287_seg000.wav,Mystery mystery
data\processed\Chloropsis\16_seg008.wav,Chloropsis
data\processed\Glaucidium cuculoides\29_seg000.wav,Glaucidium cuculoides
data\processed\Alcippe cinerea\7_seg006.wav,Alcippe cinerea
data\processed\Lanius tephronotus\5_seg021.wav,Lanius tephronotus
data\processed\Motacilla citreola\18_seg006.wav,Motacilla citreola
data\processed\Cyornis unicolor\22_seg004.wav,Cyornis unicolor
data\processed\Mystery mystery\256_seg037.wav,Mystery mystery
data\processed\Cyornis unicolor\1_seg001.wav,Cyornis unicolor
data\processed\Eurystomus orientalis\4_seg001.wav,Eurystomus orientalis
data\processed\Loriculus vernalis\10_seg011.wav,Loriculus vernalis
data\processed\Todiramphus chloris\21_seg001.wav,Todiramphus chloris
data\processed\Cyornis unicolor\4_seg012.wav,Cyornis unicolor
data\processed\Mystery mystery\373_seg004.wav,Mystery mystery
data\processed\Pomatorhinus ruficollis\13_seg006.wav,Pomatorhinus ruficollis
data\processed\Cyornis unicolor\27_seg012.wav,Cyornis unicolor
data\processed\Mystery mystery\215_seg000.wav,Mystery mystery
data\processed\Pnoepyga pusilla\23_seg020.wav,Pnoepyga pusilla
data\processed\Mystery mystery\39_seg038.wav,Mystery mystery
data\processed\Loriculus vernalis\19_seg004.wav,Loriculus vernalis
data\processed\Cyornis unicolor\15_seg019.wav,Cyornis unicolor
data\processed\Dicrurus andamanensis\5_seg002.wav,Dicrurus andamanensis
data\processed\noise\Pellorneum_ruficeps__86__seg042.wav,noise
data\processed\Cyornis poliogenys\28_seg004.wav,Cyornis poliogenys
data\processed\Mystery mystery\361_seg002.wav,Mystery mystery
data\processed\Mystery mystery\11_seg025.wav,Mystery mystery
data\processed\Mystery mystery\86_seg004.wav,Mystery mystery
data\processed\Mystery mystery\95_seg005.wav,Mystery mystery
data\processed\noise\Sphenocichla_humei__18__seg002.wav,noise
data\processed\Cyornis poliogenys\11_seg010.wav,Cyornis poliogenys
data\processed\Mystery mystery\25_seg036.wav,Mystery mystery
data\processed\Phylloscopus inornatus\4_seg010.wav,Phylloscopus inornatus
data\processed\Cuculus micropterus\46_seg018.wav,Cuculus micropterus
data\processed\Cyornis unicolor\5_seg000.wav,Cyornis unicolor
data\processed\Mystery mystery\224_seg009.wav,Mystery mystery
data\processed\Chloropsis\14_seg103.wav,Chloropsis
data\processed\Cyornis unicolor\26_seg005.wav,Cyornis unicolor
data\processed\Cyornis magnirostris\7_seg001.wav,Cyornis magnirostris
data\processed\Pomatorhinus ruficollis\31_seg000.wav,Pomatorhinus ruficollis
data\processed\Chloropsis\14_seg071.wav,Chloropsis
data\processed\Mystery mystery\240_seg026.wav,Mystery mystery
data\processed\Pluvialis squatarola\2_seg004.wav,Pluvialis squatarola
data\processed\Pnoepyga pusilla\9_seg001.wav,Pnoepyga pusilla
data\processed\Cyornis concretus\1_seg012.wav,Cyornis concretus
data\processed\noise\Pellorneum_ruficeps__37__seg008.wav,noise
data\processed\Cuculus micropterus\35_seg012.wav,Cuculus micropterus
data\processed\Phylloscopus inornatus\5_seg000.wav,Phylloscopus inornatus
data\processed\Cuculus micropterus\54_seg001.wav,Cuculus micropterus
data\processed\Mystery mystery\247_seg012.wav,Mystery mystery
data\processed\Iole cacharensis\4_seg000.wav,Iole cacharensis
data\processed\Mystery mystery\258_seg020.wav,Mystery mystery
data\processed\noise\Pellorneum_ruficeps__86__seg025.wav,noise
data\processed\Dicrurus andamanensis\7_seg004.wav,Dicrurus andamanensis
data\processed\Chloropsis\11_seg015.wav,Chloropsis
data\processed\Pomatorhinus ruficollis\30_seg013.wav,Pomatorhinus ruficollis
data\processed\Pomatorhinus ruficollis\14_seg001.wav,Pomatorhinus ruficollis
data\processed\Mystery mystery\245_seg003.wav,Mystery mystery
data\processed\Mystery mystery\127_seg031.wav,Mystery mystery
data\processed\Chloropsis\14_seg002.wav,Chloropsis
data\processed\Loriculus vernalis\10_seg014.wav,Loriculus vernalis
data\processed\Pnoepyga pusilla\23_seg023.wav,Pnoepyga pusilla
data\processed\Pellorneum ruficeps\97_seg006.wav,Pellorneum ruficeps
data\processed\Macronus gularis\21_seg000.wav,Macronus gularis
data\processed\noise\Rimator_malacoptilus__17__seg009.wav,noise
data\processed\Mystery mystery\264_seg002.wav,Mystery mystery
data\processed\Mystery mystery\195_seg014.wav,Mystery mystery
data\processed\Dicrurus andamanensis\7_seg000.wav,Dicrurus andamanensis
data\processed\Macronus gularis\1_seg002.wav,Macronus gularis
data\processed\Mystery mystery\410_seg049.wav,Mystery mystery
data\processed\Pellorneum ruficeps\53_seg008.wav,Pellorneum ruficeps
data\processed\Mystery mystery\253_seg002.wav,Mystery mystery
data\processed\noise\Centropus_andamanensis__6__seg015.wav,noise
data\processed\Mystery mystery\433_seg023.wav,Mystery mystery
data\processed\Cuculus micropterus\57_seg006.wav,Cuculus micropterus
data\processed\Mystery mystery\336_seg010.wav,Mystery mystery
data\processed\Pellorneum ruficeps\14_seg007.wav,Pellorneum ruficeps
data\processed\Centropus andamanensis\10_seg010.wav,Centropus andamanensis
data\processed\Chloropsis jerdoni\1_seg010.wav,Chloropsis jerdoni
data\processed\Mystery mystery\46_seg002.wav,Mystery mystery
data\processed\Mystery mystery\297_seg004.wav,Mystery mystery
data\processed\Mystery mystery\361_seg000.wav,Mystery mystery
data\processed\Chloropsis jerdoni\2_seg003.wav,Chloropsis jerdoni
data\processed\noise\Pomatorhinus_ruficollis__7__seg006.wav,noise
data\processed\Mystery mystery\261_seg015.wav,Mystery mystery
data\processed\Cuculus micropterus\58_seg003.wav,Cuculus micropterus
data\processed\Pellorneum ruficeps\80_seg000.wav,Pellorneum ruficeps
data\processed\Paradoxornis guttaticollis\2_seg001.wav,Paradoxornis guttaticollis
data\processed\Cyornis poliogenys\18_seg010.wav,Cyornis poliogenys
data\processed\Mystery mystery\217_seg014.wav,Mystery mystery
data\processed\Sphenocichla humei\11_seg005.wav,Sphenocichla humei
data\processed\Sphenocichla humei\32_seg004.wav,Sphenocichla humei
data\processed\Acridotheres fuscus\8_seg000.wav,Acridotheres fuscus
data\processed\noise\Mystery_mystery__332__seg034.wav,noise
data\processed\Mystery mystery\423_seg019.wav,Mystery mystery
data\processed\Arborophila torqueola\2_seg013.wav,Arborophila torqueola
data\processed\Loriculus vernalis\26_seg005.wav,Loriculus vernalis
data\processed\Mystery mystery\250_seg022.wav,Mystery mystery
data\processed\Mystery mystery\422_seg005.wav,Mystery mystery
data\processed\Mystery mystery\41_seg008.wav,Mystery mystery
data\processed\Pellorneum ruficeps\52_seg001.wav,Pellorneum ruficeps
data\processed\Mystery mystery\385_seg015.wav,Mystery mystery
data\processed\noise\Chelidorhynx_hypoxanthus__3__seg005.wav,noise
data\processed\Mystery mystery\117_seg009.wav,Mystery mystery
data\processed\Pomatorhinus ruficollis\16_seg005.wav,Pomatorhinus ruficollis
data\processed\Liocichla phoenicea\5_seg003.wav,Liocichla phoenicea
data\processed\Mystery mystery\434_seg000.wav,Mystery mystery
data\processed\Mystery mystery\115_seg020.wav,Mystery mystery
data\processed\Pellorneum ruficeps\66_seg004.wav,Pellorneum ruficeps
data\processed\Mystery mystery\120_seg005.wav,Mystery mystery
data\processed\Mystery mystery\115_seg004.wav,Mystery mystery
data\processed\Liocichla phoenicea\10_seg014.wav,Liocichla phoenicea
data\processed\Pomatorhinus ruficollis\1_seg018.wav,Pomatorhinus ruficollis
data\processed\Pellorneum ruficeps\72_seg001.wav,Pellorneum ruficeps
data\processed\Paradoxornis guttaticollis\1_seg004.wav,Paradoxornis guttaticollis
data\processed\noise\Pomatorhinus_ruficollis__29__seg004.wav,noise
data\processed\Liocichla phoenicea\10_seg007.wav,Liocichla phoenicea
data\processed\Pellorneum ruficeps\16_seg041.wav,Pellorneum ruficeps
data\processed\Mystery mystery\269_seg002.wav,Mystery mystery
data\processed\Centropus andamanensis\10_seg006.wav,Centropus andamanensis
data\processed\Mystery mystery\9_seg023.wav,Mystery mystery
data\processed\Cuculus micropterus\48_seg002.wav,Cuculus micropterus
data\processed\Mystery mystery\220_seg000.wav,Mystery mystery
data\processed\Mystery mystery\271_seg002.wav,Mystery mystery
data\processed\Mystery mystery\57_seg000.wav,Mystery mystery
data\processed\Dicrurus andamanensis\2_seg004.wav,Dicrurus andamanensis
data\processed\Lanius tephronotus\5_seg023.wav,Lanius tephronotus
data\processed\Cuculus micropterus\35_seg007.wav,Cuculus micropterus
data\processed\Mystery mystery\363_seg004.wav,Mystery mystery
data\processed\Pomatorhinus ruficollis\24_seg013.wav,Pomatorhinus ruficollis
data\processed\Stachyridopsis ambigua\14_seg004.wav,Stachyridopsis ambigua
data\processed\Pomatorhinus ruficollis\13_seg000.wav,Pomatorhinus ruficollis
data\processed\Pomatorhinus ruficollis\28_seg006.wav,Pomatorhinus ruficollis
data\processed\Liocichla phoenicea\4_seg008.wav,Liocichla phoenicea
data\processed\Arborophila torqueola\7_seg004.wav,Arborophila torqueola
data\processed\Mystery mystery\312_seg005.wav,Mystery mystery
data\processed\Arborophila torqueola\28_seg039.wav,Arborophila torqueola
data\processed\Lanius tephronotus\1_seg000.wav,Lanius tephronotus
data\processed\noise\Mystery_mystery__39__seg030.wav,noise
data\processed\Mystery mystery\377_seg030.wav,Mystery mystery
data\processed\Pellorneum ruficeps\16_seg018.wav,Pellorneum ruficeps
data\processed\Dicaeum minullum\3_seg006.wav,Dicaeum minullum
data\processed\Acridotheres fuscus\8_seg010.wav,Acridotheres fuscus
data\processed\Motacilla citreola\14_seg016.wav,Motacilla citreola
data\processed\Mystery mystery\360_seg029.wav,Mystery mystery
data\processed\Mystery mystery\104_seg000.wav,Mystery mystery
data\processed\Motacilla citreola\7_seg002.wav,Motacilla citreola
data\processed\Mystery mystery\248_seg005.wav,Mystery mystery
data\processed\Mystery mystery\43_seg009.wav,Mystery mystery
data\processed\Dicaeum cruentatum\6_seg005.wav,Dicaeum cruentatum
data\processed\Mystery mystery\285_seg002.wav,Mystery mystery
data\processed\Cuculus micropterus\63_seg004.wav,Cuculus micropterus
data\processed\Psittacula eupatria\8_seg026.wav,Psittacula eupatria
data\processed\Cyornis concretus\2_seg005.wav,Cyornis concretus
data\processed\Cyornis unicolor\18_seg003.wav,Cyornis unicolor
data\processed\Liocichla phoenicea\6_seg015.wav,Liocichla phoenicea
data\processed\Cuculus micropterus\40_seg007.wav,Cuculus micropterus
data\processed\Mystery mystery\437_seg001.wav,Mystery mystery
data\processed\Glaucidium cuculoides\12_seg039.wav,Glaucidium cuculoides
data\processed\Mystery mystery\344_seg006.wav,Mystery mystery
data\processed\Pomatorhinus ruficollis\18_seg028.wav,Pomatorhinus ruficollis
data\processed\Loriculus vernalis\9_seg001.wav,Loriculus vernalis
data\processed\Cyornis unicolor\21_seg007.wav,Cyornis unicolor
data\processed\Pomatorhinus ruficollis\22_seg003.wav,Pomatorhinus ruficollis
data\processed\Mystery mystery\309_seg001.wav,Mystery mystery
data\processed\Loriculus vernalis\29_seg002.wav,Loriculus vernalis
data\processed\Mystery mystery\284_seg002.wav,Mystery mystery
data\processed\Liocichla phoenicea\15_seg002.wav,Liocichla phoenicea
data\processed\Psittacula eupatria\17_seg005.wav,Psittacula eupatria
data\processed\noise\Glaucidium_cuculoides__17__seg003.wav,noise
data\processed\Alcippe cinerea\18_seg014.wav,Alcippe cinerea
data\processed\Mystery mystery\21_seg001.wav,Mystery mystery
data\processed\Glaucidium cuculoides\29_seg024.wav,Glaucidium cuculoides
data\processed\Mystery mystery\18_seg008.wav,Mystery mystery
data\processed\noise\Phylloscopus_forresti__6__seg003.wav,noise
data\processed\noise\Sphenocichla_humei__21__seg000.wav,noise
data\processed\Cuculus micropterus\1_seg004.wav,Cuculus micropterus
data\processed\Mystery mystery\360_seg007.wav,Mystery mystery
data\processed\Mystery mystery\429_seg007.wav,Mystery mystery
data\processed\noise\Arborophila_torqueola__31__seg002.wav,noise
data\processed\Pellorneum ruficeps\100_seg008.wav,Pellorneum ruficeps
data\processed\Cypsiurus balasiensis\7_seg002.wav,Cypsiurus balasiensis
data\processed\Mystery mystery\9_seg011.wav,Mystery mystery
data\processed\Cyornis magnirostris\1_seg018.wav,Cyornis magnirostris
data\processed\Alcippe cinerea\17_seg010.wav,Alcippe cinerea
data\processed\Cyornis unicolor\19_seg003.wav,Cyornis unicolor
data\processed\Mystery mystery\112_seg007.wav,Mystery mystery
data\processed\Mystery mystery\376_seg010.wav,Mystery mystery
data\processed\Sturnia malabarica\8_seg003.wav,Sturnia malabarica
data\processed\Mystery mystery\403_seg000.wav,Mystery mystery
data\processed\Psittacula eupatria\5_seg004.wav,Psittacula eupatria
data\processed\Mystery mystery\83_seg009.wav,Mystery mystery
data\processed\Mystery mystery\325_seg005.wav,Mystery mystery
data\processed\Loriculus vernalis\27_seg033.wav,Loriculus vernalis
data\processed\Todiramphus chloris\4_seg008.wav,Todiramphus chloris
data\processed\Psittacula eupatria\3_seg000.wav,Psittacula eupatria
data\processed\Loriculus vernalis\18_seg011.wav,Loriculus vernalis
data\processed\Mystery mystery\325_seg003.wav,Mystery mystery
data\processed\Mystery mystery\426_seg004.wav,Mystery mystery
data\processed\Sphenocichla humei\32_seg009.wav,Sphenocichla humei
data\processed\Mystery mystery\304_seg020.wav,Mystery mystery
data\processed\Phylloscopus forresti\3_seg014.wav,Phylloscopus forresti
data\processed\Glaucidium cuculoides\31_seg052.wav,Glaucidium cuculoides
data\processed\Glaucidium cuculoides\3_seg002.wav,Glaucidium cuculoides
data\processed\Mystery mystery\16_seg016.wav,Mystery mystery
data\processed\Pellorneum ruficeps\65_seg004.wav,Pellorneum ruficeps
data\processed\Mystery mystery\9_seg022.wav,Mystery mystery
data\processed\noise\Spelaeornis_oatesi__5__seg014.wav,noise
data\processed\Arborophila torqueola\28_seg005.wav,Arborophila torqueola
data\processed\Glaucidium cuculoides\2_seg010.wav,Glaucidium cuculoides
data\processed\Acridotheres fuscus\12_seg007.wav,Acridotheres fuscus
data\processed\Chelidorhynx hypoxanthus\12_seg004.wav,Chelidorhynx hypoxanthus
data\processed\Pnoepyga pusilla\1_seg009.wav,Pnoepyga pusilla
data\processed\Chelidorhynx hypoxanthus\10_seg001.wav,Chelidorhynx hypoxanthus
data\processed\noise\Loriculus_vernalis__25__seg001.wav,noise
data\processed\noise\Pellorneum_ruficeps__74__seg004.wav,noise
data\processed\Psittacula eupatria\26_seg001.wav,Psittacula eupatria
data\processed\Chloropsis jerdoni\13_seg001.wav,Chloropsis jerdoni
data\processed\Todiramphus chloris\8_seg000.wav,Todiramphus chloris
data\processed\Mystery mystery\311_seg018.wav,Mystery mystery
data\processed\Mystery mystery\120_seg003.wav,Mystery mystery
data\processed\Alcippe cinerea\7_seg008.wav,Alcippe cinerea
data\processed\Mystery mystery\356_seg001.wav,Mystery mystery
data\processed\Macronus gularis\21_seg023.wav,Macronus gularis
data\processed\Mystery mystery\327_seg038.wav,Mystery mystery
data\processed\Mystery mystery\329_seg001.wav,Mystery mystery
data\processed\Mystery mystery\305_seg022.wav,Mystery mystery
data\processed\Todiramphus chloris\14_seg000.wav,Todiramphus chloris
data\processed\Mystery mystery\432_seg001.wav,Mystery mystery
data\processed\Rimator malacoptilus\8_seg006.wav,Rimator malacoptilus
data\processed\Arborophila torqueola\8_seg028.wav,Arborophila torqueola
data\processed\Glaucidium cuculoides\31_seg022.wav,Glaucidium cuculoides
data\processed\noise\Pellorneum_ruficeps__83__seg000.wav,noise
data\processed\Cyornis unicolor\16_seg010.wav,Cyornis unicolor
data\processed\Pellorneum ruficeps\52_seg015.wav,Pellorneum ruficeps
data\processed\Arborophila torqueola\31_seg006.wav,Arborophila torqueola
data\processed\noise\Sphenocichla_humei__20__seg022.wav,noise
data\processed\noise\Locustella_davidi__1__seg006.wav,noise
data\processed\Pellorneum ruficeps\93_seg011.wav,Pellorneum ruficeps
data\processed\Liocichla phoenicea\13_seg022.wav,Liocichla phoenicea
data\processed\Pellorneum ruficeps\32_seg067.wav,Pellorneum ruficeps
data\processed\Arachnothera magna\5_seg000.wav,Arachnothera magna
data\processed\Chloropsis jerdoni\12_seg001.wav,Chloropsis jerdoni
data\processed\Mystery mystery\110_seg033.wav,Mystery mystery
data\processed\Psittacula eupatria\28_seg013.wav,Psittacula eupatria
data\processed\Cuculus micropterus\11_seg008.wav,Cuculus micropterus
data\processed\Pellorneum ruficeps\48_seg001.wav,Pellorneum ruficeps
data\processed\Mystery mystery\20_seg004.wav,Mystery mystery
data\processed\Centropus andamanensis\15_seg012.wav,Centropus andamanensis
data\processed\Stachyridopsis ambigua\10_seg012.wav,Stachyridopsis ambigua
data\processed\Riparia chinensis\6_seg000.wav,Riparia chinensis
data\processed\Mystery mystery\25_seg009.wav,Mystery mystery
data\processed\Mystery mystery\82_seg003.wav,Mystery mystery
data\processed\Mystery mystery\82_seg009.wav,Mystery mystery
data\processed\Cyornis poliogenys\15_seg006.wav,Cyornis poliogenys
data\processed\noise\Mystery_mystery__267__seg021.wav,noise
data\processed\Pellorneum ruficeps\40_seg023.wav,Pellorneum ruficeps
data\processed\Psilopogon lineatus\13_seg008.wav,Psilopogon lineatus
data\processed\Cyornis poliogenys\26_seg002.wav,Cyornis poliogenys
data\processed\noise\Mystery_mystery__395__seg005.wav,noise
data\processed\Pellorneum ruficeps\75_seg003.wav,Pellorneum ruficeps
data\processed\Psilopogon lineatus\6_seg005.wav,Psilopogon lineatus
data\processed\Macronus gularis\16_seg007.wav,Macronus gularis
data\processed\Chelidorhynx hypoxanthus\13_seg002.wav,Chelidorhynx hypoxanthus
data\processed\Mystery mystery\115_seg030.wav,Mystery mystery
data\processed\Mystery mystery\43_seg030.wav,Mystery mystery
data\processed\Macronus gularis\9_seg003.wav,Macronus gularis
data\processed\Liocichla phoenicea\4_seg007.wav,Liocichla phoenicea
data\processed\Mystery mystery\390_seg001.wav,Mystery mystery
data\processed\Mystery mystery\362_seg010.wav,Mystery mystery
data\processed\Pomatorhinus ruficollis\17_seg001.wav,Pomatorhinus ruficollis
data\processed\Glaucidium cuculoides\40_seg000.wav,Glaucidium cuculoides
data\processed\Cyornis poliogenys\26_seg004.wav,Cyornis poliogenys
data\processed\Sphenocichla humei\37_seg003.wav,Sphenocichla humei
data\processed\Loriculus vernalis\29_seg011.wav,Loriculus vernalis
data\processed\Mystery mystery\25_seg045.wav,Mystery mystery
data\processed\Pnoepyga pusilla\1_seg006.wav,Pnoepyga pusilla
data\processed\Rimator malacoptilus\13_seg016.wav,Rimator malacoptilus
data\processed\Pellorneum ruficeps\97_seg008.wav,Pellorneum ruficeps
data\processed\Mystery mystery\359_seg003.wav,Mystery mystery
data\processed\Mystery mystery\43_seg002.wav,Mystery mystery
data\processed\Chloropsis\13_seg001.wav,Chloropsis
data\processed\Mystery mystery\102_seg004.wav,Mystery mystery
data\processed\Mystery mystery\163_seg001.wav,Mystery mystery
data\processed\Arborophila torqueola\22_seg001.wav,Arborophila torqueola
data\processed\Pellorneum ruficeps\41_seg001.wav,Pellorneum ruficeps
data\processed\Cyornis unicolor\11_seg019.wav,Cyornis unicolor
data\processed\Glaucidium cuculoides\31_seg072.wav,Glaucidium cuculoides
data\processed\Mystery mystery\195_seg001.wav,Mystery mystery
data\processed\Loriculus vernalis\16_seg006.wav,Loriculus vernalis
data\processed\Cuculus micropterus\36_seg007.wav,Cuculus micropterus
data\processed\Acridotheres fuscus\4_seg005.wav,Acridotheres fuscus
data\processed\Psilopogon lineatus\9_seg000.wav,Psilopogon lineatus
data\processed\Mystery mystery\93_seg018.wav,Mystery mystery
data\processed\Dicrurus andamanensis\13_seg006.wav,Dicrurus andamanensis
data\processed\Glaucidium cuculoides\40_seg002.wav,Glaucidium cuculoides
data\processed\Chelidorhynx hypoxanthus\15_seg003.wav,Chelidorhynx hypoxanthus
data\processed\Mystery mystery\258_seg029.wav,Mystery mystery
data\processed\Pellorneum ruficeps\75_seg025.wav,Pellorneum ruficeps
data\processed\noise\Sphenocichla_humei__20__seg006.wav,noise
data\processed\Polyplectron bicalcaratum\7_seg012.wav,Polyplectron bicalcaratum
data\processed\noise\Sturnia_malabarica__16__seg015.wav,noise
data\processed\Glaucidium cuculoides\31_seg023.wav,Glaucidium cuculoides
data\processed\Cyornis poliogenys\17_seg009.wav,Cyornis poliogenys
data\processed\Mystery mystery\163_seg008.wav,Mystery mystery
data\processed\Sphenocichla humei\38_seg009.wav,Sphenocichla humei
data\processed\Mystery mystery\431_seg008.wav,Mystery mystery
data\processed\Mystery mystery\325_seg061.wav,Mystery mystery
data\processed\Mystery mystery\324_seg007.wav,Mystery mystery
data\processed\Cyornis magnirostris\6_seg009.wav,Cyornis magnirostris
data\processed\Cuculus micropterus\60_seg008.wav,Cuculus micropterus
data\processed\Chloropsis\14_seg062.wav,Chloropsis
data\processed\Mystery mystery\340_seg004.wav,Mystery mystery
data\processed\Mystery mystery\401_seg001.wav,Mystery mystery
data\processed\Cuculus micropterus\8_seg043.wav,Cuculus micropterus
data\processed\Psilopogon lineatus\13_seg015.wav,Psilopogon lineatus
data\processed\noise\Mystery_mystery__332__seg058.wav,noise
data\processed\Acridotheres fuscus\10_seg002.wav,Acridotheres fuscus
data\processed\Mystery mystery\325_seg053.wav,Mystery mystery
data\processed\Mystery mystery\431_seg000.wav,Mystery mystery
data\processed\Mystery mystery\240_seg024.wav,Mystery mystery
data\processed\Alcippe cinerea\24_seg008.wav,Alcippe cinerea
data\processed\Mystery mystery\299_seg002.wav,Mystery mystery
data\processed\Pellorneum ruficeps\81_seg001.wav,Pellorneum ruficeps
data\processed\Centropus andamanensis\15_seg019.wav,Centropus andamanensis
data\processed\Mystery mystery\128_seg008.wav,Mystery mystery
data\processed\Mystery mystery\325_seg047.wav,Mystery mystery
data\processed\Cyornis magnirostris\8_seg015.wav,Cyornis magnirostris
data\processed\Mystery mystery\304_seg006.wav,Mystery mystery
data\processed\Mystery mystery\198_seg002.wav,Mystery mystery
data\processed\Arborophila torqueola\31_seg007.wav,Arborophila torqueola
data\processed\Sphenocichla humei\12_seg015.wav,Sphenocichla humei
data\processed\Arborophila torqueola\13_seg022.wav,Arborophila torqueola
data\processed\Pellorneum ruficeps\50_seg005.wav,Pellorneum ruficeps
data\processed\Chloropsis jerdoni\6_seg005.wav,Chloropsis jerdoni
data\processed\Cyornis unicolor\16_seg022.wav,Cyornis unicolor
data\processed\Pomatorhinus ruficollis\40_seg002.wav,Pomatorhinus ruficollis
data\processed\Mystery mystery\246_seg008.wav,Mystery mystery
data\processed\Mystery mystery\312_seg011.wav,Mystery mystery
data\processed\Acridotheres fuscus\5_seg011.wav,Acridotheres fuscus
data\processed\Mystery mystery\30_seg000.wav,Mystery mystery
data\processed\Acridotheres fuscus\12_seg006.wav,Acridotheres fuscus
data\processed\Mystery mystery\256_seg012.wav,Mystery mystery
data\processed\Psittacula eupatria\10_seg000.wav,Psittacula eupatria
data\processed\Pnoepyga pusilla\11_seg009.wav,Pnoepyga pusilla
data\processed\Mystery mystery\11_seg011.wav,Mystery mystery
data\processed\Cyornis unicolor\16_seg016.wav,Cyornis unicolor
data\processed\Glaucidium cuculoides\31_seg083.wav,Glaucidium cuculoides
data\processed\Sphenocichla humei\7_seg003.wav,Sphenocichla humei
data\processed\Mystery mystery\86_seg006.wav,Mystery mystery
data\processed\noise\Arborophila_torqueola__32__seg011.wav,noise
data\processed\Mystery mystery\395_seg011.wav,Mystery mystery
data\processed\Arachnothera magna\8_seg006.wav,Arachnothera magna
data\processed\Mystery mystery\304_seg004.wav,Mystery mystery
data\processed\noise\Sphenocichla_humei__30__seg001.wav,noise
data\processed\Pnoepyga pusilla\25_seg008.wav,Pnoepyga pusilla
data\processed\Cyornis magnirostris\8_seg005.wav,Cyornis magnirostris
data\processed\Chloropsis jerdoni\4_seg004.wav,Chloropsis jerdoni
data\processed\noise\Mystery_mystery__127__seg059.wav,noise
data\processed\Mystery mystery\311_seg005.wav,Mystery mystery
data\processed\Cypsiurus balasiensis\7_seg021.wav,Cypsiurus balasiensis
data\processed\Polyplectron bicalcaratum\5_seg007.wav,Polyplectron bicalcaratum
data\processed\Pomatorhinus ruficollis\30_seg002.wav,Pomatorhinus ruficollis
data\processed\Mystery mystery\110_seg017.wav,Mystery mystery
data\processed\noise\Mystery_mystery__223__seg000.wav,noise
data\processed\Liocichla phoenicea\19_seg004.wav,Liocichla phoenicea
data\processed\Cyornis unicolor\11_seg021.wav,Cyornis unicolor
data\processed\Mystery mystery\426_seg012.wav,Mystery mystery
data\processed\Pluvialis squatarola\3_seg001.wav,Pluvialis squatarola
data\processed\Mystery mystery\386_seg008.wav,Mystery mystery
data\processed\Dicrurus andamanensis\12_seg007.wav,Dicrurus andamanensis
data\processed\Cuculus micropterus\66_seg012.wav,Cuculus micropterus
data\processed\Mystery mystery\19_seg060.wav,Mystery mystery
data\processed\Centropus andamanensis\14_seg000.wav,Centropus andamanensis
data\processed\Glaucidium cuculoides\39_seg008.wav,Glaucidium cuculoides
data\processed\Mystery mystery\257_seg007.wav,Mystery mystery
data\processed\Cyornis unicolor\27_seg008.wav,Cyornis unicolor
data\processed\Phylloscopus forresti\4_seg005.wav,Phylloscopus forresti
data\processed\Liocichla phoenicea\10_seg012.wav,Liocichla phoenicea
data\processed\Cyornis unicolor\25_seg000.wav,Cyornis unicolor
data\processed\Cyornis unicolor\15_seg023.wav,Cyornis unicolor
data\processed\Pellorneum ruficeps\42_seg003.wav,Pellorneum ruficeps
data\processed\Mystery mystery\173_seg001.wav,Mystery mystery
data\processed\Mystery mystery\93_seg007.wav,Mystery mystery
data\processed\Cuculus micropterus\10_seg000.wav,Cuculus micropterus
data\processed\Ixobrychus cinnamomeus\3_seg001.wav,Ixobrychus cinnamomeus
data\processed\Arborophila torqueola\13_seg016.wav,Arborophila torqueola
data\processed\Cuculus micropterus\4_seg007.wav,Cuculus micropterus
data\processed\Loriculus vernalis\21_seg000.wav,Loriculus vernalis
data\processed\Cyornis poliogenys\2_seg000.wav,Cyornis poliogenys
data\processed\Cyornis poliogenys\1_seg014.wav,Cyornis poliogenys
data\processed\Pellorneum ruficeps\90_seg000.wav,Pellorneum ruficeps
data\processed\Pomatorhinus ruficollis\30_seg010.wav,Pomatorhinus ruficollis
data\processed\Cuculus micropterus\27_seg013.wav,Cuculus micropterus
data\processed\Chelidorhynx hypoxanthus\9_seg016.wav,Chelidorhynx hypoxanthus
data\processed\Liocichla phoenicea\7_seg000.wav,Liocichla phoenicea
data\processed\noise\Glaucidium_cuculoides__25__seg006.wav,noise
data\processed\Sphenocichla humei\16_seg007.wav,Sphenocichla humei
data\processed\Cuculus micropterus\8_seg005.wav,Cuculus micropterus
data\processed\Mystery mystery\368_seg011.wav,Mystery mystery
data\processed\Pnoepyga pusilla\20_seg002.wav,Pnoepyga pusilla
data\processed\Chloropsis\18_seg001.wav,Chloropsis
data\processed\Mystery mystery\296_seg009.wav,Mystery mystery
data\processed\Mystery mystery\336_seg004.wav,Mystery mystery
data\processed\Pellorneum ruficeps\101_seg002.wav,Pellorneum ruficeps
data\processed\Arborophila torqueola\12_seg001.wav,Arborophila torqueola
data\processed\Acridotheres fuscus\1_seg000.wav,Acridotheres fuscus
data\processed\Mystery mystery\11_seg027.wav,Mystery mystery
data\processed\Mystery mystery\18_seg010.wav,Mystery mystery
data\processed\Dicrurus andamanensis\18_seg010.wav,Dicrurus andamanensis
data\processed\noise\Polyplectron_bicalcaratum__4__seg005.wav,noise
data\processed\Mystery mystery\327_seg024.wav,Mystery mystery
data\processed\Pellorneum ruficeps\54_seg004.wav,Pellorneum ruficeps
data\processed\Mystery mystery\116_seg021.wav,Mystery mystery
data\processed\Cyornis unicolor\19_seg019.wav,Cyornis unicolor
data\processed\Mystery mystery\297_seg019.wav,Mystery mystery
data\processed\Pellorneum ruficeps\74_seg058.wav,Pellorneum ruficeps
data\processed\Mystery mystery\56_seg007.wav,Mystery mystery
data\processed\Mystery mystery\377_seg049.wav,Mystery mystery
data\processed\noise\Cyornis_poliogenys__16__seg001.wav,noise
data\processed\Pellorneum ruficeps\81_seg002.wav,Pellorneum ruficeps
data\processed\Loriculus vernalis\11_seg002.wav,Loriculus vernalis
data\processed\Mystery mystery\127_seg024.wav,Mystery mystery
data\processed\Mystery mystery\248_seg002.wav,Mystery mystery
data\processed\Psilopogon lineatus\1_seg005.wav,Psilopogon lineatus
data\processed\Pomatorhinus ruficollis\12_seg001.wav,Pomatorhinus ruficollis
data\processed\noise\Motacilla_citreola__14__seg015.wav,noise
data\processed\Acridotheres fuscus\7_seg001.wav,Acridotheres fuscus
data\processed\Cuculus micropterus\60_seg019.wav,Cuculus micropterus
data\processed\Motacilla citreola\10_seg001.wav,Motacilla citreola
data\processed\Chelidorhynx hypoxanthus\15_seg016.wav,Chelidorhynx hypoxanthus
data\processed\Cuculus micropterus\4_seg005.wav,Cuculus micropterus
data\processed\Psittacula eupatria\8_seg013.wav,Psittacula eupatria
data\processed\Pellorneum ruficeps\58_seg004.wav,Pellorneum ruficeps
data\processed\Polyplectron bicalcaratum\6_seg012.wav,Polyplectron bicalcaratum
data\processed\Mystery mystery\384_seg011.wav,Mystery mystery
data\processed\Mystery mystery\291_seg004.wav,Mystery mystery
data\processed\noise\Mystery_mystery__39__seg004.wav,noise
data\processed\Mystery mystery\239_seg009.wav,Mystery mystery
data\processed\Mystery mystery\433_seg020.wav,Mystery mystery
data\processed\Sphenocichla humei\27_seg003.wav,Sphenocichla humei
data\processed\Mystery mystery\300_seg055.wav,Mystery mystery
data\processed\Liocichla phoenicea\3_seg011.wav,Liocichla phoenicea
data\processed\noise\Paradoxornis_guttaticollis__2__seg011.wav,noise
data\processed\Psilopogon lineatus\9_seg003.wav,Psilopogon lineatus
data\processed\Cyornis unicolor\14_seg006.wav,Cyornis unicolor
data\processed\Pellorneum ruficeps\8_seg025.wav,Pellorneum ruficeps
data\processed\Phylloscopus forresti\3_seg020.wav,Phylloscopus forresti
data\processed\Chloropsis\14_seg089.wav,Chloropsis
data\processed\noise\Glaucidium_cuculoides__12__seg014.wav,noise
data\processed\Mystery mystery\427_seg004.wav,Mystery mystery
data\processed\noise\Centropus_andamanensis__5__seg005.wav,noise
data\processed\Chelidorhynx hypoxanthus\12_seg011.wav,Chelidorhynx hypoxanthus
data\processed\Mystery mystery\25_seg042.wav,Mystery mystery
data\processed\Psilopogon lineatus\18_seg006.wav,Psilopogon lineatus
data\processed\Loriculus vernalis\8_seg006.wav,Loriculus vernalis
data\processed\Chloropsis\3_seg006.wav,Chloropsis
data\processed\Arborophila torqueola\13_seg036.wav,Arborophila torqueola
data\processed\Mystery mystery\25_seg025.wav,Mystery mystery
data\processed\noise\Psilopogon_lineatus__13__seg016.wav,noise
data\processed\Mystery mystery\428_seg043.wav,Mystery mystery
data\processed\noise\Sphenocichla_humei__20__seg000.wav,noise
data\processed\Mystery mystery\432_seg020.wav,Mystery mystery
data\processed\Chloropsis jerdoni\4_seg006.wav,Chloropsis jerdoni
data\processed\Pellorneum ruficeps\87_seg035.wav,Pellorneum ruficeps
data\processed\Mystery mystery\409_seg005.wav,Mystery mystery
data\processed\Pellorneum ruficeps\16_seg035.wav,Pellorneum ruficeps
data\processed\Todiramphus chloris\13_seg002.wav,Todiramphus chloris
data\processed\Sphenocichla humei\32_seg011.wav,Sphenocichla humei
data\processed\Mystery mystery\9_seg031.wav,Mystery mystery
data\processed\Chloropsis jerdoni\4_seg009.wav,Chloropsis jerdoni
data\processed\Macronus gularis\16_seg001.wav,Macronus gularis
data\processed\Cyornis unicolor\16_seg005.wav,Cyornis unicolor
data\processed\Arborophila torqueola\2_seg014.wav,Arborophila torqueola
data\processed\noise\Mystery_mystery__432__seg022.wav,noise
data\processed\Polyplectron bicalcaratum\6_seg007.wav,Polyplectron bicalcaratum
data\processed\Pomatorhinus ruficollis\4_seg020.wav,Pomatorhinus ruficollis
data\processed\Cyornis poliogenys\26_seg005.wav,Cyornis poliogenys
data\processed\Arborophila torqueola\18_seg001.wav,Arborophila torqueola
data\processed\Pnoepyga pusilla\14_seg006.wav,Pnoepyga pusilla
data\processed\Glaucidium cuculoides\39_seg004.wav,Glaucidium cuculoides
data\processed\noise\Sturnia_malabarica__16__seg009.wav,noise
data\processed\Pellorneum ruficeps\40_seg016.wav,Pellorneum ruficeps
data\processed\Arborophila torqueola\28_seg014.wav,Arborophila torqueola
data\processed\Polyplectron bicalcaratum\7_seg011.wav,Polyplectron bicalcaratum
data\processed\noise\Mystery_mystery__300__seg009.wav,noise
data\processed\Mystery mystery\341_seg002.wav,Mystery mystery
data\processed\Arborophila torqueola\32_seg015.wav,Arborophila torqueola
data\processed\Mystery mystery\9_seg030.wav,Mystery mystery
data\processed\Mystery mystery\18_seg004.wav,Mystery mystery
data\processed\Mystery mystery\109_seg007.wav,Mystery mystery
data\processed\Cuculus micropterus\58_seg000.wav,Cuculus micropterus
data\processed\Pomatorhinus ruficollis\7_seg012.wav,Pomatorhinus ruficollis
data\processed\Dicrurus andamanensis\3_seg003.wav,Dicrurus andamanensis
data\processed\noise\Mystery_mystery__337__seg016.wav,noise
data\processed\Chloropsis\11_seg004.wav,Chloropsis
data\processed\Mystery mystery\377_seg006.wav,Mystery mystery
data\processed\Cyornis unicolor\19_seg026.wav,Cyornis unicolor
data\processed\Halcyon coromanda\4_seg001.wav,Halcyon coromanda
data\processed\Pomatorhinus ruficollis\24_seg043.wav,Pomatorhinus ruficollis
data\processed\noise\Centropus_andamanensis__6__seg007.wav,noise
data\processed\Mystery mystery\237_seg001.wav,Mystery mystery
data\processed\Paradoxornis guttaticollis\3_seg003.wav,Paradoxornis guttaticollis
data\processed\Arborophila torqueola\13_seg018.wav,Arborophila torqueola
data\processed\Arborophila torqueola\28_seg002.wav,Arborophila torqueola
data\processed\Mystery mystery\427_seg000.wav,Mystery mystery
data\processed\noise\Chloropsis_jerdoni__5__seg019.wav,noise
data\processed\Arborophila torqueola\10_seg003.wav,Arborophila torqueola
data\processed\Chloropsis jerdoni\8_seg003.wav,Chloropsis jerdoni
data\processed\Acridotheres fuscus\9_seg000.wav,Acridotheres fuscus
data\processed\Mystery mystery\42_seg004.wav,Mystery mystery
data\processed\Pnoepyga pusilla\29_seg023.wav,Pnoepyga pusilla
data\processed\Dicrurus andamanensis\16_seg005.wav,Dicrurus andamanensis
data\processed\noise\Motacilla_citreola__14__seg018.wav,noise
data\processed\Mystery mystery\327_seg032.wav,Mystery mystery
data\processed\noise\Liocichla_phoenicea__8__seg003.wav,noise
data\processed\Pellorneum ruficeps\18_seg004.wav,Pellorneum ruficeps
data\processed\Cyornis poliogenys\4_seg003.wav,Cyornis poliogenys
data\processed\Pnoepyga pusilla\2_seg007.wav,Pnoepyga pusilla
data\processed\Phylloscopus inornatus\3_seg001.wav,Phylloscopus inornatus
data\processed\Mystery mystery\428_seg009.wav,Mystery mystery
data\processed\noise\Liocichla_phoenicea__5__seg011.wav,noise
data\processed\Mystery mystery\62_seg015.wav,Mystery mystery
data\processed\Cuculus micropterus\25_seg000.wav,Cuculus micropterus
data\processed\Mystery mystery\258_seg010.wav,Mystery mystery
data\processed\Phylloscopus inornatus\3_seg009.wav,Phylloscopus inornatus
data\processed\noise\Mystery_mystery__300__seg056.wav,noise
data\processed\Cyornis poliogenys\10_seg022.wav,Cyornis poliogenys
data\processed\Psilopogon lineatus\2_seg011.wav,Psilopogon lineatus
data\processed\Mystery mystery\343_seg028.wav,Mystery mystery
data\processed\Mystery mystery\423_seg005.wav,Mystery mystery
data\processed\noise\Cyornis_poliogenys__22__seg007.wav,noise
data\processed\Centropus andamanensis\15_seg006.wav,Centropus andamanensis
data\processed\Loriculus vernalis\32_seg000.wav,Loriculus vernalis
data\processed\Glaucidium cuculoides\21_seg016.wav,Glaucidium cuculoides
data\processed\Mystery mystery\300_seg034.wav,Mystery mystery
data\processed\Motacilla citreola\13_seg001.wav,Motacilla citreola
data\processed\Chelidorhynx hypoxanthus\5_seg007.wav,Chelidorhynx hypoxanthus
data\processed\noise\Mystery_mystery__250__seg020.wav,noise
data\processed\Macronus gularis\4_seg005.wav,Macronus gularis
data\processed\Pellorneum ruficeps\70_seg007.wav,Pellorneum ruficeps
data\processed\Sphenocichla humei\4_seg002.wav,Sphenocichla humei
data\processed\Mystery mystery\410_seg028.wav,Mystery mystery
data\processed\Arachnothera magna\1_seg011.wav,Arachnothera magna
data\processed\Pellorneum ruficeps\54_seg005.wav,Pellorneum ruficeps
data\processed\Chloropsis jerdoni\5_seg011.wav,Chloropsis jerdoni
data\processed\Loriculus vernalis\26_seg006.wav,Loriculus vernalis
data\processed\Mystery mystery\274_seg001.wav,Mystery mystery
data\processed\Cyornis unicolor\25_seg005.wav,Cyornis unicolor
data\processed\Cypsiurus balasiensis\7_seg012.wav,Cypsiurus balasiensis
data\processed\Mystery mystery\329_seg004.wav,Mystery mystery
data\processed\Mystery mystery\429_seg001.wav,Mystery mystery
data\processed\Psilopogon lineatus\7_seg004.wav,Psilopogon lineatus
data\processed\Mystery mystery\261_seg010.wav,Mystery mystery
data\processed\Chloropsis\15_seg002.wav,Chloropsis
data\processed\Arborophila torqueola\7_seg001.wav,Arborophila torqueola
data\processed\noise\Cyornis_poliogenys__1__seg017.wav,noise
data\processed\Pellorneum ruficeps\37_seg003.wav,Pellorneum ruficeps
data\processed\Pellorneum ruficeps\8_seg034.wav,Pellorneum ruficeps
data\processed\Mystery mystery\428_seg006.wav,Mystery mystery
data\processed\Todiramphus chloris\19_seg005.wav,Todiramphus chloris
data\processed\Mystery mystery\1_seg009.wav,Mystery mystery
data\processed\Cuculus micropterus\10_seg017.wav,Cuculus micropterus
data\processed\Liocichla phoenicea\13_seg001.wav,Liocichla phoenicea
data\processed\Mystery mystery\355_seg003.wav,Mystery mystery
data\processed\Psilopogon lineatus\3_seg005.wav,Psilopogon lineatus
data\processed\Cyornis unicolor\11_seg001.wav,Cyornis unicolor
data\processed\Pnoepyga pusilla\14_seg000.wav,Pnoepyga pusilla
data\processed\Motacilla citreola\17_seg002.wav,Motacilla citreola
data\processed\Cuculus micropterus\9_seg022.wav,Cuculus micropterus
data\processed\noise\Macronus_gularis__4__seg003.wav,noise
data\processed\Lanius tephronotus\5_seg006.wav,Lanius tephronotus
data\processed\noise\Rimator_malacoptilus__4__seg001.wav,noise
data\processed\Loriculus vernalis\25_seg007.wav,Loriculus vernalis
data\processed\Arborophila torqueola\3_seg011.wav,Arborophila torqueola
data\processed\Mystery mystery\287_seg001.wav,Mystery mystery
data\processed\Pomatorhinus ruficollis\13_seg013.wav,Pomatorhinus ruficollis
data\processed\Todiramphus chloris\13_seg001.wav,Todiramphus chloris
data\processed\Rimator malacoptilus\14_seg016.wav,Rimator malacoptilus
data\processed\Sphenocichla humei\18_seg011.wav,Sphenocichla humei
data\processed\Rimator malacoptilus\14_seg011.wav,Rimator malacoptilus
data\processed\Mystery mystery\439_seg004.wav,Mystery mystery
data\processed\Mystery mystery\258_seg024.wav,Mystery mystery
data\processed\Mystery mystery\371_seg008.wav,Mystery mystery
data\processed\Arborophila torqueola\4_seg005.wav,Arborophila torqueola
data\processed\Psittacula eupatria\28_seg019.wav,Psittacula eupatria
data\processed\Pellorneum ruficeps\52_seg014.wav,Pellorneum ruficeps
data\processed\Argya longirostris\11_seg012.wav,Argya longirostris
data\processed\Pnoepyga pusilla\4_seg004.wav,Pnoepyga pusilla
data\processed\Locustella davidi\3_seg003.wav,Locustella davidi
data\processed\Argya longirostris\7_seg014.wav,Argya longirostris
data\processed\Motacilla citreola\14_seg012.wav,Motacilla citreola
data\processed\Cyornis unicolor\6_seg006.wav,Cyornis unicolor
data\processed\Mystery mystery\257_seg014.wav,Mystery mystery
data\processed\Mystery mystery\127_seg028.wav,Mystery mystery
data\processed\Mystery mystery\123_seg000.wav,Mystery mystery
data\processed\Mystery mystery\433_seg037.wav,Mystery mystery
data\processed\Mystery mystery\433_seg032.wav,Mystery mystery
data\processed\Mystery mystery\11_seg015.wav,Mystery mystery
data\processed\Chloropsis\14_seg083.wav,Chloropsis
data\processed\Cyornis unicolor\5_seg007.wav,Cyornis unicolor
data\processed\Todiramphus chloris\18_seg001.wav,Todiramphus chloris
data\processed\Mystery mystery\425_seg018.wav,Mystery mystery
data\processed\Mystery mystery\433_seg038.wav,Mystery mystery
data\processed\Mystery mystery\296_seg005.wav,Mystery mystery
data\processed\Todiramphus chloris\15_seg002.wav,Todiramphus chloris
data\processed\Pellorneum ruficeps\1_seg004.wav,Pellorneum ruficeps
data\processed\Argya longirostris\2_seg014.wav,Argya longirostris
data\processed\Todiramphus chloris\3_seg005.wav,Todiramphus chloris
data\processed\Pnoepyga pusilla\8_seg005.wav,Pnoepyga pusilla
data\processed\Pomatorhinus ruficollis\17_seg003.wav,Pomatorhinus ruficollis
data\processed\Macronus gularis\17_seg008.wav,Macronus gularis
data\processed\Sphenocichla humei\33_seg000.wav,Sphenocichla humei
data\processed\Ixobrychus cinnamomeus\4_seg003.wav,Ixobrychus cinnamomeus
data\processed\Mystery mystery\82_seg011.wav,Mystery mystery
data\processed\Pnoepyga pusilla\20_seg014.wav,Pnoepyga pusilla
data\processed\Acridotheres fuscus\5_seg001.wav,Acridotheres fuscus
data\processed\Loriculus vernalis\28_seg000.wav,Loriculus vernalis
data\processed\Mystery mystery\35_seg018.wav,Mystery mystery
data\processed\Psittacula eupatria\4_seg003.wav,Psittacula eupatria
data\processed\Mystery mystery\432_seg010.wav,Mystery mystery
data\processed\Todiramphus chloris\4_seg001.wav,Todiramphus chloris
data\processed\Cyornis unicolor\14_seg007.wav,Cyornis unicolor
data\processed\Arborophila torqueola\20_seg006.wav,Arborophila torqueola
data\processed\Glaucidium cuculoides\21_seg000.wav,Glaucidium cuculoides
data\processed\Cyornis poliogenys\26_seg013.wav,Cyornis poliogenys
data\processed\Cyornis magnirostris\6_seg020.wav,Cyornis magnirostris
data\processed\Loriculus vernalis\7_seg000.wav,Loriculus vernalis
data\processed\Mystery mystery\364_seg004.wav,Mystery mystery
data\processed\Spelaeornis oatesi\2_seg003.wav,Spelaeornis oatesi
data\processed\Todiramphus chloris\12_seg000.wav,Todiramphus chloris
data\processed\noise\Chloropsis__15__seg006.wav,noise
data\processed\Mystery mystery\325_seg010.wav,Mystery mystery
data\processed\Mystery mystery\329_seg007.wav,Mystery mystery
data\processed\Alcippe cinerea\9_seg001.wav,Alcippe cinerea
data\processed\Alcippe cinerea\19_seg004.wav,Alcippe cinerea
data\processed\Eurystomus orientalis\3_seg000.wav,Eurystomus orientalis
data\processed\Pellorneum ruficeps\101_seg009.wav,Pellorneum ruficeps
data\processed\Pomatorhinus ruficollis\17_seg005.wav,Pomatorhinus ruficollis
data\processed\Pomatorhinus ruficollis\15_seg000.wav,Pomatorhinus ruficollis
data\processed\Mystery mystery\379_seg004.wav,Mystery mystery
data\processed\Mystery mystery\417_seg002.wav,Mystery mystery
data\processed\Pellorneum ruficeps\69_seg013.wav,Pellorneum ruficeps
data\processed\Mystery mystery\35_seg010.wav,Mystery mystery
data\processed\Mystery mystery\112_seg006.wav,Mystery mystery
data\processed\Mystery mystery\384_seg015.wav,Mystery mystery
data\processed\Pomatorhinus ruficollis\34_seg012.wav,Pomatorhinus ruficollis
data\processed\noise\Arborophila_torqueola__28__seg017.wav,noise
data\processed\noise\Mystery_mystery__38__seg025.wav,noise
data\processed\noise\Mystery_mystery__268__seg016.wav,noise
data\processed\Pnoepyga pusilla\9_seg000.wav,Pnoepyga pusilla
data\processed\Mystery mystery\110_seg010.wav,Mystery mystery
data\processed\Mystery mystery\3_seg000.wav,Mystery mystery
data\processed\Mystery mystery\275_seg001.wav,Mystery mystery
data\processed\Dicaeum chrysorrheum\3_seg000.wav,Dicaeum chrysorrheum
data\processed\Acridotheres fuscus\2_seg002.wav,Acridotheres fuscus
data\processed\Acridotheres fuscus\13_seg002.wav,Acridotheres fuscus
data\processed\Pellorneum ruficeps\13_seg004.wav,Pellorneum ruficeps
data\processed\Arborophila torqueola\2_seg018.wav,Arborophila torqueola
data\processed\Pellorneum ruficeps\32_seg041.wav,Pellorneum ruficeps
data\processed\noise\Sphenocichla_humei__18__seg005.wav,noise
data\processed\Mystery mystery\16_seg007.wav,Mystery mystery
data\processed\Arborophila torqueola\15_seg001.wav,Arborophila torqueola
data\processed\noise\Chloropsis_jerdoni__5__seg008.wav,noise
data\processed\Mystery mystery\336_seg023.wav,Mystery mystery
data\processed\Mystery mystery\54_seg000.wav,Mystery mystery
data\processed\Mystery mystery\75_seg005.wav,Mystery mystery
data\processed\Mystery mystery\7_seg020.wav,Mystery mystery
data\processed\Mystery mystery\390_seg012.wav,Mystery mystery
data\processed\Glaucidium cuculoides\31_seg079.wav,Glaucidium cuculoides
data\processed\Chloropsis\3_seg007.wav,Chloropsis
data\processed\Mystery mystery\336_seg048.wav,Mystery mystery
data\processed\Chloropsis\14_seg060.wav,Chloropsis
data\processed\Mystery mystery\86_seg000.wav,Mystery mystery
data\processed\noise\Mystery_mystery__116__seg018.wav,noise
data\processed\Dicrurus andamanensis\18_seg016.wav,Dicrurus andamanensis
data\processed\Cyornis poliogenys\5_seg011.wav,Cyornis poliogenys
data\processed\Mystery mystery\43_seg011.wav,Mystery mystery
data\processed\Mystery mystery\394_seg002.wav,Mystery mystery
data\processed\Mystery mystery\307_seg007.wav,Mystery mystery
data\processed\Mystery mystery\413_seg000.wav,Mystery mystery
data\processed\Mystery mystery\415_seg011.wav,Mystery mystery
data\processed\Argya longirostris\11_seg003.wav,Argya longirostris
data\processed\Centropus andamanensis\15_seg005.wav,Centropus andamanensis
data\processed\Mystery mystery\56_seg013.wav,Mystery mystery
data\processed\Liocichla phoenicea\11_seg009.wav,Liocichla phoenicea
data\processed\Pnoepyga pusilla\29_seg017.wav,Pnoepyga pusilla
data\processed\Sphenocichla humei\11_seg004.wav,Sphenocichla humei
data\processed\Aethopyga gouldiae\2_seg004.wav,Aethopyga gouldiae
data\processed\Mystery mystery\442_seg027.wav,Mystery mystery
data\processed\Psittacula eupatria\28_seg002.wav,Psittacula eupatria
data\processed\Liocichla phoenicea\17_seg006.wav,Liocichla phoenicea
data\processed\Mystery mystery\94_seg001.wav,Mystery mystery
data\processed\Cuculus micropterus\32_seg005.wav,Cuculus micropterus
data\processed\Centropus andamanensis\16_seg006.wav,Centropus andamanensis
data\processed\noise\Cyornis_poliogenys__11__seg004.wav,noise
data\processed\Mystery mystery\374_seg004.wav,Mystery mystery
data\processed\Cyornis unicolor\19_seg002.wav,Cyornis unicolor
data\processed\Mystery mystery\158_seg000.wav,Mystery mystery
data\processed\Mystery mystery\373_seg072.wav,Mystery mystery
data\processed\Rimator malacoptilus\3_seg004.wav,Rimator malacoptilus
data\processed\Mystery mystery\433_seg022.wav,Mystery mystery
data\processed\Pellorneum ruficeps\26_seg019.wav,Pellorneum ruficeps
data\processed\Stachyridopsis ambigua\6_seg003.wav,Stachyridopsis ambigua
data\processed\Liocichla phoenicea\10_seg004.wav,Liocichla phoenicea
data\processed\Pellorneum ruficeps\32_seg053.wav,Pellorneum ruficeps
data\processed\Mystery mystery\439_seg008.wav,Mystery mystery
data\processed\Alcippe cinerea\11_seg004.wav,Alcippe cinerea
data\processed\Dicrurus andamanensis\16_seg004.wav,Dicrurus andamanensis
data\processed\Sturnia malabarica\16_seg024.wav,Sturnia malabarica
data\processed\Mystery mystery\93_seg017.wav,Mystery mystery
data\processed\Mystery mystery\42_seg005.wav,Mystery mystery
data\processed\Eurystomus orientalis\5_seg002.wav,Eurystomus orientalis
data\processed\Sturnia malabarica\8_seg006.wav,Sturnia malabarica
data\processed\Cyornis unicolor\10_seg015.wav,Cyornis unicolor
data\processed\Mystery mystery\8_seg003.wav,Mystery mystery
data\processed\Mystery mystery\385_seg004.wav,Mystery mystery
data\processed\Sturnia malabarica\10_seg000.wav,Sturnia malabarica
data\processed\Mystery mystery\344_seg003.wav,Mystery mystery
data\processed\Glaucidium cuculoides\31_seg060.wav,Glaucidium cuculoides
data\processed\Chloropsis jerdoni\5_seg010.wav,Chloropsis jerdoni
data\processed\Chloropsis cochinchinensis\1_seg005.wav,Chloropsis cochinchinensis
data\processed\Chelidorhynx hypoxanthus\3_seg001.wav,Chelidorhynx hypoxanthus
data\processed\Pomatorhinus ruficollis\4_seg005.wav,Pomatorhinus ruficollis
data\processed\Mystery mystery\16_seg027.wav,Mystery mystery
data\processed\Motacilla citreola\9_seg001.wav,Motacilla citreola
data\processed\Pomatorhinus ruficollis\3_seg002.wav,Pomatorhinus ruficollis
data\processed\Arborophila torqueola\22_seg006.wav,Arborophila torqueola
data\processed\Cyornis poliogenys\6_seg010.wav,Cyornis poliogenys
data\processed\Psittacula eupatria\1_seg001.wav,Psittacula eupatria
data\processed\Mystery mystery\241_seg001.wav,Mystery mystery
data\processed\Chloropsis\14_seg003.wav,Chloropsis
data\processed\Alcippe cinerea\7_seg005.wav,Alcippe cinerea
data\processed\Dicaeum minullum\7_seg001.wav,Dicaeum minullum
data\processed\Arborophila torqueola\13_seg037.wav,Arborophila torqueola
data\processed\Mystery mystery\421_seg001.wav,Mystery mystery
data\processed\Chloropsis jerdoni\8_seg004.wav,Chloropsis jerdoni
data\processed\Pellorneum ruficeps\74_seg070.wav,Pellorneum ruficeps
data\processed\Mystery mystery\410_seg050.wav,Mystery mystery
data\processed\Eurystomus orientalis\5_seg000.wav,Eurystomus orientalis
data\processed\Liocichla phoenicea\2_seg009.wav,Liocichla phoenicea
data\processed\Chloropsis\8_seg010.wav,Chloropsis
data\processed\Mystery mystery\390_seg004.wav,Mystery mystery
data\processed\Mystery mystery\55_seg008.wav,Mystery mystery
data\processed\Mystery mystery\442_seg016.wav,Mystery mystery
data\processed\noise\Mystery_mystery__324__seg000.wav,noise
data\processed\Mystery mystery\304_seg005.wav,Mystery mystery
data\processed\Rimator malacoptilus\7_seg000.wav,Rimator malacoptilus
data\processed\Mystery mystery\371_seg015.wav,Mystery mystery
data\processed\Cyornis unicolor\21_seg004.wav,Cyornis unicolor
data\processed\Mystery mystery\360_seg025.wav,Mystery mystery
data\processed\Mystery mystery\301_seg049.wav,Mystery mystery
data\processed\Chloropsis\14_seg091.wav,Chloropsis
data\processed\Sphenocichla humei\38_seg005.wav,Sphenocichla humei
data\processed\Mystery mystery\127_seg000.wav,Mystery mystery
data\processed\Mystery mystery\128_seg016.wav,Mystery mystery
data\processed\noise\Mystery_mystery__332__seg007.wav,noise
data\processed\Mystery mystery\43_seg013.wav,Mystery mystery
data\processed\Chloropsis cochinchinensis\1_seg001.wav,Chloropsis cochinchinensis
data\processed\Mystery mystery\305_seg000.wav,Mystery mystery
data\processed\Mystery mystery\102_seg000.wav,Mystery mystery
data\processed\Cyornis unicolor\12_seg000.wav,Cyornis unicolor
data\processed\Mystery mystery\422_seg003.wav,Mystery mystery
data\processed\Mystery mystery\413_seg004.wav,Mystery mystery
data\processed\Glaucidium cuculoides\29_seg027.wav,Glaucidium cuculoides
data\processed\Macronus gularis\21_seg020.wav,Macronus gularis
data\processed\Cypsiurus balasiensis\7_seg030.wav,Cypsiurus balasiensis
data\processed\Cyornis unicolor\25_seg011.wav,Cyornis unicolor
data\processed\Liocichla phoenicea\16_seg003.wav,Liocichla phoenicea
data\processed\Mystery mystery\11_seg007.wav,Mystery mystery
data\processed\Rimator malacoptilus\2_seg008.wav,Rimator malacoptilus
data\processed\noise\Mystery_mystery__34__seg001.wav,noise
data\processed\Arachnothera magna\11_seg000.wav,Arachnothera magna
data\processed\Rimator malacoptilus\10_seg017.wav,Rimator malacoptilus
data\processed\Pellorneum ruficeps\8_seg015.wav,Pellorneum ruficeps
data\processed\noise\Mystery_mystery__17__seg008.wav,noise
data\processed\Mystery mystery\377_seg035.wav,Mystery mystery
data\processed\noise\Sphenocichla_humei__12__seg005.wav,noise
data\processed\Liocichla phoenicea\21_seg011.wav,Liocichla phoenicea
data\processed\Macronus gularis\5_seg003.wav,Macronus gularis
data\processed\Cyornis magnirostris\1_seg005.wav,Cyornis magnirostris
data\processed\Mystery mystery\336_seg055.wav,Mystery mystery
data\processed\Psittacula eupatria\5_seg010.wav,Psittacula eupatria
data\processed\Pnoepyga pusilla\8_seg001.wav,Pnoepyga pusilla
data\processed\Centropus andamanensis\4_seg003.wav,Centropus andamanensis
data\processed\Argya longirostris\4_seg007.wav,Argya longirostris
data\processed\Chloropsis\2_seg015.wav,Chloropsis
data\processed\Pellorneum ruficeps\75_seg021.wav,Pellorneum ruficeps
data\processed\Pnoepyga pusilla\12_seg015.wav,Pnoepyga pusilla
data\processed\Chrysococcyx maculatus\2_seg004.wav,Chrysococcyx maculatus
data\processed\Liocichla phoenicea\10_seg010.wav,Liocichla phoenicea
data\processed\Glaucidium cuculoides\32_seg004.wav,Glaucidium cuculoides
data\processed\Arborophila torqueola\6_seg020.wav,Arborophila torqueola
data\processed\Alcippe cinerea\8_seg000.wav,Alcippe cinerea
data\processed\Sphenocichla humei\18_seg013.wav,Sphenocichla humei
data\processed\Mystery mystery\41_seg015.wav,Mystery mystery
data\processed\Macronus gularis\5_seg001.wav,Macronus gularis
data\processed\Glaucidium cuculoides\31_seg058.wav,Glaucidium cuculoides
data\processed\Mystery mystery\400_seg005.wav,Mystery mystery
data\processed\Alcippe cinerea\7_seg004.wav,Alcippe cinerea
data\processed\Pellorneum ruficeps\89_seg006.wav,Pellorneum ruficeps
data\processed\Mystery mystery\341_seg013.wav,Mystery mystery
data\processed\Mystery mystery\1_seg007.wav,Mystery mystery
data\processed\Lanius tephronotus\5_seg024.wav,Lanius tephronotus
data\processed\Chloropsis\5_seg009.wav,Chloropsis
data\processed\Mystery mystery\229_seg001.wav,Mystery mystery
data\processed\Mystery mystery\373_seg001.wav,Mystery mystery
data\processed\Dicrurus andamanensis\8_seg005.wav,Dicrurus andamanensis
data\processed\Sphenocichla humei\9_seg005.wav,Sphenocichla humei
data\processed\Cuculus micropterus\56_seg004.wav,Cuculus micropterus
data\processed\Mystery mystery\305_seg002.wav,Mystery mystery
data\processed\Rimator malacoptilus\9_seg000.wav,Rimator malacoptilus
data\processed\Loriculus vernalis\27_seg013.wav,Loriculus vernalis
data\processed\Alcippe cinerea\15_seg013.wav,Alcippe cinerea
data\processed\Mystery mystery\198_seg006.wav,Mystery mystery
data\processed\Todiramphus chloris\15_seg001.wav,Todiramphus chloris
data\processed\Pomatorhinus ruficollis\13_seg016.wav,Pomatorhinus ruficollis
data\processed\Centropus andamanensis\11_seg003.wav,Centropus andamanensis
data\processed\Mystery mystery\433_seg021.wav,Mystery mystery
data\processed\Locustella davidi\6_seg000.wav,Locustella davidi
data\processed\Cuculus micropterus\62_seg005.wav,Cuculus micropterus
data\processed\Todiramphus chloris\7_seg001.wav,Todiramphus chloris
data\processed\Mystery mystery\426_seg000.wav,Mystery mystery
data\processed\Mystery mystery\431_seg003.wav,Mystery mystery
data\processed\Macronus gularis\9_seg001.wav,Macronus gularis
data\processed\Todiramphus chloris\19_seg010.wav,Todiramphus chloris
data\processed\Pellorneum ruficeps\50_seg013.wav,Pellorneum ruficeps
data\processed\Sturnia malabarica\14_seg001.wav,Sturnia malabarica
data\processed\Mystery mystery\234_seg012.wav,Mystery mystery
data\processed\Psittacula eupatria\22_seg000.wav,Psittacula eupatria
data\processed\Mystery mystery\410_seg004.wav,Mystery mystery
data\processed\Mystery mystery\224_seg007.wav,Mystery mystery
data\processed\Pomatorhinus ruficollis\1_seg021.wav,Pomatorhinus ruficollis
data\processed\Mystery mystery\355_seg000.wav,Mystery mystery
data\processed\Polyplectron bicalcaratum\7_seg004.wav,Polyplectron bicalcaratum
data\processed\Polyplectron bicalcaratum\7_seg006.wav,Polyplectron bicalcaratum
data\processed\Mystery mystery\376_seg013.wav,Mystery mystery
data\processed\Mystery mystery\258_seg005.wav,Mystery mystery
data\processed\Arborophila torqueola\6_seg007.wav,Arborophila torqueola
data\processed\Dicaeum minullum\3_seg007.wav,Dicaeum minullum
data\processed\Mystery mystery\227_seg002.wav,Mystery mystery
data\processed\Glaucidium cuculoides\39_seg006.wav,Glaucidium cuculoides
data\processed\Mystery mystery\39_seg007.wav,Mystery mystery
data\processed\Mystery mystery\39_seg002.wav,Mystery mystery
data\processed\Liocichla phoenicea\6_seg001.wav,Liocichla phoenicea
data\processed\Todiramphus chloris\19_seg008.wav,Todiramphus chloris
data\processed\Mystery mystery\343_seg030.wav,Mystery mystery
data\processed\Mystery mystery\351_seg004.wav,Mystery mystery
data\processed\Alcippe cinerea\15_seg012.wav,Alcippe cinerea
data\processed\Pellorneum ruficeps\54_seg003.wav,Pellorneum ruficeps
data\processed\Psilopogon lineatus\19_seg008.wav,Psilopogon lineatus
data\processed\Cuculus micropterus\60_seg004.wav,Cuculus micropterus
data\processed\Iole cacharensis\3_seg005.wav,Iole cacharensis
data\processed\Stachyridopsis ambigua\15_seg002.wav,Stachyridopsis ambigua
data\processed\Stachyridopsis ambigua\10_seg005.wav,Stachyridopsis ambigua
data\processed\Pomatorhinus ruficollis\8_seg004.wav,Pomatorhinus ruficollis
data\processed\Pellorneum ruficeps\77_seg006.wav,Pellorneum ruficeps
data\processed\Mystery mystery\105_seg001.wav,Mystery mystery
data\processed\Mystery mystery\406_seg001.wav,Mystery mystery
data\processed\Arborophila torqueola\1_seg007.wav,Arborophila torqueola
data\processed\Sphenocichla humei\38_seg003.wav,Sphenocichla humei
data\processed\Pellorneum ruficeps\52_seg002.wav,Pellorneum ruficeps
data\processed\Mystery mystery\412_seg006.wav,Mystery mystery
data\processed\Mystery mystery\310_seg017.wav,Mystery mystery
data\processed\Mystery mystery\7_seg009.wav,Mystery mystery
data\processed\Arborophila torqueola\17_seg000.wav,Arborophila torqueola
data\processed\Psilopogon lineatus\6_seg009.wav,Psilopogon lineatus
data\processed\Argya longirostris\1_seg002.wav,Argya longirostris
data\processed\Pellorneum ruficeps\4_seg001.wav,Pellorneum ruficeps
data\processed\Sphenocichla humei\31_seg004.wav,Sphenocichla humei
data\processed\Mystery mystery\413_seg017.wav,Mystery mystery
data\processed\Mystery mystery\322_seg003.wav,Mystery mystery
data\processed\Mystery mystery\388_seg003.wav,Mystery mystery
data\processed\Pellorneum ruficeps\23_seg022.wav,Pellorneum ruficeps
data\processed\Liocichla phoenicea\21_seg006.wav,Liocichla phoenicea
data\processed\Dicrurus andamanensis\11_seg000.wav,Dicrurus andamanensis
data\processed\Mystery mystery\258_seg007.wav,Mystery mystery
data\processed\Mystery mystery\360_seg003.wav,Mystery mystery
data\processed\Mystery mystery\119_seg004.wav,Mystery mystery
data\processed\Pomatorhinus ruficollis\1_seg022.wav,Pomatorhinus ruficollis
data\processed\Psilopogon lineatus\15_seg004.wav,Psilopogon lineatus
data\processed\Mystery mystery\345_seg024.wav,Mystery mystery
data\processed\Argya longirostris\1_seg004.wav,Argya longirostris
data\processed\Arachnothera magna\4_seg007.wav,Arachnothera magna
data\processed\Arborophila torqueola\20_seg009.wav,Arborophila torqueola
data\processed\Riparia chinensis\7_seg003.wav,Riparia chinensis
data\processed\Arborophila torqueola\3_seg000.wav,Arborophila torqueola
data\processed\Liocichla phoenicea\3_seg003.wav,Liocichla phoenicea
data\processed\Mystery mystery\257_seg013.wav,Mystery mystery
data\processed\noise\Mystery_mystery__324__seg009.wav,noise
data\processed\Pellorneum ruficeps\54_seg002.wav,Pellorneum ruficeps
data\processed\Pellorneum ruficeps\65_seg020.wav,Pellorneum ruficeps
data\processed\Mystery mystery\307_seg013.wav,Mystery mystery
data\processed\Mystery mystery\428_seg035.wav,Mystery mystery
data\processed\Macronus gularis\14_seg000.wav,Macronus gularis
data\processed\Mystery mystery\249_seg005.wav,Mystery mystery
data\processed\Lanius tephronotus\5_seg019.wav,Lanius tephronotus
data\processed\Cyornis unicolor\7_seg003.wav,Cyornis unicolor
data\processed\Glaucidium cuculoides\25_seg008.wav,Glaucidium cuculoides
data\processed\Mystery mystery\414_seg048.wav,Mystery mystery
data\processed\Mystery mystery\322_seg000.wav,Mystery mystery
data\processed\Pellorneum ruficeps\76_seg000.wav,Pellorneum ruficeps
data\processed\Mystery mystery\300_seg026.wav,Mystery mystery
data\processed\Liocichla phoenicea\22_seg008.wav,Liocichla phoenicea
data\processed\Dicaeum chrysorrheum\1_seg000.wav,Dicaeum chrysorrheum
data\processed\Pnoepyga pusilla\1_seg010.wav,Pnoepyga pusilla
data\processed\Cyornis unicolor\21_seg003.wav,Cyornis unicolor
data\processed\Mystery mystery\256_seg035.wav,Mystery mystery
data\processed\Dicrurus andamanensis\18_seg011.wav,Dicrurus andamanensis
data\processed\Mystery mystery\55_seg007.wav,Mystery mystery
data\processed\Mystery mystery\126_seg010.wav,Mystery mystery
data\processed\Mystery mystery\360_seg015.wav,Mystery mystery
data\processed\noise\Motacilla_citreola__14__seg009.wav,noise
data\processed\Loriculus vernalis\26_seg009.wav,Loriculus vernalis
data\processed\Rimator malacoptilus\3_seg013.wav,Rimator malacoptilus
data\processed\Sturnia malabarica\7_seg001.wav,Sturnia malabarica
data\processed\Psittacula eupatria\8_seg002.wav,Psittacula eupatria
data\processed\Pomatorhinus ruficollis\13_seg007.wav,Pomatorhinus ruficollis
data\processed\Liocichla phoenicea\9_seg006.wav,Liocichla phoenicea
data\processed\Cypsiurus balasiensis\5_seg000.wav,Cypsiurus balasiensis
data\processed\Sphenocichla humei\26_seg012.wav,Sphenocichla humei
data\processed\Glaucidium cuculoides\8_seg003.wav,Glaucidium cuculoides
data\processed\Psilopogon lineatus\11_seg002.wav,Psilopogon lineatus
data\processed\Mystery mystery\248_seg000.wav,Mystery mystery
data\processed\Mystery mystery\86_seg003.wav,Mystery mystery
data\processed\Mystery mystery\330_seg002.wav,Mystery mystery
data\processed\Pnoepyga pusilla\29_seg026.wav,Pnoepyga pusilla
data\processed\noise\Pellorneum_ruficeps__74__seg028.wav,noise
data\processed\Mystery mystery\426_seg009.wav,Mystery mystery
data\processed\noise\Rimator_malacoptilus__3__seg005.wav,noise
data\processed\Glaucidium cuculoides\32_seg002.wav,Glaucidium cuculoides
data\processed\Cuculus micropterus\9_seg006.wav,Cuculus micropterus
data\processed\Polyplectron bicalcaratum\11_seg002.wav,Polyplectron bicalcaratum
data\processed\Mystery mystery\237_seg003.wav,Mystery mystery
data\processed\Eurystomus orientalis\1_seg010.wav,Eurystomus orientalis
data\processed\Todiramphus chloris\6_seg000.wav,Todiramphus chloris
data\processed\Mystery mystery\81_seg001.wav,Mystery mystery
data\processed\Loriculus vernalis\10_seg006.wav,Loriculus vernalis
data\processed\Dicrurus andamanensis\18_seg008.wav,Dicrurus andamanensis
data\processed\Psittacula eupatria\28_seg007.wav,Psittacula eupatria
data\processed\Pomatorhinus ruficollis\24_seg003.wav,Pomatorhinus ruficollis
data\processed\Sphenocichla humei\27_seg010.wav,Sphenocichla humei
data\processed\noise\Rimator_malacoptilus__10__seg015.wav,noise
data\processed\Psilopogon lineatus\8_seg002.wav,Psilopogon lineatus
data\processed\Mystery mystery\423_seg013.wav,Mystery mystery
data\processed\noise\Pellorneum_ruficeps__73__seg002.wav,noise
data\processed\noise\Sphenocichla_humei__23__seg002.wav,noise
data\processed\Macronus gularis\21_seg010.wav,Macronus gularis
data\processed\noise\Pellorneum_ruficeps__40__seg017.wav,noise
data\processed\Phylloscopus forresti\5_seg010.wav,Phylloscopus forresti
data\processed\Psilopogon lineatus\10_seg006.wav,Psilopogon lineatus
data\processed\noise\Sphenocichla_humei__37__seg000.wav,noise
data\processed\Psittacula eupatria\8_seg010.wav,Psittacula eupatria
data\processed\Mystery mystery\360_seg035.wav,Mystery mystery
data\processed\Mystery mystery\198_seg000.wav,Mystery mystery
data\processed\Mystery mystery\191_seg000.wav,Mystery mystery
data\processed\Phylloscopus forresti\3_seg015.wav,Phylloscopus forresti
data\processed\Pomatorhinus ruficollis\35_seg012.wav,Pomatorhinus ruficollis
data\processed\Mystery mystery\22_seg001.wav,Mystery mystery
data\processed\noise\Mystery_mystery__315__seg004.wav,noise
data\processed\Cyornis concretus\1_seg011.wav,Cyornis concretus
data\processed\Phylloscopus forresti\5_seg016.wav,Phylloscopus forresti
data\processed\Pellorneum ruficeps\4_seg000.wav,Pellorneum ruficeps
data\processed\Macronus gularis\23_seg004.wav,Macronus gularis
data\processed\noise\Liocichla_phoenicea__4__seg011.wav,noise
data\processed\Pellorneum ruficeps\43_seg002.wav,Pellorneum ruficeps
data\processed\noise\Sphenocichla_humei__22__seg024.wav,noise
data\processed\Mystery mystery\5_seg001.wav,Mystery mystery
data\processed\Mystery mystery\11_seg019.wav,Mystery mystery
data\processed\noise\Cyornis_poliogenys__23__seg001.wav,noise
data\processed\noise\Glaucidium_cuculoides__10__seg003.wav,noise
data\processed\Pellorneum ruficeps\15_seg005.wav,Pellorneum ruficeps
data\processed\Cuculus micropterus\41_seg006.wav,Cuculus micropterus
data\processed\Mystery mystery\348_seg014.wav,Mystery mystery
data\processed\Cyornis concretus\1_seg017.wav,Cyornis concretus
data\processed\noise\Liocichla_phoenicea__2__seg005.wav,noise
data\processed\Mystery mystery\35_seg007.wav,Mystery mystery
data\processed\Mystery mystery\385_seg005.wav,Mystery mystery
data\processed\Rimator malacoptilus\5_seg004.wav,Rimator malacoptilus
data\processed\Cuculus micropterus\32_seg004.wav,Cuculus micropterus
data\processed\Mystery mystery\223_seg015.wav,Mystery mystery
data\processed\noise\Mystery_mystery__300__seg033.wav,noise
data\processed\Mystery mystery\409_seg020.wav,Mystery mystery
data\processed\Phylloscopus inornatus\3_seg008.wav,Phylloscopus inornatus
data\processed\Mystery mystery\267_seg035.wav,Mystery mystery
data\processed\Mystery mystery\385_seg002.wav,Mystery mystery
data\processed\Rimator malacoptilus\2_seg014.wav,Rimator malacoptilus
data\processed\Mystery mystery\153_seg000.wav,Mystery mystery
data\processed\Phylloscopus subaffinis\1_seg008.wav,Phylloscopus subaffinis
data\processed\Sphenocichla humei\37_seg015.wav,Sphenocichla humei
data\processed\Rimator malacoptilus\2_seg010.wav,Rimator malacoptilus
data\processed\Cuculus micropterus\50_seg002.wav,Cuculus micropterus
data\processed\Mystery mystery\264_seg007.wav,Mystery mystery
data\processed\Glaucidium cuculoides\29_seg017.wav,Glaucidium cuculoides
data\processed\Mystery mystery\338_seg009.wav,Mystery mystery
data\processed\Mystery mystery\300_seg063.wav,Mystery mystery
data\processed\Cuculus micropterus\43_seg009.wav,Cuculus micropterus
data\processed\Cyornis unicolor\16_seg023.wav,Cyornis unicolor
data\processed\Pnoepyga pusilla\16_seg004.wav,Pnoepyga pusilla
data\processed\Pellorneum ruficeps\39_seg004.wav,Pellorneum ruficeps
data\processed\Dicaeum minullum\2_seg001.wav,Dicaeum minullum
data\processed\Liocichla phoenicea\3_seg005.wav,Liocichla phoenicea
data\processed\Phylloscopus forresti\3_seg012.wav,Phylloscopus forresti
data\processed\noise\Pellorneum_ruficeps__86__seg021.wav,noise
data\processed\Mystery mystery\120_seg004.wav,Mystery mystery
data\processed\Cuculus micropterus\35_seg022.wav,Cuculus micropterus
data\processed\Cuculus micropterus\45_seg010.wav,Cuculus micropterus
data\processed\Psilopogon lineatus\1_seg010.wav,Psilopogon lineatus
data\processed\Chloropsis jerdoni\6_seg012.wav,Chloropsis jerdoni
data\processed\Stachyridopsis ambigua\12_seg002.wav,Stachyridopsis ambigua
data\processed\Psilopogon lineatus\2_seg002.wav,Psilopogon lineatus
data\processed\noise\Mystery_mystery__38__seg033.wav,noise
data\processed\Chelidorhynx hypoxanthus\10_seg005.wav,Chelidorhynx hypoxanthus
data\processed\Chloropsis jerdoni\1_seg025.wav,Chloropsis jerdoni
data\processed\noise\Rimator_malacoptilus__5__seg016.wav,noise
data\processed\Macronus gularis\16_seg011.wav,Macronus gularis
data\processed\Cuculus micropterus\65_seg003.wav,Cuculus micropterus
data\processed\Arborophila torqueola\13_seg002.wav,Arborophila torqueola
data\processed\Polyplectron bicalcaratum\4_seg001.wav,Polyplectron bicalcaratum
data\processed\Cuculus micropterus\63_seg003.wav,Cuculus micropterus
data\processed\Sphenocichla humei\8_seg001.wav,Sphenocichla humei
data\processed\Mystery mystery\5_seg018.wav,Mystery mystery
data\processed\Cuculus micropterus\60_seg016.wav,Cuculus micropterus
data\processed\Pellorneum ruficeps\86_seg002.wav,Pellorneum ruficeps
data\processed\Cyornis poliogenys\17_seg012.wav,Cyornis poliogenys
data\processed\Mystery mystery\285_seg006.wav,Mystery mystery
data\processed\Liocichla phoenicea\21_seg010.wav,Liocichla phoenicea
data\processed\Psittacula eupatria\23_seg004.wav,Psittacula eupatria
data\processed\Macronus gularis\13_seg003.wav,Macronus gularis
data\processed\Mystery mystery\414_seg046.wav,Mystery mystery
data\processed\Mystery mystery\379_seg010.wav,Mystery mystery
data\processed\Arborophila torqueola\31_seg013.wav,Arborophila torqueola
data\processed\Pomatorhinus ruficollis\4_seg030.wav,Pomatorhinus ruficollis
data\processed\Mystery mystery\306_seg009.wav,Mystery mystery
data\processed\Mystery mystery\329_seg000.wav,Mystery mystery
data\processed\Sphenocichla humei\27_seg007.wav,Sphenocichla humei
data\processed\Mystery mystery\255_seg008.wav,Mystery mystery
data\processed\noise\Alcippe_cinerea__18__seg011.wav,noise
data\processed\Mystery mystery\338_seg007.wav,Mystery mystery
data\processed\Mystery mystery\300_seg021.wav,Mystery mystery
data\processed\Psilopogon lineatus\2_seg013.wav,Psilopogon lineatus
data\processed\Mystery mystery\428_seg023.wav,Mystery mystery
data\processed\noise\Mystery_mystery__300__seg035.wav,noise
data\processed\Mystery mystery\300_seg008.wav,Mystery mystery
data\processed\Mystery mystery\35_seg026.wav,Mystery mystery
data\processed\Mystery mystery\250_seg012.wav,Mystery mystery
data\processed\Glaucidium cuculoides\1_seg006.wav,Glaucidium cuculoides
data\processed\Mystery mystery\9_seg047.wav,Mystery mystery
data\processed\Glaucidium cuculoides\32_seg005.wav,Glaucidium cuculoides
data\processed\Pellorneum ruficeps\64_seg000.wav,Pellorneum ruficeps
data\processed\Pnoepyga pusilla\4_seg005.wav,Pnoepyga pusilla
data\processed\Pellorneum ruficeps\75_seg009.wav,Pellorneum ruficeps
data\processed\Mystery mystery\428_seg007.wav,Mystery mystery
data\processed\Mystery mystery\345_seg007.wav,Mystery mystery
data\processed\Phylloscopus forresti\3_seg019.wav,Phylloscopus forresti
data\processed\Mystery mystery\9_seg048.wav,Mystery mystery
data\processed\Pomatorhinus ruficollis\31_seg006.wav,Pomatorhinus ruficollis
data\processed\Pnoepyga pusilla\12_seg012.wav,Pnoepyga pusilla
data\processed\Mystery mystery\327_seg026.wav,Mystery mystery
data\processed\Mystery mystery\421_seg012.wav,Mystery mystery
data\processed\Mystery mystery\329_seg005.wav,Mystery mystery
data\processed\Mystery mystery\105_seg004.wav,Mystery mystery
data\processed\Pomatorhinus ruficollis\4_seg019.wav,Pomatorhinus ruficollis
data\processed\Mystery mystery\63_seg006.wav,Mystery mystery
data\processed\Cyornis unicolor\22_seg000.wav,Cyornis unicolor
data\processed\noise\Locustella_davidi__1__seg000.wav,noise
data\processed\Mystery mystery\127_seg039.wav,Mystery mystery
data\processed\Centropus andamanensis\1_seg001.wav,Centropus andamanensis
data\processed\Motacilla citreola\13_seg005.wav,Motacilla citreola
data\processed\Mystery mystery\222_seg013.wav,Mystery mystery
data\processed\Pellorneum ruficeps\32_seg050.wav,Pellorneum ruficeps
data\processed\Liocichla phoenicea\5_seg004.wav,Liocichla phoenicea
data\processed\Psittacula eupatria\11_seg011.wav,Psittacula eupatria
data\processed\noise\Chloropsis__2__seg016.wav,noise
data\processed\Cuculus micropterus\38_seg005.wav,Cuculus micropterus
data\processed\Cyornis poliogenys\4_seg000.wav,Cyornis poliogenys
data\processed\Mystery mystery\432_seg007.wav,Mystery mystery
data\processed\Arborophila torqueola\2_seg015.wav,Arborophila torqueola
data\processed\Mystery mystery\117_seg001.wav,Mystery mystery
data\processed\Mystery mystery\273_seg008.wav,Mystery mystery
data\processed\Mystery mystery\248_seg008.wav,Mystery mystery
data\processed\noise\Cyornis_poliogenys__6__seg005.wav,noise
data\processed\Mystery mystery\128_seg000.wav,Mystery mystery
data\processed\Pellorneum ruficeps\67_seg002.wav,Pellorneum ruficeps
data\processed\Mystery mystery\2_seg008.wav,Mystery mystery
data\processed\Argya longirostris\4_seg008.wav,Argya longirostris
data\processed\Mystery mystery\367_seg000.wav,Mystery mystery
data\processed\Mystery mystery\433_seg025.wav,Mystery mystery
data\processed\Mystery mystery\426_seg021.wav,Mystery mystery
data\processed\Phylloscopus inornatus\5_seg002.wav,Phylloscopus inornatus
data\processed\Liocichla phoenicea\12_seg001.wav,Liocichla phoenicea
data\processed\Mystery mystery\360_seg040.wav,Mystery mystery
data\processed\Mystery mystery\428_seg038.wav,Mystery mystery
data\processed\Mystery mystery\296_seg024.wav,Mystery mystery
data\processed\Loriculus vernalis\25_seg014.wav,Loriculus vernalis
data\processed\Aethopyga gouldiae\1_seg001.wav,Aethopyga gouldiae
data\processed\Psittacula eupatria\6_seg016.wav,Psittacula eupatria
data\processed\Phylloscopus inornatus\9_seg000.wav,Phylloscopus inornatus
data\processed\Cyornis poliogenys\3_seg003.wav,Cyornis poliogenys
data\processed\Mystery mystery\46_seg004.wav,Mystery mystery
data\processed\Todiramphus chloris\8_seg001.wav,Todiramphus chloris
data\processed\Phylloscopus forresti\2_seg008.wav,Phylloscopus forresti
data\processed\Chloropsis\14_seg012.wav,Chloropsis
data\processed\Dicaeum cruentatum\3_seg004.wav,Dicaeum cruentatum
data\processed\Mystery mystery\19_seg021.wav,Mystery mystery
data\processed\Pellorneum ruficeps\69_seg018.wav,Pellorneum ruficeps
data\processed\Mystery mystery\336_seg003.wav,Mystery mystery
data\processed\Arborophila torqueola\25_seg002.wav,Arborophila torqueola
data\processed\Polyplectron bicalcaratum\7_seg005.wav,Polyplectron bicalcaratum
data\processed\Motacilla citreola\10_seg002.wav,Motacilla citreola
data\processed\Mystery mystery\17_seg022.wav,Mystery mystery
data\processed\Rimator malacoptilus\15_seg002.wav,Rimator malacoptilus
data\processed\Mystery mystery\442_seg015.wav,Mystery mystery
data\processed\noise\Rimator_malacoptilus__20__seg010.wav,noise
data\processed\Acrocephalus bistrigiceps\1_seg000.wav,Acrocephalus bistrigiceps
data\processed\noise\Sphenocichla_humei__36__seg003.wav,noise
data\processed\Mystery mystery\442_seg024.wav,Mystery mystery
data\processed\Mystery mystery\75_seg007.wav,Mystery mystery
data\processed\Chloropsis jerdoni\1_seg018.wav,Chloropsis jerdoni
data\processed\noise\Glaucidium_cuculoides__25__seg007.wav,noise
data\processed\Stachyridopsis ambigua\4_seg002.wav,Stachyridopsis ambigua
data\processed\Sphenocichla humei\6_seg012.wav,Sphenocichla humei
data\processed\Liocichla phoenicea\6_seg007.wav,Liocichla phoenicea
data\processed\noise\Sphenocichla_humei__22__seg016.wav,noise
data\processed\Cuculus micropterus\62_seg006.wav,Cuculus micropterus
data\processed\Pellorneum ruficeps\76_seg017.wav,Pellorneum ruficeps
data\processed\Arborophila torqueola\13_seg009.wav,Arborophila torqueola
data\processed\Mystery mystery\271_seg004.wav,Mystery mystery
data\processed\Riparia chinensis\1_seg000.wav,Riparia chinensis
data\processed\Mystery mystery\223_seg006.wav,Mystery mystery
data\processed\Mystery mystery\338_seg015.wav,Mystery mystery
data\processed\Mystery mystery\256_seg016.wav,Mystery mystery
data\processed\Cuculus micropterus\45_seg013.wav,Cuculus micropterus
data\processed\Pomatorhinus ruficollis\35_seg009.wav,Pomatorhinus ruficollis
data\processed\Todiramphus chloris\13_seg011.wav,Todiramphus chloris
data\processed\Centropus andamanensis\16_seg000.wav,Centropus andamanensis
data\processed\Cyornis poliogenys\26_seg001.wav,Cyornis poliogenys
data\processed\Chloropsis jerdoni\1_seg001.wav,Chloropsis jerdoni
data\processed\Loriculus vernalis\26_seg013.wav,Loriculus vernalis
data\processed\Pnoepyga pusilla\23_seg016.wav,Pnoepyga pusilla
data\processed\Arborophila torqueola\28_seg023.wav,Arborophila torqueola
data\processed\Glaucidium cuculoides\8_seg010.wav,Glaucidium cuculoides
data\processed\Mystery mystery\300_seg065.wav,Mystery mystery
data\processed\Arborophila torqueola\28_seg010.wav,Arborophila torqueola
data\processed\Stachyridopsis ambigua\10_seg001.wav,Stachyridopsis ambigua
data\processed\Mystery mystery\388_seg000.wav,Mystery mystery
data\processed\Glaucidium cuculoides\30_seg013.wav,Glaucidium cuculoides
data\processed\Mystery mystery\5_seg000.wav,Mystery mystery
data\processed\noise\Eurystomus_orientalis__1__seg006.wav,noise
data\processed\Cyornis magnirostris\8_seg007.wav,Cyornis magnirostris
data\processed\Cuculus micropterus\11_seg010.wav,Cuculus micropterus
data\processed\Pellorneum ruficeps\26_seg007.wav,Pellorneum ruficeps
data\processed\Phylloscopus inornatus\1_seg002.wav,Phylloscopus inornatus
data\processed\Dicrurus andamanensis\6_seg005.wav,Dicrurus andamanensis
data\processed\Pellorneum ruficeps\2_seg005.wav,Pellorneum ruficeps
data\processed\Arborophila torqueola\8_seg020.wav,Arborophila torqueola
data\processed\Mystery mystery\120_seg014.wav,Mystery mystery
data\processed\Locustella davidi\5_seg003.wav,Locustella davidi
data\processed\Todiramphus chloris\12_seg003.wav,Todiramphus chloris
data\processed\Psittacula eupatria\8_seg007.wav,Psittacula eupatria
data\processed\Pellorneum ruficeps\50_seg006.wav,Pellorneum ruficeps
data\processed\Pellorneum ruficeps\32_seg031.wav,Pellorneum ruficeps
data\processed\Mystery mystery\35_seg001.wav,Mystery mystery
data\processed\Arborophila torqueola\10_seg006.wav,Arborophila torqueola
data\processed\Sphenocichla humei\36_seg005.wav,Sphenocichla humei
data\processed\Pomatorhinus ruficollis\24_seg028.wav,Pomatorhinus ruficollis
data\processed\Mystery mystery\36_seg003.wav,Mystery mystery
data\processed\Psittacula eupatria\11_seg001.wav,Psittacula eupatria
data\processed\Arborophila torqueola\6_seg030.wav,Arborophila torqueola
data\processed\Psittacula eupatria\21_seg000.wav,Psittacula eupatria
data\processed\noise\Mystery_mystery__34__seg019.wav,noise
data\processed\Acridotheres fuscus\4_seg008.wav,Acridotheres fuscus
data\processed\Mystery mystery\417_seg000.wav,Mystery mystery
data\processed\Pellorneum ruficeps\88_seg000.wav,Pellorneum ruficeps
data\processed\Mystery mystery\359_seg006.wav,Mystery mystery
data\processed\Centropus andamanensis\7_seg006.wav,Centropus andamanensis
data\processed\noise\Psittacula_eupatria__23__seg001.wav,noise
data\processed\Cuculus micropterus\8_seg011.wav,Cuculus micropterus
data\processed\Pellorneum ruficeps\32_seg033.wav,Pellorneum ruficeps
data\processed\Mystery mystery\310_seg012.wav,Mystery mystery
data\processed\noise\Pellorneum_ruficeps__74__seg049.wav,noise
data\processed\Mystery mystery\373_seg019.wav,Mystery mystery
data\processed\Mystery mystery\336_seg028.wav,Mystery mystery
data\processed\Mystery mystery\62_seg030.wav,Mystery mystery
data\processed\Cuculus micropterus\8_seg009.wav,Cuculus micropterus
data\processed\Arborophila torqueola\13_seg035.wav,Arborophila torqueola
data\processed\Cyornis unicolor\15_seg016.wav,Cyornis unicolor
data\processed\noise\Mystery_mystery__127__seg052.wav,noise
data\processed\noise\Sphenocichla_humei__12__seg014.wav,noise
data\processed\Polyplectron bicalcaratum\5_seg000.wav,Polyplectron bicalcaratum
data\processed\Chloropsis\11_seg012.wav,Chloropsis
data\processed\Pellorneum ruficeps\68_seg006.wav,Pellorneum ruficeps
data\processed\Mystery mystery\352_seg000.wav,Mystery mystery
data\processed\Rimator malacoptilus\19_seg006.wav,Rimator malacoptilus
data\processed\Psittacula eupatria\17_seg002.wav,Psittacula eupatria
data\processed\noise\Mystery_mystery__332__seg021.wav,noise
data\processed\Mystery mystery\433_seg040.wav,Mystery mystery
data\processed\Cyornis unicolor\16_seg018.wav,Cyornis unicolor
data\processed\Arborophila torqueola\1_seg019.wav,Arborophila torqueola
data\processed\Riparia chinensis\6_seg001.wav,Riparia chinensis
data\processed\Cuculus micropterus\31_seg001.wav,Cuculus micropterus
data\processed\Liocichla phoenicea\5_seg007.wav,Liocichla phoenicea
data\processed\Sphenocichla humei\38_seg001.wav,Sphenocichla humei
data\processed\Mystery mystery\19_seg039.wav,Mystery mystery
data\processed\Arborophila torqueola\6_seg012.wav,Arborophila torqueola
data\processed\noise\Cyornis_poliogenys__17__seg020.wav,noise
data\processed\noise\Mystery_mystery__38__seg028.wav,noise
data\processed\Dicrurus andamanensis\11_seg010.wav,Dicrurus andamanensis
data\processed\noise\Mystery_mystery__242__seg005.wav,noise
data\processed\Chloropsis jerdoni\3_seg004.wav,Chloropsis jerdoni
data\processed\Mystery mystery\378_seg007.wav,Mystery mystery
data\processed\Pomatorhinus ruficollis\22_seg000.wav,Pomatorhinus ruficollis
data\processed\Mystery mystery\328_seg003.wav,Mystery mystery
data\processed\Arborophila torqueola\19_seg005.wav,Arborophila torqueola
data\processed\Mystery mystery\245_seg010.wav,Mystery mystery
data\processed\Sphenocichla humei\18_seg008.wav,Sphenocichla humei
data\processed\Mystery mystery\257_seg005.wav,Mystery mystery
data\processed\Mystery mystery\418_seg006.wav,Mystery mystery
data\processed\Chloropsis\8_seg011.wav,Chloropsis
data\processed\Cyornis unicolor\5_seg016.wav,Cyornis unicolor
data\processed\Sphenocichla humei\11_seg012.wav,Sphenocichla humei
data\processed\Macronus gularis\17_seg013.wav,Macronus gularis
data\processed\Mystery mystery\302_seg007.wav,Mystery mystery
data\processed\Rimator malacoptilus\10_seg014.wav,Rimator malacoptilus
data\processed\Mystery mystery\25_seg037.wav,Mystery mystery
data\processed\Mystery mystery\385_seg008.wav,Mystery mystery
data\processed\Mystery mystery\301_seg023.wav,Mystery mystery
data\processed\Phylloscopus inornatus\5_seg008.wav,Phylloscopus inornatus
data\processed\Mystery mystery\312_seg017.wav,Mystery mystery
data\processed\Argya longirostris\4_seg011.wav,Argya longirostris
data\processed\Cuculus micropterus\45_seg000.wav,Cuculus micropterus
data\processed\Psilopogon lineatus\8_seg001.wav,Psilopogon lineatus
data\processed\noise\Cuculus_micropterus__19__seg010.wav,noise
data\processed\noise\Mystery_mystery__300__seg046.wav,noise
data\processed\noise\Mystery_mystery__426__seg025.wav,noise
data\processed\Paradoxornis guttaticollis\1_seg011.wav,Paradoxornis guttaticollis
data\processed\Macronus gularis\4_seg006.wav,Macronus gularis
data\processed\noise\Pellorneum_ruficeps__74__seg047.wav,noise
data\processed\Chloropsis jerdoni\6_seg024.wav,Chloropsis jerdoni
data\processed\noise\Glaucidium_cuculoides__12__seg008.wav,noise
data\processed\Mystery mystery\423_seg015.wav,Mystery mystery
data\processed\Chloropsis jerdoni\4_seg000.wav,Chloropsis jerdoni
data\processed\Argya longirostris\4_seg003.wav,Argya longirostris
data\processed\Dicrurus andamanensis\13_seg010.wav,Dicrurus andamanensis
data\processed\Phylloscopus subaffinis\2_seg004.wav,Phylloscopus subaffinis
data\processed\Cuculus micropterus\8_seg059.wav,Cuculus micropterus
data\processed\Glaucidium cuculoides\21_seg010.wav,Glaucidium cuculoides
data\processed\Rimator malacoptilus\3_seg016.wav,Rimator malacoptilus
data\processed\noise\Phylloscopus_forresti__5__seg006.wav,noise
data\processed\Loriculus vernalis\27_seg002.wav,Loriculus vernalis
data\processed\Polyplectron bicalcaratum\9_seg001.wav,Polyplectron bicalcaratum
data\processed\Cuculus micropterus\27_seg003.wav,Cuculus micropterus
data\processed\Phylloscopus inornatus\8_seg004.wav,Phylloscopus inornatus
data\processed\Mystery mystery\279_seg007.wav,Mystery mystery
data\processed\Mystery mystery\420_seg001.wav,Mystery mystery
data\processed\Mystery mystery\232_seg000.wav,Mystery mystery
data\processed\Dicrurus andamanensis\15_seg018.wav,Dicrurus andamanensis
data\processed\Mystery mystery\351_seg003.wav,Mystery mystery
data\processed\Cyornis poliogenys\21_seg000.wav,Cyornis poliogenys
data\processed\Mystery mystery\336_seg044.wav,Mystery mystery
data\processed\Mystery mystery\199_seg002.wav,Mystery mystery
data\processed\Glaucidium cuculoides\39_seg007.wav,Glaucidium cuculoides
data\processed\Pellorneum ruficeps\58_seg001.wav,Pellorneum ruficeps
data\processed\Mystery mystery\338_seg016.wav,Mystery mystery
data\processed\Dicrurus andamanensis\15_seg002.wav,Dicrurus andamanensis
data\processed\Mystery mystery\93_seg009.wav,Mystery mystery
data\processed\Chelidorhynx hypoxanthus\4_seg011.wav,Chelidorhynx hypoxanthus
data\processed\Liocichla phoenicea\1_seg002.wav,Liocichla phoenicea
data\processed\Centropus andamanensis\15_seg021.wav,Centropus andamanensis
data\processed\Motacilla citreola\18_seg005.wav,Motacilla citreola
data\processed\Chloropsis jerdoni\2_seg006.wav,Chloropsis jerdoni
data\processed\Pellorneum ruficeps\72_seg005.wav,Pellorneum ruficeps
data\processed\Chloropsis jerdoni\1_seg006.wav,Chloropsis jerdoni
data\processed\Pnoepyga pusilla\17_seg013.wav,Pnoepyga pusilla
data\processed\Cuculus micropterus\19_seg006.wav,Cuculus micropterus
data\processed\Mystery mystery\16_seg030.wav,Mystery mystery
data\processed\Mystery mystery\60_seg010.wav,Mystery mystery
data\processed\Pomatorhinus ruficollis\7_seg007.wav,Pomatorhinus ruficollis
data\processed\Mystery mystery\91_seg007.wav,Mystery mystery
data\processed\Mystery mystery\433_seg000.wav,Mystery mystery
data\processed\Argya longirostris\1_seg020.wav,Argya longirostris
data\processed\Pomatorhinus ruficollis\25_seg000.wav,Pomatorhinus ruficollis
data\processed\Mystery mystery\195_seg011.wav,Mystery mystery
data\processed\Glaucidium cuculoides\38_seg005.wav,Glaucidium cuculoides
data\processed\Sphenocichla humei\29_seg008.wav,Sphenocichla humei
data\processed\Mystery mystery\7_seg024.wav,Mystery mystery
data\processed\Centropus andamanensis\6_seg001.wav,Centropus andamanensis
data\processed\Arborophila torqueola\13_seg027.wav,Arborophila torqueola
data\processed\Cypsiurus balasiensis\3_seg002.wav,Cypsiurus balasiensis
data\processed\Mystery mystery\428_seg013.wav,Mystery mystery
data\processed\noise\Mystery_mystery__39__seg039.wav,noise
data\processed\Cyornis poliogenys\26_seg003.wav,Cyornis poliogenys
data\processed\Sphenocichla humei\6_seg013.wav,Sphenocichla humei
data\processed\Cyornis magnirostris\5_seg015.wav,Cyornis magnirostris
data\processed\Mystery mystery\58_seg001.wav,Mystery mystery
data\processed\Pellorneum ruficeps\32_seg006.wav,Pellorneum ruficeps
data\processed\Psilopogon lineatus\2_seg008.wav,Psilopogon lineatus
data\processed\Glaucidium cuculoides\2_seg011.wav,Glaucidium cuculoides
data\processed\Mystery mystery\414_seg020.wav,Mystery mystery
data\processed\Pomatorhinus ruficollis\24_seg020.wav,Pomatorhinus ruficollis
data\processed\Mystery mystery\300_seg003.wav,Mystery mystery
data\processed\Pellorneum ruficeps\83_seg001.wav,Pellorneum ruficeps
data\processed\Mystery mystery\319_seg003.wav,Mystery mystery
data\processed\Mystery mystery\11_seg021.wav,Mystery mystery
data\processed\noise\Rimator_malacoptilus__3__seg023.wav,noise
data\processed\Mystery mystery\394_seg004.wav,Mystery mystery
data\processed\Macronus gularis\11_seg004.wav,Macronus gularis
data\processed\Cyornis unicolor\16_seg020.wav,Cyornis unicolor
data\processed\Mystery mystery\234_seg016.wav,Mystery mystery
data\processed\Mystery mystery\257_seg010.wav,Mystery mystery
data\processed\Mystery mystery\409_seg031.wav,Mystery mystery
data\processed\Cuculus micropterus\8_seg026.wav,Cuculus micropterus
data\processed\Pellorneum ruficeps\87_seg021.wav,Pellorneum ruficeps
data\processed\Mystery mystery\374_seg006.wav,Mystery mystery
data\processed\Arborophila torqueola\18_seg007.wav,Arborophila torqueola
data\processed\Cuculus micropterus\4_seg004.wav,Cuculus micropterus
data\processed\Mystery mystery\373_seg067.wav,Mystery mystery
data\processed\Lanius tephronotus\5_seg025.wav,Lanius tephronotus
data\processed\Chloropsis\14_seg050.wav,Chloropsis
data\processed\noise\Argya_longirostris__11__seg008.wav,noise
data\processed\Chloropsis jerdoni\1_seg015.wav,Chloropsis jerdoni
data\processed\Sphenocichla humei\32_seg005.wav,Sphenocichla humei
data\processed\Cyornis unicolor\1_seg015.wav,Cyornis unicolor
data\processed\Glaucidium cuculoides\38_seg012.wav,Glaucidium cuculoides
data\processed\Mystery mystery\2_seg006.wav,Mystery mystery
data\processed\Chloropsis\14_seg095.wav,Chloropsis
data\processed\Mystery mystery\17_seg034.wav,Mystery mystery
data\processed\Mystery mystery\110_seg021.wav,Mystery mystery
data\processed\noise\Cuculus_micropterus__19__seg003.wav,noise
data\processed\Mystery mystery\122_seg005.wav,Mystery mystery
data\processed\Alcippe cinerea\17_seg007.wav,Alcippe cinerea
data\processed\Chloropsis\3_seg004.wav,Chloropsis
data\processed\Liocichla phoenicea\17_seg005.wav,Liocichla phoenicea
data\processed\Chloropsis\5_seg001.wav,Chloropsis
data\processed\Pnoepyga pusilla\21_seg002.wav,Pnoepyga pusilla
data\processed\Dicrurus andamanensis\10_seg014.wav,Dicrurus andamanensis
data\processed\noise\Rimator_malacoptilus__13__seg006.wav,noise
data\processed\Psilopogon lineatus\19_seg002.wav,Psilopogon lineatus
data\processed\Cuculus micropterus\35_seg017.wav,Cuculus micropterus
data\processed\Cyornis magnirostris\6_seg007.wav,Cyornis magnirostris
data\processed\Sphenocichla humei\27_seg008.wav,Sphenocichla humei
data\processed\Mystery mystery\301_seg012.wav,Mystery mystery
data\processed\Arborophila torqueola\26_seg014.wav,Arborophila torqueola
data\processed\Cuculus micropterus\45_seg001.wav,Cuculus micropterus
data\processed\Dicaeum minullum\4_seg000.wav,Dicaeum minullum
data\processed\noise\Mystery_mystery__124__seg020.wav,noise
data\processed\Mystery mystery\309_seg005.wav,Mystery mystery
data\processed\Glaucidium cuculoides\31_seg041.wav,Glaucidium cuculoides
data\processed\Mystery mystery\318_seg001.wav,Mystery mystery
data\processed\Mystery mystery\412_seg016.wav,Mystery mystery
data\processed\Sphenocichla humei\9_seg001.wav,Sphenocichla humei
data\processed\Cyornis poliogenys\22_seg008.wav,Cyornis poliogenys
data\processed\Dicrurus andamanensis\19_seg001.wav,Dicrurus andamanensis
data\processed\noise\Pellorneum_ruficeps__51__seg006.wav,noise
data\processed\Loriculus vernalis\25_seg015.wav,Loriculus vernalis
data\processed\Mystery mystery\304_seg002.wav,Mystery mystery
data\processed\noise\Sphenocichla_humei__18__seg014.wav,noise
data\processed\Cypsiurus balasiensis\5_seg005.wav,Cypsiurus balasiensis
data\processed\Mystery mystery\17_seg028.wav,Mystery mystery
data\processed\Mystery mystery\224_seg012.wav,Mystery mystery
data\processed\Pellorneum ruficeps\77_seg001.wav,Pellorneum ruficeps
data\processed\Pellorneum ruficeps\102_seg008.wav,Pellorneum ruficeps
data\processed\Dicrurus andamanensis\8_seg009.wav,Dicrurus andamanensis
data\processed\noise\Spelaeornis_oatesi__2__seg008.wav,noise
data\processed\noise\Pellorneum_ruficeps__86__seg026.wav,noise
data\processed\Pellorneum ruficeps\65_seg007.wav,Pellorneum ruficeps
data\processed\Liocichla phoenicea\14_seg002.wav,Liocichla phoenicea
data\processed\Psittacula eupatria\6_seg005.wav,Psittacula eupatria
data\processed\Psilopogon lineatus\10_seg001.wav,Psilopogon lineatus
data\processed\Mystery mystery\74_seg000.wav,Mystery mystery
data\processed\Chelidorhynx hypoxanthus\12_seg008.wav,Chelidorhynx hypoxanthus
data\processed\Todiramphus chloris\19_seg001.wav,Todiramphus chloris
data\processed\noise\Liocichla_phoenicea__1__seg005.wav,noise
data\processed\noise\Polyplectron_bicalcaratum__9__seg002.wav,noise
data\processed\Mystery mystery\343_seg033.wav,Mystery mystery
data\processed\noise\Loriculus_vernalis__5__seg007.wav,noise
data\processed\noise\Arborophila_torqueola__26__seg004.wav,noise
data\processed\Arborophila torqueola\28_seg015.wav,Arborophila torqueola
data\processed\Mystery mystery\310_seg024.wav,Mystery mystery
data\processed\Cuculus micropterus\8_seg028.wav,Cuculus micropterus
data\processed\Mystery mystery\374_seg011.wav,Mystery mystery
data\processed\Mystery mystery\245_seg004.wav,Mystery mystery
data\processed\Mystery mystery\119_seg009.wav,Mystery mystery
data\processed\noise\Mystery_mystery__395__seg009.wav,noise
data\processed\Arachnothera magna\8_seg004.wav,Arachnothera magna
data\processed\Pnoepyga pusilla\15_seg003.wav,Pnoepyga pusilla
data\processed\Pellorneum ruficeps\8_seg016.wav,Pellorneum ruficeps
data\processed\Psittacula eupatria\8_seg004.wav,Psittacula eupatria
data\processed\Pellorneum ruficeps\33_seg004.wav,Pellorneum ruficeps
data\processed\noise\Pellorneum_ruficeps__70__seg010.wav,noise
data\processed\Cypsiurus balasiensis\9_seg001.wav,Cypsiurus balasiensis
data\processed\Psittacula eupatria\28_seg003.wav,Psittacula eupatria
data\processed\Mystery mystery\138_seg000.wav,Mystery mystery
data\processed\Mystery mystery\414_seg003.wav,Mystery mystery
data\processed\Pnoepyga pusilla\7_seg007.wav,Pnoepyga pusilla
data\processed\Mystery mystery\377_seg047.wav,Mystery mystery
data\processed\Mystery mystery\44_seg000.wav,Mystery mystery
data\processed\Mystery mystery\365_seg019.wav,Mystery mystery
data\processed\noise\Pellorneum_ruficeps__86__seg019.wav,noise
data\processed\Pomatorhinus ruficollis\7_seg001.wav,Pomatorhinus ruficollis
data\processed\noise\Mystery_mystery__127__seg054.wav,noise
data\processed\Pellorneum ruficeps\87_seg038.wav,Pellorneum ruficeps
data\processed\Pellorneum ruficeps\32_seg054.wav,Pellorneum ruficeps
data\processed\Pomatorhinus ruficollis\41_seg006.wav,Pomatorhinus ruficollis
data\processed\Pnoepyga pusilla\23_seg010.wav,Pnoepyga pusilla
data\processed\Cuculus micropterus\22_seg000.wav,Cuculus micropterus
data\processed\Loriculus vernalis\8_seg009.wav,Loriculus vernalis
data\processed\Pellorneum ruficeps\23_seg017.wav,Pellorneum ruficeps
data\processed\Mystery mystery\43_seg019.wav,Mystery mystery
data\processed\Mystery mystery\315_seg003.wav,Mystery mystery
data\processed\Pomatorhinus ruficollis\40_seg000.wav,Pomatorhinus ruficollis
data\processed\Loriculus vernalis\26_seg011.wav,Loriculus vernalis
data\processed\Mystery mystery\419_seg003.wav,Mystery mystery
data\processed\Argya longirostris\9_seg002.wav,Argya longirostris
data\processed\noise\Arborophila_torqueola__24__seg004.wav,noise
data\processed\Chelidorhynx hypoxanthus\7_seg001.wav,Chelidorhynx hypoxanthus
data\processed\Psilopogon lineatus\5_seg000.wav,Psilopogon lineatus
data\processed\Mystery mystery\377_seg034.wav,Mystery mystery
data\processed\Pellorneum ruficeps\16_seg017.wav,Pellorneum ruficeps
data\processed\Mystery mystery\25_seg041.wav,Mystery mystery
data\processed\Cuculus micropterus\36_seg002.wav,Cuculus micropterus
data\processed\Pellorneum ruficeps\11_seg012.wav,Pellorneum ruficeps
data\processed\Arborophila torqueola\20_seg000.wav,Arborophila torqueola
data\processed\Lanius tephronotus\1_seg003.wav,Lanius tephronotus
data\processed\Arborophila torqueola\10_seg007.wav,Arborophila torqueola
data\processed\Rimator malacoptilus\2_seg019.wav,Rimator malacoptilus
data\processed\Dicaeum cruentatum\1_seg006.wav,Dicaeum cruentatum
data\processed\Argya longirostris\10_seg002.wav,Argya longirostris
data\processed\Mystery mystery\325_seg018.wav,Mystery mystery
data\processed\Pnoepyga pusilla\1_seg014.wav,Pnoepyga pusilla
data\processed\Phylloscopus inornatus\7_seg001.wav,Phylloscopus inornatus
data\processed\Mystery mystery\369_seg015.wav,Mystery mystery
data\processed\Acridotheres fuscus\1_seg004.wav,Acridotheres fuscus
data\processed\Argya longirostris\1_seg013.wav,Argya longirostris
data\processed\Mystery mystery\115_seg007.wav,Mystery mystery
data\processed\Motacilla citreola\17_seg001.wav,Motacilla citreola
data\processed\Cuculus micropterus\10_seg002.wav,Cuculus micropterus
data\processed\noise\Mystery_mystery__336__seg016.wav,noise
data\processed\noise\Sphenocichla_humei__23__seg006.wav,noise
data\processed\Mystery mystery\228_seg010.wav,Mystery mystery
data\processed\Arborophila torqueola\8_seg032.wav,Arborophila torqueola
data\processed\Mystery mystery\231_seg013.wav,Mystery mystery
data\processed\Glaucidium cuculoides\6_seg008.wav,Glaucidium cuculoides
data\processed\Cuculus micropterus\1_seg006.wav,Cuculus micropterus
data\processed\Mystery mystery\390_seg007.wav,Mystery mystery
data\processed\Sphenocichla humei\5_seg000.wav,Sphenocichla humei
data\processed\Arachnothera magna\11_seg004.wav,Arachnothera magna
data\processed\Pellorneum ruficeps\32_seg021.wav,Pellorneum ruficeps
data\processed\Pellorneum ruficeps\65_seg011.wav,Pellorneum ruficeps
data\processed\Arborophila torqueola\28_seg007.wav,Arborophila torqueola
data\processed\noise\Cuculus_micropterus__35__seg018.wav,noise
data\processed\Centropus andamanensis\15_seg007.wav,Centropus andamanensis
data\processed\Arborophila torqueola\9_seg001.wav,Arborophila torqueola
data\processed\Mystery mystery\53_seg000.wav,Mystery mystery
data\processed\Pellorneum ruficeps\52_seg004.wav,Pellorneum ruficeps
data\processed\noise\Polyplectron_bicalcaratum__1__seg002.wav,noise
data\processed\Pnoepyga pusilla\24_seg006.wav,Pnoepyga pusilla
data\processed\noise\Pellorneum_ruficeps__74__seg052.wav,noise
data\processed\Psittacula eupatria\8_seg031.wav,Psittacula eupatria
data\processed\Cyornis unicolor\17_seg005.wav,Cyornis unicolor
data\processed\noise\Mystery_mystery__270__seg007.wav,noise
data\processed\Pellorneum ruficeps\87_seg025.wav,Pellorneum ruficeps
data\processed\Mystery mystery\332_seg053.wav,Mystery mystery
data\processed\Glaucidium cuculoides\38_seg000.wav,Glaucidium cuculoides
data\processed\Cyornis magnirostris\6_seg005.wav,Cyornis magnirostris
data\processed\Mystery mystery\16_seg023.wav,Mystery mystery
data\processed\Dicrurus andamanensis\6_seg006.wav,Dicrurus andamanensis
data\processed\Pomatorhinus ruficollis\2_seg000.wav,Pomatorhinus ruficollis
data\processed\Chloropsis\14_seg075.wav,Chloropsis
data\processed\Chelidorhynx hypoxanthus\16_seg004.wav,Chelidorhynx hypoxanthus
data\processed\noise\Mystery_mystery__62__seg000.wav,noise
data\processed\Iole cacharensis\1_seg003.wav,Iole cacharensis
data\processed\Macronus gularis\22_seg003.wav,Macronus gularis
data\processed\Cyornis unicolor\17_seg002.wav,Cyornis unicolor
data\processed\noise\Rimator_malacoptilus__13__seg015.wav,noise
data\processed\noise\Mystery_mystery__125__seg001.wav,noise
data\processed\Liocichla phoenicea\16_seg002.wav,Liocichla phoenicea
data\processed\Mystery mystery\325_seg008.wav,Mystery mystery
data\processed\Pnoepyga pusilla\18_seg011.wav,Pnoepyga pusilla
data\processed\Liocichla phoenicea\2_seg016.wav,Liocichla phoenicea
data\processed\Centropus andamanensis\13_seg004.wav,Centropus andamanensis
data\processed\Mystery mystery\425_seg002.wav,Mystery mystery
data\processed\Pomatorhinus ruficollis\2_seg004.wav,Pomatorhinus ruficollis
data\processed\Rimator malacoptilus\20_seg001.wav,Rimator malacoptilus
data\processed\Mystery mystery\162_seg000.wav,Mystery mystery
data\processed\noise\Mystery_mystery__246__seg003.wav,noise
data\processed\Pomatorhinus ruficollis\24_seg010.wav,Pomatorhinus ruficollis
data\processed\Loriculus vernalis\27_seg032.wav,Loriculus vernalis
data\processed\Mystery mystery\377_seg007.wav,Mystery mystery
data\processed\Cyornis poliogenys\16_seg000.wav,Cyornis poliogenys
data\processed\Cuculus micropterus\46_seg015.wav,Cuculus micropterus
data\processed\Pellorneum ruficeps\100_seg013.wav,Pellorneum ruficeps
data\processed\Mystery mystery\420_seg003.wav,Mystery mystery
data\processed\Mystery mystery\9_seg028.wav,Mystery mystery
data\processed\Dicaeum cruentatum\1_seg004.wav,Dicaeum cruentatum
data\processed\Pomatorhinus ruficollis\27_seg005.wav,Pomatorhinus ruficollis
data\processed\noise\Pellorneum_ruficeps__49__seg000.wav,noise
data\processed\Cyornis unicolor\25_seg001.wav,Cyornis unicolor
data\processed\Pomatorhinus ruficollis\11_seg004.wav,Pomatorhinus ruficollis
data\processed\Rimator malacoptilus\15_seg007.wav,Rimator malacoptilus
data\processed\noise\Mystery_mystery__38__seg031.wav,noise
data\processed\noise\Loriculus_vernalis__15__seg004.wav,noise
data\processed\noise\Cuculus_micropterus__30__seg005.wav,noise
data\processed\Stachyridopsis ambigua\14_seg003.wav,Stachyridopsis ambigua
data\processed\Argya longirostris\11_seg013.wav,Argya longirostris
data\processed\Cuculus micropterus\33_seg000.wav,Cuculus micropterus
data\processed\Macronus gularis\16_seg012.wav,Macronus gularis
data\processed\Arborophila torqueola\6_seg028.wav,Arborophila torqueola
data\processed\Mystery mystery\348_seg010.wav,Mystery mystery
data\processed\Cuculus micropterus\8_seg004.wav,Cuculus micropterus
data\processed\Macronus gularis\16_seg009.wav,Macronus gularis
data\processed\Sphenocichla humei\29_seg007.wav,Sphenocichla humei
data\processed\Dicaeum cruentatum\3_seg003.wav,Dicaeum cruentatum
data\processed\Mystery mystery\327_seg002.wav,Mystery mystery
data\processed\Mystery mystery\135_seg000.wav,Mystery mystery
data\processed\noise\Mystery_mystery__124__seg010.wav,noise
data\processed\Mystery mystery\11_seg013.wav,Mystery mystery
data\processed\Pellorneum ruficeps\69_seg020.wav,Pellorneum ruficeps
data\processed\Cyornis poliogenys\18_seg003.wav,Cyornis poliogenys
data\processed\noise\Alcippe_cinerea__18__seg007.wav,noise
data\processed\Psilopogon lineatus\12_seg009.wav,Psilopogon lineatus
data\processed\Glaucidium cuculoides\31_seg053.wav,Glaucidium cuculoides
data\processed\Mystery mystery\336_seg058.wav,Mystery mystery
data\processed\Arborophila torqueola\25_seg000.wav,Arborophila torqueola
data\processed\Psilopogon lineatus\4_seg009.wav,Psilopogon lineatus
data\processed\Mystery mystery\43_seg028.wav,Mystery mystery
data\processed\Mystery mystery\301_seg036.wav,Mystery mystery
data\processed\Pomatorhinus ruficollis\18_seg036.wav,Pomatorhinus ruficollis
data\processed\Eurystomus orientalis\2_seg005.wav,Eurystomus orientalis
data\processed\Glaucidium cuculoides\4_seg000.wav,Glaucidium cuculoides
data\processed\Pomatorhinus ruficollis\24_seg025.wav,Pomatorhinus ruficollis
data\processed\Arborophila torqueola\2_seg008.wav,Arborophila torqueola
data\processed\Mystery mystery\22_seg000.wav,Mystery mystery
data\processed\Todiramphus chloris\19_seg012.wav,Todiramphus chloris
data\processed\Mystery mystery\256_seg026.wav,Mystery mystery
data\processed\Cuculus micropterus\44_seg020.wav,Cuculus micropterus
data\processed\Eurystomus orientalis\3_seg001.wav,Eurystomus orientalis
data\processed\Mystery mystery\339_seg003.wav,Mystery mystery
data\processed\Mystery mystery\264_seg000.wav,Mystery mystery
data\processed\Mystery mystery\202_seg002.wav,Mystery mystery
data\processed\Mystery mystery\16_seg015.wav,Mystery mystery
data\processed\Cuculus micropterus\12_seg001.wav,Cuculus micropterus
data\processed\Mystery mystery\410_seg023.wav,Mystery mystery
data\processed\Phylloscopus inornatus\3_seg005.wav,Phylloscopus inornatus
data\processed\Mystery mystery\431_seg010.wav,Mystery mystery
data\processed\Mystery mystery\156_seg000.wav,Mystery mystery
data\processed\noise\Mystery_mystery__125__seg019.wav,noise
data\processed\Psilopogon lineatus\21_seg014.wav,Psilopogon lineatus
data\processed\Mystery mystery\261_seg002.wav,Mystery mystery
data\processed\Glaucidium cuculoides\31_seg045.wav,Glaucidium cuculoides
data\processed\Acridotheres fuscus\7_seg011.wav,Acridotheres fuscus
data\processed\Pomatorhinus ruficollis\19_seg004.wav,Pomatorhinus ruficollis
data\processed\Cuculus micropterus\65_seg002.wav,Cuculus micropterus
data\processed\Mystery mystery\120_seg010.wav,Mystery mystery
data\processed\Centropus andamanensis\4_seg004.wav,Centropus andamanensis
data\processed\Phylloscopus inornatus\7_seg002.wav,Phylloscopus inornatus
data\processed\Macronus gularis\17_seg000.wav,Macronus gularis
data\processed\Pnoepyga pusilla\20_seg003.wav,Pnoepyga pusilla
data\processed\Macronus gularis\2_seg001.wav,Macronus gularis
data\processed\Mystery mystery\383_seg004.wav,Mystery mystery
data\processed\Dicrurus andamanensis\10_seg002.wav,Dicrurus andamanensis
data\processed\Stachyridopsis ambigua\13_seg021.wav,Stachyridopsis ambigua
data\processed\Psilopogon lineatus\17_seg005.wav,Psilopogon lineatus
data\processed\noise\Centropus_andamanensis__7__seg008.wav,noise
data\processed\noise\Alcippe_cinerea__10__seg010.wav,noise
data\processed\Pellorneum ruficeps\41_seg003.wav,Pellorneum ruficeps
data\processed\Chloropsis\2_seg000.wav,Chloropsis
data\processed\Cuculus micropterus\9_seg021.wav,Cuculus micropterus
data\processed\Cyornis poliogenys\22_seg001.wav,Cyornis poliogenys
data\processed\Mystery mystery\168_seg001.wav,Mystery mystery
data\processed\Cyornis poliogenys\18_seg011.wav,Cyornis poliogenys
data\processed\Cyornis unicolor\22_seg015.wav,Cyornis unicolor
data\processed\Sphenocichla humei\29_seg006.wav,Sphenocichla humei
data\processed\noise\Glaucidium_cuculoides__12__seg031.wav,noise
data\processed\Mystery mystery\384_seg000.wav,Mystery mystery
data\processed\Pellorneum ruficeps\73_seg010.wav,Pellorneum ruficeps
data\processed\Mystery mystery\223_seg003.wav,Mystery mystery
data\processed\Macronus gularis\17_seg028.wav,Macronus gularis
data\processed\Mystery mystery\261_seg008.wav,Mystery mystery
data\processed\Mystery mystery\365_seg002.wav,Mystery mystery
data\processed\Macronus gularis\17_seg027.wav,Macronus gularis
data\processed\Cuculus micropterus\11_seg004.wav,Cuculus micropterus
data\processed\Rimator malacoptilus\5_seg021.wav,Rimator malacoptilus
data\processed\Arborophila torqueola\1_seg011.wav,Arborophila torqueola
data\processed\Pellorneum ruficeps\9_seg006.wav,Pellorneum ruficeps
data\processed\Acridotheres fuscus\5_seg005.wav,Acridotheres fuscus
data\processed\Motacilla citreola\5_seg002.wav,Motacilla citreola
data\processed\Liocichla phoenicea\13_seg016.wav,Liocichla phoenicea
data\processed\Macronus gularis\15_seg004.wav,Macronus gularis
data\processed\Cuculus micropterus\57_seg005.wav,Cuculus micropterus
data\processed\noise\Sphenocichla_humei__26__seg009.wav,noise
data\processed\Dicrurus andamanensis\11_seg001.wav,Dicrurus andamanensis
data\processed\Todiramphus chloris\11_seg005.wav,Todiramphus chloris
data\processed\Lanius tephronotus\5_seg003.wav,Lanius tephronotus
data\processed\Stachyridopsis ambigua\13_seg018.wav,Stachyridopsis ambigua
data\processed\Chloropsis jerdoni\2_seg010.wav,Chloropsis jerdoni
data\processed\Mystery mystery\56_seg016.wav,Mystery mystery
data\processed\Sturnia malabarica\11_seg004.wav,Sturnia malabarica
data\processed\Alcippe cinerea\6_seg009.wav,Alcippe cinerea
data\processed\Mystery mystery\313_seg006.wav,Mystery mystery
data\processed\Aethopyga gouldiae\2_seg003.wav,Aethopyga gouldiae
data\processed\Mystery mystery\326_seg005.wav,Mystery mystery
data\processed\Alcippe cinerea\24_seg012.wav,Alcippe cinerea
data\processed\Mystery mystery\327_seg008.wav,Mystery mystery
data\processed\Pellorneum ruficeps\99_seg000.wav,Pellorneum ruficeps
data\processed\Mystery mystery\310_seg011.wav,Mystery mystery
data\processed\Cypsiurus balasiensis\7_seg001.wav,Cypsiurus balasiensis
data\processed\Mystery mystery\25_seg035.wav,Mystery mystery
data\processed\Arborophila torqueola\25_seg004.wav,Arborophila torqueola
data\processed\Cyornis unicolor\21_seg009.wav,Cyornis unicolor
data\processed\noise\Paradoxornis_guttaticollis__2__seg004.wav,noise
data\processed\Mystery mystery\376_seg011.wav,Mystery mystery
data\processed\noise\Sphenocichla_humei__22__seg002.wav,noise
data\processed\Cyornis unicolor\11_seg011.wav,Cyornis unicolor
data\processed\Liocichla phoenicea\13_seg044.wav,Liocichla phoenicea
data\processed\Pellorneum ruficeps\17_seg006.wav,Pellorneum ruficeps
data\processed\Liocichla phoenicea\1_seg000.wav,Liocichla phoenicea
data\processed\noise\Cyornis_poliogenys__1__seg010.wav,noise
data\processed\Todiramphus chloris\23_seg003.wav,Todiramphus chloris
data\processed\Chloropsis\18_seg003.wav,Chloropsis
data\processed\Arborophila torqueola\30_seg000.wav,Arborophila torqueola
data\processed\Cuculus micropterus\65_seg005.wav,Cuculus micropterus
data\processed\Mystery mystery\328_seg010.wav,Mystery mystery
data\processed\Liocichla phoenicea\21_seg017.wav,Liocichla phoenicea
data\processed\Pellorneum ruficeps\100_seg007.wav,Pellorneum ruficeps
data\processed\Halcyon coromanda\1_seg002.wav,Halcyon coromanda
data\processed\Mystery mystery\249_seg003.wav,Mystery mystery
data\processed\Halcyon coromanda\7_seg000.wav,Halcyon coromanda
data\processed\noise\Glaucidium_cuculoides__12__seg029.wav,noise
data\processed\Polyplectron bicalcaratum\2_seg010.wav,Polyplectron bicalcaratum
data\processed\Chloropsis jerdoni\2_seg004.wav,Chloropsis jerdoni
data\processed\Sphenocichla humei\14_seg003.wav,Sphenocichla humei
data\processed\Arborophila torqueola\7_seg009.wav,Arborophila torqueola
data\processed\Pellorneum ruficeps\38_seg005.wav,Pellorneum ruficeps
data\processed\Sturnia malabarica\4_seg002.wav,Sturnia malabarica
data\processed\Glaucidium cuculoides\31_seg001.wav,Glaucidium cuculoides
data\processed\Pellorneum ruficeps\9_seg000.wav,Pellorneum ruficeps
data\processed\Mystery mystery\300_seg041.wav,Mystery mystery
data\processed\Glaucidium cuculoides\23_seg001.wav,Glaucidium cuculoides
data\processed\Mystery mystery\163_seg000.wav,Mystery mystery
data\processed\Mystery mystery\273_seg001.wav,Mystery mystery
data\processed\Macronus gularis\17_seg012.wav,Macronus gularis
data\processed\Pellorneum ruficeps\97_seg002.wav,Pellorneum ruficeps
data\processed\Acridotheres fuscus\8_seg007.wav,Acridotheres fuscus
data\processed\Psilopogon lineatus\4_seg010.wav,Psilopogon lineatus
data\processed\Chrysococcyx maculatus\1_seg000.wav,Chrysococcyx maculatus
data\processed\Psittacula eupatria\5_seg001.wav,Psittacula eupatria
data\processed\Pomatorhinus ruficollis\1_seg020.wav,Pomatorhinus ruficollis
data\processed\Mystery mystery\431_seg015.wav,Mystery mystery
data\processed\Paradoxornis guttaticollis\4_seg005.wav,Paradoxornis guttaticollis
data\processed\Dicrurus andamanensis\10_seg016.wav,Dicrurus andamanensis
data\processed\Mystery mystery\129_seg000.wav,Mystery mystery
data\processed\Arborophila torqueola\24_seg000.wav,Arborophila torqueola
data\processed\noise\Rimator_malacoptilus__17__seg000.wav,noise
data\processed\Mystery mystery\19_seg001.wav,Mystery mystery
data\processed\Pellorneum ruficeps\26_seg018.wav,Pellorneum ruficeps
data\processed\Pluvialis squatarola\1_seg004.wav,Pluvialis squatarola
data\processed\Alcippe cinerea\4_seg011.wav,Alcippe cinerea
data\processed\Chelidorhynx hypoxanthus\14_seg008.wav,Chelidorhynx hypoxanthus
data\processed\Macronus gularis\8_seg003.wav,Macronus gularis
data\processed\Cuculus micropterus\8_seg016.wav,Cuculus micropterus
data\processed\Pnoepyga pusilla\20_seg001.wav,Pnoepyga pusilla
data\processed\Macronus gularis\10_seg002.wav,Macronus gularis
data\processed\Mystery mystery\234_seg009.wav,Mystery mystery
data\processed\Mystery mystery\70_seg001.wav,Mystery mystery
data\processed\Cyornis poliogenys\19_seg004.wav,Cyornis poliogenys
data\processed\Mystery mystery\19_seg028.wav,Mystery mystery
data\processed\Mystery mystery\124_seg014.wav,Mystery mystery
data\processed\Mystery mystery\19_seg055.wav,Mystery mystery
data\processed\Dicaeum minullum\3_seg009.wav,Dicaeum minullum
data\processed\Sphenocichla humei\37_seg006.wav,Sphenocichla humei
data\processed\Mystery mystery\442_seg011.wav,Mystery mystery
data\processed\Mystery mystery\7_seg011.wav,Mystery mystery
data\processed\Liocichla phoenicea\12_seg002.wav,Liocichla phoenicea
data\processed\Cuculus micropterus\43_seg016.wav,Cuculus micropterus
data\processed\Mystery mystery\320_seg011.wav,Mystery mystery
data\processed\Alcippe cinerea\10_seg019.wav,Alcippe cinerea
data\processed\Alcippe cinerea\10_seg004.wav,Alcippe cinerea
data\processed\Dicrurus andamanensis\5_seg009.wav,Dicrurus andamanensis
data\processed\Psittacula eupatria\21_seg005.wav,Psittacula eupatria
data\processed\Mystery mystery\72_seg001.wav,Mystery mystery
data\processed\noise\Chloropsis__1__seg007.wav,noise
data\processed\Arborophila torqueola\12_seg016.wav,Arborophila torqueola
data\processed\Rimator malacoptilus\2_seg032.wav,Rimator malacoptilus
data\processed\Mystery mystery\66_seg001.wav,Mystery mystery
data\processed\Mystery mystery\119_seg005.wav,Mystery mystery
data\processed\Pomatorhinus ruficollis\1_seg019.wav,Pomatorhinus ruficollis
data\processed\Pomatorhinus ruficollis\24_seg014.wav,Pomatorhinus ruficollis
data\processed\Chloropsis jerdoni\9_seg020.wav,Chloropsis jerdoni
data\processed\Cyornis poliogenys\18_seg007.wav,Cyornis poliogenys
data\processed\Mystery mystery\360_seg001.wav,Mystery mystery
data\processed\Macronus gularis\21_seg024.wav,Macronus gularis
data\processed\Mystery mystery\300_seg022.wav,Mystery mystery
data\processed\noise\Sphenocichla_humei__20__seg010.wav,noise
data\processed\Mystery mystery\56_seg001.wav,Mystery mystery
data\processed\Sphenocichla humei\20_seg007.wav,Sphenocichla humei
data\processed\Pellorneum ruficeps\87_seg009.wav,Pellorneum ruficeps
data\processed\Mystery mystery\231_seg000.wav,Mystery mystery
data\processed\Pnoepyga pusilla\6_seg008.wav,Pnoepyga pusilla
data\processed\Macronus gularis\21_seg012.wav,Macronus gularis
data\processed\Psittacula eupatria\21_seg003.wav,Psittacula eupatria
data\processed\Alcippe cinerea\3_seg004.wav,Alcippe cinerea
data\processed\Alcippe cinerea\20_seg002.wav,Alcippe cinerea
data\processed\Mystery mystery\43_seg063.wav,Mystery mystery
data\processed\Cyornis unicolor\14_seg001.wav,Cyornis unicolor
data\processed\Loriculus vernalis\8_seg001.wav,Loriculus vernalis
data\processed\Mystery mystery\246_seg016.wav,Mystery mystery
data\processed\Mystery mystery\311_seg004.wav,Mystery mystery
data\processed\Dicaeum cruentatum\6_seg009.wav,Dicaeum cruentatum
data\processed\noise\Chloropsis__14__seg117.wav,noise
data\processed\Pellorneum ruficeps\29_seg004.wav,Pellorneum ruficeps
data\processed\Chloropsis jerdoni\5_seg002.wav,Chloropsis jerdoni
data\processed\noise\Pellorneum_ruficeps__86__seg030.wav,noise
data\processed\Acridotheres fuscus\15_seg001.wav,Acridotheres fuscus
data\processed\Macronus gularis\20_seg001.wav,Macronus gularis
data\processed\Cyornis unicolor\5_seg012.wav,Cyornis unicolor
data\processed\Mystery mystery\360_seg039.wav,Mystery mystery
data\processed\Acridotheres fuscus\13_seg000.wav,Acridotheres fuscus
data\processed\Chloropsis\7_seg007.wav,Chloropsis
data\processed\Phylloscopus inornatus\8_seg021.wav,Phylloscopus inornatus
data\processed\Glaucidium cuculoides\33_seg001.wav,Glaucidium cuculoides
data\processed\noise\Glaucidium_cuculoides__25__seg000.wav,noise
data\processed\Mystery mystery\336_seg019.wav,Mystery mystery
data\processed\Mystery mystery\310_seg014.wav,Mystery mystery
data\processed\noise\Mystery_mystery__125__seg002.wav,noise
data\processed\Mystery mystery\383_seg000.wav,Mystery mystery
data\processed\Dicaeum chrysorrheum\1_seg008.wav,Dicaeum chrysorrheum
data\processed\Mystery mystery\228_seg002.wav,Mystery mystery
data\processed\Pellorneum ruficeps\86_seg008.wav,Pellorneum ruficeps
data\processed\Cyornis unicolor\25_seg013.wav,Cyornis unicolor
data\processed\Mystery mystery\414_seg011.wav,Mystery mystery
data\processed\Pellorneum ruficeps\60_seg004.wav,Pellorneum ruficeps
data\processed\Pellorneum ruficeps\16_seg037.wav,Pellorneum ruficeps
data\processed\Mystery mystery\228_seg000.wav,Mystery mystery
data\processed\Pellorneum ruficeps\9_seg014.wav,Pellorneum ruficeps
data\processed\Cyornis unicolor\25_seg017.wav,Cyornis unicolor
data\processed\Pnoepyga pusilla\26_seg000.wav,Pnoepyga pusilla
data\processed\Mystery mystery\122_seg009.wav,Mystery mystery
data\processed\Sphenocichla humei\11_seg003.wav,Sphenocichla humei
data\processed\Mystery mystery\232_seg011.wav,Mystery mystery
data\processed\Locustella davidi\4_seg002.wav,Locustella davidi
data\processed\noise\Mystery_mystery__246__seg009.wav,noise
data\processed\Dicrurus andamanensis\6_seg002.wav,Dicrurus andamanensis
data\processed\Mystery mystery\239_seg002.wav,Mystery mystery
data\processed\Pomatorhinus ruficollis\23_seg002.wav,Pomatorhinus ruficollis
data\processed\Mystery mystery\341_seg031.wav,Mystery mystery
data\processed\noise\Loriculus_vernalis__28__seg015.wav,noise
data\processed\Cyornis unicolor\6_seg003.wav,Cyornis unicolor
data\processed\Cyornis unicolor\10_seg043.wav,Cyornis unicolor
data\processed\Cuculus micropterus\39_seg001.wav,Cuculus micropterus
data\processed\Mystery mystery\115_seg009.wav,Mystery mystery
data\processed\Pnoepyga pusilla\22_seg004.wav,Pnoepyga pusilla
data\processed\Pomatorhinus ruficollis\23_seg000.wav,Pomatorhinus ruficollis
data\processed\Macronus gularis\21_seg014.wav,Macronus gularis
data\processed\Mystery mystery\110_seg012.wav,Mystery mystery
data\processed\Macronus gularis\16_seg002.wav,Macronus gularis
data\processed\Mystery mystery\360_seg041.wav,Mystery mystery
data\processed\Liocichla phoenicea\13_seg032.wav,Liocichla phoenicea
data\processed\Chloropsis\16_seg001.wav,Chloropsis
data\processed\Locustella davidi\5_seg004.wav,Locustella davidi
data\processed\Alcippe cinerea\17_seg002.wav,Alcippe cinerea
data\processed\Cuculus micropterus\45_seg018.wav,Cuculus micropterus
data\processed\Pluvialis squatarola\3_seg000.wav,Pluvialis squatarola
data\processed\Sphenocichla humei\14_seg006.wav,Sphenocichla humei
data\processed\Mystery mystery\377_seg015.wav,Mystery mystery
data\processed\Chloropsis jerdoni\10_seg011.wav,Chloropsis jerdoni
data\processed\Glaucidium cuculoides\27_seg003.wav,Glaucidium cuculoides
data\processed\Pellorneum ruficeps\32_seg026.wav,Pellorneum ruficeps
data\processed\Glaucidium cuculoides\10_seg011.wav,Glaucidium cuculoides
data\processed\Pellorneum ruficeps\3_seg001.wav,Pellorneum ruficeps
data\processed\noise\Sphenocichla_humei__20__seg014.wav,noise
data\processed\Pellorneum ruficeps\23_seg012.wav,Pellorneum ruficeps
data\processed\Psittacula eupatria\8_seg000.wav,Psittacula eupatria
data\processed\Acridotheres fuscus\8_seg001.wav,Acridotheres fuscus
data\processed\Dicaeum minullum\2_seg002.wav,Dicaeum minullum
data\processed\noise\Sphenocichla_humei__20__seg025.wav,noise
data\processed\Psilopogon lineatus\6_seg010.wav,Psilopogon lineatus
data\processed\Mystery mystery\336_seg047.wav,Mystery mystery
data\processed\Mystery mystery\339_seg000.wav,Mystery mystery
data\processed\noise\Chloropsis__19__seg004.wav,noise
data\processed\Glaucidium cuculoides\12_seg030.wav,Glaucidium cuculoides
data\processed\noise\Rimator_malacoptilus__5__seg007.wav,noise
data\processed\Cuculus micropterus\9_seg013.wav,Cuculus micropterus
data\processed\Acridotheres fuscus\7_seg007.wav,Acridotheres fuscus
data\processed\Cyornis unicolor\3_seg002.wav,Cyornis unicolor
data\processed\Mystery mystery\25_seg013.wav,Mystery mystery
data\processed\Pomatorhinus ruficollis\18_seg026.wav,Pomatorhinus ruficollis
data\processed\Sturnia malabarica\2_seg000.wav,Sturnia malabarica
data\processed\Mystery mystery\124_seg007.wav,Mystery mystery
data\processed\Mystery mystery\378_seg002.wav,Mystery mystery
data\processed\Mystery mystery\341_seg025.wav,Mystery mystery
data\processed\Chloropsis\7_seg003.wav,Chloropsis
data\processed\Mystery mystery\30_seg001.wav,Mystery mystery
data\processed\Arborophila torqueola\20_seg011.wav,Arborophila torqueola
data\processed\Acridotheres fuscus\2_seg005.wav,Acridotheres fuscus
data\processed\Mystery mystery\83_seg006.wav,Mystery mystery
data\processed\Cyornis unicolor\28_seg000.wav,Cyornis unicolor
data\processed\Sturnia malabarica\4_seg001.wav,Sturnia malabarica
data\processed\noise\Pomatorhinus_ruficollis__4__seg028.wav,noise
data\processed\Mystery mystery\240_seg027.wav,Mystery mystery
data\processed\Mystery mystery\110_seg005.wav,Mystery mystery
data\processed\Mystery mystery\340_seg006.wav,Mystery mystery
data\processed\Arachnothera magna\1_seg002.wav,Arachnothera magna
data\processed\Arborophila torqueola\24_seg005.wav,Arborophila torqueola
data\processed\Stachyridopsis ambigua\2_seg000.wav,Stachyridopsis ambigua
data\processed\Psittacula eupatria\1_seg000.wav,Psittacula eupatria
data\processed\Cyornis unicolor\19_seg005.wav,Cyornis unicolor
data\processed\noise\Spelaeornis_oatesi__5__seg019.wav,noise
data\processed\Mystery mystery\432_seg023.wav,Mystery mystery
data\processed\Sphenocichla humei\6_seg009.wav,Sphenocichla humei
data\processed\Psittacula eupatria\5_seg007.wav,Psittacula eupatria
data\processed\Mystery mystery\11_seg000.wav,Mystery mystery
data\processed\Psilopogon lineatus\4_seg017.wav,Psilopogon lineatus
data\processed\Pomatorhinus ruficollis\29_seg003.wav,Pomatorhinus ruficollis
data\processed\Mystery mystery\386_seg009.wav,Mystery mystery
data\processed\Mystery mystery\199_seg000.wav,Mystery mystery
data\processed\Mystery mystery\426_seg015.wav,Mystery mystery
data\processed\Mystery mystery\110_seg000.wav,Mystery mystery
data\processed\Loriculus vernalis\8_seg000.wav,Loriculus vernalis
data\processed\Acridotheres fuscus\4_seg001.wav,Acridotheres fuscus
data\processed\Psittacula eupatria\4_seg007.wav,Psittacula eupatria
data\processed\Mystery mystery\423_seg021.wav,Mystery mystery
data\processed\Psilopogon lineatus\6_seg003.wav,Psilopogon lineatus
data\processed\noise\Rimator_malacoptilus__10__seg006.wav,noise
data\processed\Cuculus micropterus\45_seg020.wav,Cuculus micropterus
data\processed\Phylloscopus forresti\4_seg002.wav,Phylloscopus forresti
data\processed\Pellorneum ruficeps\23_seg010.wav,Pellorneum ruficeps
data\processed\Chloropsis jerdoni\5_seg003.wav,Chloropsis jerdoni
data\processed\Glaucidium cuculoides\31_seg078.wav,Glaucidium cuculoides
data\processed\Pomatorhinus ruficollis\10_seg015.wav,Pomatorhinus ruficollis
data\processed\Cuculus micropterus\30_seg004.wav,Cuculus micropterus
data\processed\Pellorneum ruficeps\3_seg000.wav,Pellorneum ruficeps
data\processed\Mystery mystery\331_seg000.wav,Mystery mystery
data\processed\noise\Cuculus_micropterus__35__seg023.wav,noise
data\processed\Chelidorhynx hypoxanthus\10_seg024.wav,Chelidorhynx hypoxanthus
data\processed\noise\Rimator_malacoptilus__8__seg011.wav,noise
data\processed\Pomatorhinus ruficollis\39_seg004.wav,Pomatorhinus ruficollis
data\processed\Mystery mystery\6_seg008.wav,Mystery mystery
data\processed\Mystery mystery\82_seg001.wav,Mystery mystery
data\processed\Mystery mystery\319_seg001.wav,Mystery mystery
data\processed\Glaucidium cuculoides\8_seg011.wav,Glaucidium cuculoides
data\processed\Mystery mystery\301_seg042.wav,Mystery mystery
data\processed\Pnoepyga pusilla\1_seg012.wav,Pnoepyga pusilla
data\processed\Pnoepyga pusilla\11_seg001.wav,Pnoepyga pusilla
data\processed\Mystery mystery\282_seg001.wav,Mystery mystery
data\processed\Cyornis unicolor\25_seg022.wav,Cyornis unicolor
data\processed\Cuculus micropterus\8_seg036.wav,Cuculus micropterus
data\processed\Mystery mystery\9_seg017.wav,Mystery mystery
data\processed\Sturnia malabarica\11_seg000.wav,Sturnia malabarica
data\processed\Locustella davidi\4_seg003.wav,Locustella davidi
data\processed\Mystery mystery\24_seg007.wav,Mystery mystery
data\processed\Pellorneum ruficeps\32_seg003.wav,Pellorneum ruficeps
data\processed\Pellorneum ruficeps\26_seg001.wav,Pellorneum ruficeps
data\processed\Mystery mystery\373_seg000.wav,Mystery mystery
data\processed\Pellorneum ruficeps\42_seg001.wav,Pellorneum ruficeps
data\processed\Chloropsis\2_seg007.wav,Chloropsis
data\processed\Pomatorhinus ruficollis\36_seg001.wav,Pomatorhinus ruficollis
data\processed\Centropus andamanensis\2_seg006.wav,Centropus andamanensis
data\processed\noise\Sphenocichla_humei__16__seg006.wav,noise
data\processed\Glaucidium cuculoides\37_seg005.wav,Glaucidium cuculoides
data\processed\Mystery mystery\246_seg018.wav,Mystery mystery
data\processed\Mystery mystery\428_seg039.wav,Mystery mystery
data\processed\Liocichla phoenicea\15_seg003.wav,Liocichla phoenicea
data\processed\Pellorneum ruficeps\32_seg007.wav,Pellorneum ruficeps
data\processed\Cuculus micropterus\46_seg012.wav,Cuculus micropterus
data\processed\Cyornis poliogenys\4_seg010.wav,Cyornis poliogenys
data\processed\Mystery mystery\414_seg047.wav,Mystery mystery
data\processed\Sphenocichla humei\2_seg001.wav,Sphenocichla humei
data\processed\Alcippe cinerea\10_seg008.wav,Alcippe cinerea
data\processed\Psilopogon lineatus\15_seg007.wav,Psilopogon lineatus
data\processed\Mystery mystery\127_seg013.wav,Mystery mystery
data\processed\Arborophila torqueola\29_seg009.wav,Arborophila torqueola
data\processed\Pnoepyga pusilla\10_seg005.wav,Pnoepyga pusilla
data\processed\Pellorneum ruficeps\2_seg006.wav,Pellorneum ruficeps
data\processed\Cyornis poliogenys\18_seg013.wav,Cyornis poliogenys
data\processed\Chelidorhynx hypoxanthus\1_seg010.wav,Chelidorhynx hypoxanthus
data\processed\Pellorneum ruficeps\15_seg007.wav,Pellorneum ruficeps
data\processed\Chloropsis jerdoni\1_seg014.wav,Chloropsis jerdoni
data\processed\Mystery mystery\297_seg011.wav,Mystery mystery
data\processed\Pellorneum ruficeps\74_seg062.wav,Pellorneum ruficeps
data\processed\Liocichla phoenicea\22_seg004.wav,Liocichla phoenicea
data\processed\Alcippe cinerea\1_seg000.wav,Alcippe cinerea
data\processed\Sphenocichla humei\32_seg002.wav,Sphenocichla humei
data\processed\Mystery mystery\423_seg002.wav,Mystery mystery
data\processed\Centropus andamanensis\11_seg005.wav,Centropus andamanensis
data\processed\Mystery mystery\312_seg020.wav,Mystery mystery
data\processed\Sturnia malabarica\1_seg005.wav,Sturnia malabarica
data\processed\Dicaeum chrysorrheum\1_seg001.wav,Dicaeum chrysorrheum
data\processed\Mystery mystery\328_seg012.wav,Mystery mystery
data\processed\Chloropsis jerdoni\1_seg017.wav,Chloropsis jerdoni
data\processed\Phylloscopus forresti\3_seg005.wav,Phylloscopus forresti
data\processed\Mystery mystery\102_seg003.wav,Mystery mystery
data\processed\Macronus gularis\2_seg000.wav,Macronus gularis
data\processed\Chelidorhynx hypoxanthus\12_seg018.wav,Chelidorhynx hypoxanthus
data\processed\Alcippe cinerea\24_seg016.wav,Alcippe cinerea
data\processed\Alcippe cinerea\6_seg000.wav,Alcippe cinerea
data\processed\Mystery mystery\306_seg010.wav,Mystery mystery
data\processed\Arachnothera magna\5_seg001.wav,Arachnothera magna
data\processed\Sturnia malabarica\17_seg002.wav,Sturnia malabarica
data\processed\Chloropsis\14_seg040.wav,Chloropsis
data\processed\Mystery mystery\67_seg006.wav,Mystery mystery
data\processed\Liocichla phoenicea\2_seg004.wav,Liocichla phoenicea
data\processed\Mystery mystery\48_seg000.wav,Mystery mystery
data\processed\Pellorneum ruficeps\73_seg011.wav,Pellorneum ruficeps
data\processed\Cyornis unicolor\27_seg001.wav,Cyornis unicolor
data\processed\Pellorneum ruficeps\32_seg046.wav,Pellorneum ruficeps
data\processed\Mystery mystery\345_seg036.wav,Mystery mystery
data\processed\Arborophila torqueola\13_seg024.wav,Arborophila torqueola
data\processed\Cuculus micropterus\60_seg006.wav,Cuculus micropterus
data\processed\Mystery mystery\247_seg010.wav,Mystery mystery
data\processed\Chelidorhynx hypoxanthus\10_seg030.wav,Chelidorhynx hypoxanthus
data\processed\Rimator malacoptilus\13_seg001.wav,Rimator malacoptilus
data\processed\Mystery mystery\433_seg026.wav,Mystery mystery
data\processed\Chloropsis jerdoni\9_seg016.wav,Chloropsis jerdoni
data\processed\Psilopogon lineatus\5_seg005.wav,Psilopogon lineatus
data\processed\Mystery mystery\301_seg034.wav,Mystery mystery
data\processed\Macronus gularis\22_seg002.wav,Macronus gularis
data\processed\noise\Mystery_mystery__242__seg001.wav,noise
data\processed\Rimator malacoptilus\13_seg011.wav,Rimator malacoptilus
data\processed\Cuculus micropterus\13_seg001.wav,Cuculus micropterus
data\processed\Mystery mystery\124_seg025.wav,Mystery mystery
data\processed\Cyornis poliogenys\21_seg004.wav,Cyornis poliogenys
data\processed\Psittacula eupatria\18_seg005.wav,Psittacula eupatria
data\processed\Mystery mystery\267_seg015.wav,Mystery mystery
data\processed\Cyornis unicolor\15_seg024.wav,Cyornis unicolor
data\processed\Pomatorhinus ruficollis\26_seg000.wav,Pomatorhinus ruficollis
data\processed\Mystery mystery\390_seg011.wav,Mystery mystery
data\processed\Dicrurus andamanensis\7_seg010.wav,Dicrurus andamanensis
data\processed\Mystery mystery\41_seg007.wav,Mystery mystery
data\processed\Dicrurus andamanensis\9_seg003.wav,Dicrurus andamanensis
data\processed\Sphenocichla humei\33_seg003.wav,Sphenocichla humei
data\processed\Loriculus vernalis\1_seg009.wav,Loriculus vernalis
data\processed\Cyornis unicolor\4_seg017.wav,Cyornis unicolor
data\processed\noise\Mystery_mystery__34__seg006.wav,noise
data\processed\Pnoepyga pusilla\14_seg003.wav,Pnoepyga pusilla
data\processed\noise\Loriculus_vernalis__15__seg001.wav,noise
data\processed\Loriculus vernalis\26_seg003.wav,Loriculus vernalis
data\processed\Mystery mystery\206_seg001.wav,Mystery mystery
data\processed\Mystery mystery\122_seg008.wav,Mystery mystery
data\processed\Pellorneum ruficeps\75_seg024.wav,Pellorneum ruficeps
data\processed\Rimator malacoptilus\8_seg014.wav,Rimator malacoptilus
data\processed\Dicaeum minullum\7_seg000.wav,Dicaeum minullum
data\processed\Mystery mystery\138_seg001.wav,Mystery mystery
data\processed\Cyornis unicolor\20_seg011.wav,Cyornis unicolor
data\processed\Cuculus micropterus\50_seg001.wav,Cuculus micropterus
data\processed\Polyplectron bicalcaratum\5_seg003.wav,Polyplectron bicalcaratum
data\processed\Cuculus micropterus\32_seg001.wav,Cuculus micropterus
data\processed\Mystery mystery\364_seg016.wav,Mystery mystery
data\processed\Mystery mystery\373_seg023.wav,Mystery mystery
data\processed\Argya longirostris\10_seg003.wav,Argya longirostris
data\processed\Rimator malacoptilus\8_seg007.wav,Rimator malacoptilus
data\processed\Pnoepyga pusilla\18_seg008.wav,Pnoepyga pusilla
data\processed\Pomatorhinus ruficollis\24_seg044.wav,Pomatorhinus ruficollis
data\processed\Mystery mystery\345_seg038.wav,Mystery mystery
data\processed\Centropus andamanensis\10_seg002.wav,Centropus andamanensis
data\processed\Chloropsis jerdoni\9_seg002.wav,Chloropsis jerdoni
data\processed\noise\Cyornis_magnirostris__5__seg018.wav,noise
data\processed\Mystery mystery\312_seg007.wav,Mystery mystery
data\processed\Mystery mystery\127_seg003.wav,Mystery mystery
data\processed\Mystery mystery\56_seg000.wav,Mystery mystery
data\processed\Mystery mystery\285_seg000.wav,Mystery mystery
data\processed\Mystery mystery\341_seg016.wav,Mystery mystery
data\processed\noise\Rimator_malacoptilus__12__seg013.wav,noise
data\processed\Psilopogon lineatus\4_seg002.wav,Psilopogon lineatus
data\processed\Mystery mystery\415_seg007.wav,Mystery mystery
data\processed\Mystery mystery\414_seg021.wav,Mystery mystery
data\processed\Psittacula eupatria\6_seg011.wav,Psittacula eupatria
data\processed\Sphenocichla humei\36_seg002.wav,Sphenocichla humei
data\processed\Chloropsis jerdoni\9_seg017.wav,Chloropsis jerdoni
data\processed\Stachyridopsis ambigua\4_seg004.wav,Stachyridopsis ambigua
data\processed\Todiramphus chloris\18_seg011.wav,Todiramphus chloris
data\processed\Todiramphus chloris\19_seg011.wav,Todiramphus chloris
data\processed\Mystery mystery\314_seg010.wav,Mystery mystery
data\processed\Dicrurus andamanensis\12_seg008.wav,Dicrurus andamanensis
data\processed\Sphenocichla humei\39_seg002.wav,Sphenocichla humei
data\processed\Cyornis poliogenys\5_seg006.wav,Cyornis poliogenys
data\processed\Mystery mystery\116_seg006.wav,Mystery mystery
data\processed\Mystery mystery\333_seg003.wav,Mystery mystery
data\processed\Alcippe cinerea\19_seg016.wav,Alcippe cinerea
data\processed\Phylloscopus forresti\1_seg009.wav,Phylloscopus forresti
data\processed\Locustella davidi\6_seg011.wav,Locustella davidi
data\processed\Pomatorhinus ruficollis\35_seg016.wav,Pomatorhinus ruficollis
data\processed\Pnoepyga pusilla\6_seg007.wav,Pnoepyga pusilla
data\processed\Mystery mystery\414_seg013.wav,Mystery mystery
data\processed\Pellorneum ruficeps\32_seg047.wav,Pellorneum ruficeps
data\processed\Mystery mystery\423_seg020.wav,Mystery mystery
data\processed\Psittacula eupatria\6_seg002.wav,Psittacula eupatria
data\processed\Loriculus vernalis\8_seg007.wav,Loriculus vernalis
data\processed\noise\Cyornis_poliogenys__10__seg003.wav,noise
data\processed\noise\Cyornis_unicolor__25__seg019.wav,noise
data\processed\Dicrurus andamanensis\11_seg008.wav,Dicrurus andamanensis
data\processed\Mystery mystery\61_seg003.wav,Mystery mystery
data\processed\Dicrurus andamanensis\3_seg002.wav,Dicrurus andamanensis
data\processed\Stachyridopsis ambigua\9_seg002.wav,Stachyridopsis ambigua
data\processed\Pomatorhinus ruficollis\29_seg002.wav,Pomatorhinus ruficollis
data\processed\Cyornis poliogenys\2_seg004.wav,Cyornis poliogenys
data\processed\Pellorneum ruficeps\64_seg004.wav,Pellorneum ruficeps
data\processed\Pellorneum ruficeps\32_seg017.wav,Pellorneum ruficeps
data\processed\Mystery mystery\269_seg003.wav,Mystery mystery
data\processed\Mystery mystery\320_seg000.wav,Mystery mystery
data\processed\Loriculus vernalis\27_seg004.wav,Loriculus vernalis
data\processed\Acridotheres fuscus\5_seg012.wav,Acridotheres fuscus
data\processed\Chelidorhynx hypoxanthus\15_seg014.wav,Chelidorhynx hypoxanthus
data\processed\Glaucidium cuculoides\30_seg005.wav,Glaucidium cuculoides
data\processed\Chloropsis\14_seg064.wav,Chloropsis
data\processed\Pomatorhinus ruficollis\14_seg000.wav,Pomatorhinus ruficollis
data\processed\Cyornis poliogenys\11_seg013.wav,Cyornis poliogenys
data\processed\Arborophila torqueola\20_seg015.wav,Arborophila torqueola
data\processed\Liocichla phoenicea\22_seg000.wav,Liocichla phoenicea
data\processed\Arborophila torqueola\1_seg010.wav,Arborophila torqueola
data\processed\Pellorneum ruficeps\52_seg009.wav,Pellorneum ruficeps
data\processed\Psilopogon lineatus\21_seg018.wav,Psilopogon lineatus
data\processed\Pellorneum ruficeps\23_seg007.wav,Pellorneum ruficeps
data\processed\Rimator malacoptilus\17_seg010.wav,Rimator malacoptilus
data\processed\Arborophila torqueola\28_seg027.wav,Arborophila torqueola
data\processed\Cuculus micropterus\49_seg004.wav,Cuculus micropterus
data\processed\Mystery mystery\343_seg005.wav,Mystery mystery
data\processed\Pellorneum ruficeps\17_seg008.wav,Pellorneum ruficeps
data\processed\Mystery mystery\377_seg013.wav,Mystery mystery
data\processed\Liocichla phoenicea\8_seg002.wav,Liocichla phoenicea
data\processed\Dicrurus andamanensis\13_seg000.wav,Dicrurus andamanensis
data\processed\Mystery mystery\381_seg000.wav,Mystery mystery
data\processed\Cuculus micropterus\35_seg010.wav,Cuculus micropterus
data\processed\Cyornis unicolor\12_seg005.wav,Cyornis unicolor
data\processed\Rimator malacoptilus\5_seg017.wav,Rimator malacoptilus
data\processed\Sphenocichla humei\32_seg001.wav,Sphenocichla humei
data\processed\Eurystomus orientalis\2_seg000.wav,Eurystomus orientalis
data\processed\Acridotheres fuscus\5_seg006.wav,Acridotheres fuscus
data\processed\Pnoepyga pusilla\23_seg012.wav,Pnoepyga pusilla
data\processed\Dicrurus andamanensis\1_seg001.wav,Dicrurus andamanensis
data\processed\Mystery mystery\110_seg040.wav,Mystery mystery
data\processed\Cyornis concretus\1_seg018.wav,Cyornis concretus
data\processed\Chloropsis jerdoni\3_seg003.wav,Chloropsis jerdoni
data\processed\Glaucidium cuculoides\21_seg008.wav,Glaucidium cuculoides
data\processed\Arborophila torqueola\20_seg010.wav,Arborophila torqueola
data\processed\Rimator malacoptilus\2_seg007.wav,Rimator malacoptilus
data\processed\Mystery mystery\246_seg017.wav,Mystery mystery
data\processed\Arborophila torqueola\7_seg010.wav,Arborophila torqueola
data\processed\Mystery mystery\301_seg026.wav,Mystery mystery
data\processed\Cuculus micropterus\45_seg021.wav,Cuculus micropterus
data\processed\Loriculus vernalis\21_seg003.wav,Loriculus vernalis
data\processed\Sturnia malabarica\3_seg010.wav,Sturnia malabarica
data\processed\noise\Liocichla_phoenicea__9__seg002.wav,noise
data\processed\Chloropsis jerdoni\9_seg018.wav,Chloropsis jerdoni
data\processed\Mystery mystery\268_seg002.wav,Mystery mystery
data\processed\Todiramphus chloris\13_seg012.wav,Todiramphus chloris
data\processed\noise\Mystery_mystery__38__seg015.wav,noise
data\processed\Cyornis poliogenys\15_seg007.wav,Cyornis poliogenys
data\processed\Psilopogon lineatus\22_seg000.wav,Psilopogon lineatus
data\processed\Mystery mystery\276_seg000.wav,Mystery mystery
data\processed\Pellorneum ruficeps\53_seg004.wav,Pellorneum ruficeps
data\processed\Psittacula eupatria\2_seg003.wav,Psittacula eupatria
data\processed\Eurystomus orientalis\1_seg012.wav,Eurystomus orientalis
data\processed\Dicrurus andamanensis\20_seg000.wav,Dicrurus andamanensis
data\processed\Chelidorhynx hypoxanthus\12_seg002.wav,Chelidorhynx hypoxanthus
data\processed\Phylloscopus inornatus\7_seg000.wav,Phylloscopus inornatus
data\processed\Mystery mystery\409_seg032.wav,Mystery mystery
data\processed\Pellorneum ruficeps\26_seg011.wav,Pellorneum ruficeps
data\processed\Alcippe cinerea\3_seg010.wav,Alcippe cinerea
data\processed\Cyornis unicolor\11_seg014.wav,Cyornis unicolor
data\processed\noise\Rimator_malacoptilus__13__seg002.wav,noise
data\processed\Pomatorhinus ruficollis\9_seg002.wav,Pomatorhinus ruficollis
data\processed\Cuculus micropterus\45_seg007.wav,Cuculus micropterus
data\processed\Cyornis unicolor\19_seg000.wav,Cyornis unicolor
data\processed\Arborophila torqueola\17_seg003.wav,Arborophila torqueola
data\processed\Mystery mystery\7_seg021.wav,Mystery mystery
data\processed\Arborophila torqueola\3_seg002.wav,Arborophila torqueola
data\processed\Mystery mystery\442_seg006.wav,Mystery mystery
data\processed\Cuculus micropterus\49_seg000.wav,Cuculus micropterus
data\processed\Arborophila torqueola\6_seg019.wav,Arborophila torqueola
data\processed\Cuculus micropterus\9_seg011.wav,Cuculus micropterus
data\processed\Todiramphus chloris\18_seg000.wav,Todiramphus chloris
data\processed\Dicrurus andamanensis\2_seg003.wav,Dicrurus andamanensis
data\processed\Rimator malacoptilus\10_seg016.wav,Rimator malacoptilus
data\processed\Pnoepyga pusilla\20_seg012.wav,Pnoepyga pusilla
data\processed\Chelidorhynx hypoxanthus\5_seg003.wav,Chelidorhynx hypoxanthus
data\processed\Polyplectron bicalcaratum\7_seg007.wav,Polyplectron bicalcaratum
data\processed\Cyornis poliogenys\19_seg000.wav,Cyornis poliogenys
data\processed\Mystery mystery\110_seg037.wav,Mystery mystery
data\processed\Dicaeum cruentatum\8_seg007.wav,Dicaeum cruentatum
data\processed\Pomatorhinus ruficollis\18_seg031.wav,Pomatorhinus ruficollis
data\processed\Mystery mystery\345_seg014.wav,Mystery mystery
data\processed\Liocichla phoenicea\11_seg007.wav,Liocichla phoenicea
data\processed\Mystery mystery\120_seg007.wav,Mystery mystery
data\processed\Cyornis unicolor\3_seg006.wav,Cyornis unicolor
data\processed\Mystery mystery\161_seg001.wav,Mystery mystery
data\processed\Chloropsis\14_seg079.wav,Chloropsis
data\processed\Mystery mystery\386_seg011.wav,Mystery mystery
data\processed\noise\Glaucidium_cuculoides__12__seg017.wav,noise
data\processed\Glaucidium cuculoides\30_seg026.wav,Glaucidium cuculoides
data\processed\Dicaeum cruentatum\1_seg021.wav,Dicaeum cruentatum
data\processed\Glaucidium cuculoides\15_seg006.wav,Glaucidium cuculoides
data\processed\Sphenocichla humei\13_seg000.wav,Sphenocichla humei
data\processed\Pellorneum ruficeps\23_seg004.wav,Pellorneum ruficeps
data\processed\Cuculus micropterus\3_seg002.wav,Cuculus micropterus
data\processed\Rimator malacoptilus\18_seg014.wav,Rimator malacoptilus
data\processed\Cuculus micropterus\9_seg016.wav,Cuculus micropterus
data\processed\Arborophila torqueola\28_seg038.wav,Arborophila torqueola
data\processed\Mystery mystery\256_seg005.wav,Mystery mystery
data\processed\Mystery mystery\122_seg001.wav,Mystery mystery
data\processed\noise\Chloropsis__2__seg002.wav,noise
data\processed\Loriculus vernalis\33_seg003.wav,Loriculus vernalis
data\processed\Pellorneum ruficeps\36_seg002.wav,Pellorneum ruficeps
data\processed\Pomatorhinus ruficollis\24_seg017.wav,Pomatorhinus ruficollis
data\processed\Mystery mystery\365_seg013.wav,Mystery mystery
data\processed\Liocichla phoenicea\9_seg000.wav,Liocichla phoenicea
data\processed\noise\Pellorneum_ruficeps__59__seg007.wav,noise
data\processed\Mystery mystery\336_seg087.wav,Mystery mystery
data\processed\Mystery mystery\357_seg001.wav,Mystery mystery
data\processed\Cyornis poliogenys\8_seg004.wav,Cyornis poliogenys
data\processed\Mystery mystery\382_seg012.wav,Mystery mystery
data\processed\Chloropsis\14_seg085.wav,Chloropsis
data\processed\Mystery mystery\17_seg016.wav,Mystery mystery
data\processed\Mystery mystery\361_seg001.wav,Mystery mystery
data\processed\Mystery mystery\270_seg004.wav,Mystery mystery
data\processed\Mystery mystery\432_seg009.wav,Mystery mystery
data\processed\Rimator malacoptilus\5_seg003.wav,Rimator malacoptilus
data\processed\Mystery mystery\127_seg029.wav,Mystery mystery
data\processed\Cyornis unicolor\14_seg009.wav,Cyornis unicolor
data\processed\Mystery mystery\425_seg013.wav,Mystery mystery
data\processed\Chloropsis jerdoni\6_seg018.wav,Chloropsis jerdoni
data\processed\noise\Mystery_mystery__395__seg015.wav,noise
data\processed\Stachyridopsis ambigua\11_seg000.wav,Stachyridopsis ambigua
data\processed\noise\Sphenocichla_humei__23__seg004.wav,noise
data\processed\Mystery mystery\312_seg019.wav,Mystery mystery
data\processed\noise\Mystery_mystery__7__seg018.wav,noise
data\processed\Pellorneum ruficeps\70_seg009.wav,Pellorneum ruficeps
data\processed\Mystery mystery\250_seg008.wav,Mystery mystery
data\processed\Pomatorhinus ruficollis\33_seg001.wav,Pomatorhinus ruficollis
data\processed\Mystery mystery\17_seg014.wav,Mystery mystery
data\processed\Dicrurus andamanensis\16_seg009.wav,Dicrurus andamanensis
data\processed\Stachyridopsis ambigua\11_seg006.wav,Stachyridopsis ambigua
data\processed\Cuculus micropterus\8_seg023.wav,Cuculus micropterus
data\processed\Cuculus micropterus\36_seg000.wav,Cuculus micropterus
data\processed\Mystery mystery\276_seg003.wav,Mystery mystery
data\processed\Stachyridopsis ambigua\6_seg008.wav,Stachyridopsis ambigua
data\processed\Mystery mystery\306_seg001.wav,Mystery mystery
data\processed\Pomatorhinus ruficollis\4_seg014.wav,Pomatorhinus ruficollis
data\processed\Mystery mystery\327_seg017.wav,Mystery mystery
data\processed\Paradoxornis guttaticollis\4_seg003.wav,Paradoxornis guttaticollis
data\processed\Glaucidium cuculoides\12_seg035.wav,Glaucidium cuculoides
data\processed\Mystery mystery\49_seg000.wav,Mystery mystery
data\processed\noise\Argya_longirostris__7__seg013.wav,noise
data\processed\Loriculus vernalis\8_seg010.wav,Loriculus vernalis
data\processed\noise\Cypsiurus_balasiensis__6__seg004.wav,noise
data\processed\Cyornis unicolor\18_seg002.wav,Cyornis unicolor
data\processed\Cuculus micropterus\30_seg000.wav,Cuculus micropterus
data\processed\Mystery mystery\231_seg019.wav,Mystery mystery
data\processed\Cypsiurus balasiensis\7_seg022.wav,Cypsiurus balasiensis
data\processed\noise\Alcippe_cinerea__10__seg017.wav,noise
data\processed\Mystery mystery\373_seg086.wav,Mystery mystery
data\processed\Mystery mystery\420_seg000.wav,Mystery mystery
data\processed\noise\Arborophila_torqueola__28__seg041.wav,noise
data\processed\Phylloscopus inornatus\7_seg003.wav,Phylloscopus inornatus
data\processed\Liocichla phoenicea\13_seg034.wav,Liocichla phoenicea
data\processed\Mystery mystery\224_seg010.wav,Mystery mystery
data\processed\Cyornis poliogenys\3_seg005.wav,Cyornis poliogenys
data\processed\Mystery mystery\165_seg001.wav,Mystery mystery
data\processed\Mystery mystery\305_seg003.wav,Mystery mystery
data\processed\Cyornis poliogenys\29_seg001.wav,Cyornis poliogenys
data\processed\Centropus andamanensis\5_seg010.wav,Centropus andamanensis
data\processed\Cyornis poliogenys\4_seg005.wav,Cyornis poliogenys
data\processed\Mystery mystery\362_seg004.wav,Mystery mystery
data\processed\Mystery mystery\146_seg003.wav,Mystery mystery
data\processed\Pomatorhinus ruficollis\7_seg005.wav,Pomatorhinus ruficollis
data\processed\Sphenocichla humei\42_seg003.wav,Sphenocichla humei
data\processed\Rimator malacoptilus\18_seg004.wav,Rimator malacoptilus
data\processed\Rimator malacoptilus\13_seg003.wav,Rimator malacoptilus
data\processed\Cyornis unicolor\5_seg017.wav,Cyornis unicolor
data\processed\Cyornis poliogenys\29_seg009.wav,Cyornis poliogenys
data\processed\Mystery mystery\37_seg007.wav,Mystery mystery
data\processed\Dicrurus andamanensis\18_seg019.wav,Dicrurus andamanensis
data\processed\Mystery mystery\425_seg009.wav,Mystery mystery
data\processed\Mystery mystery\183_seg002.wav,Mystery mystery
data\processed\Polyplectron bicalcaratum\6_seg000.wav,Polyplectron bicalcaratum
data\processed\Liocichla phoenicea\6_seg000.wav,Liocichla phoenicea
data\processed\Mystery mystery\336_seg034.wav,Mystery mystery
data\processed\Argya longirostris\7_seg016.wav,Argya longirostris
data\processed\noise\Mystery_mystery__332__seg003.wav,noise
data\processed\Cuculus micropterus\8_seg047.wav,Cuculus micropterus
data\processed\Cuculus micropterus\53_seg001.wav,Cuculus micropterus
data\processed\Pellorneum ruficeps\21_seg000.wav,Pellorneum ruficeps
data\processed\Motacilla citreola\13_seg000.wav,Motacilla citreola
data\processed\Pellorneum ruficeps\14_seg000.wav,Pellorneum ruficeps
data\processed\Motacilla citreola\14_seg007.wav,Motacilla citreola
data\processed\Liocichla phoenicea\4_seg005.wav,Liocichla phoenicea
data\processed\noise\Sphenocichla_humei__16__seg005.wav,noise
data\processed\Mystery mystery\115_seg021.wav,Mystery mystery
data\processed\Cyornis poliogenys\14_seg001.wav,Cyornis poliogenys
data\processed\Mystery mystery\269_seg005.wav,Mystery mystery
data\processed\Cuculus micropterus\15_seg000.wav,Cuculus micropterus
data\processed\Macronus gularis\15_seg000.wav,Macronus gularis
data\processed\Macronus gularis\14_seg001.wav,Macronus gularis
data\processed\Mystery mystery\300_seg043.wav,Mystery mystery
data\processed\Pomatorhinus ruficollis\12_seg002.wav,Pomatorhinus ruficollis
data\processed\Pellorneum ruficeps\98_seg000.wav,Pellorneum ruficeps
data\processed\Pomatorhinus ruficollis\35_seg006.wav,Pomatorhinus ruficollis
data\processed\Arborophila torqueola\33_seg007.wav,Arborophila torqueola
data\processed\Mystery mystery\172_seg000.wav,Mystery mystery
data\processed\Cyornis poliogenys\27_seg004.wav,Cyornis poliogenys
data\processed\Cuculus micropterus\26_seg002.wav,Cuculus micropterus
data\processed\Acridotheres fuscus\5_seg000.wav,Acridotheres fuscus
data\processed\Pomatorhinus ruficollis\10_seg001.wav,Pomatorhinus ruficollis
data\processed\Pnoepyga pusilla\23_seg024.wav,Pnoepyga pusilla
data\processed\Dicrurus andamanensis\16_seg007.wav,Dicrurus andamanensis
data\processed\Pellorneum ruficeps\13_seg001.wav,Pellorneum ruficeps
data\processed\Pnoepyga pusilla\19_seg009.wav,Pnoepyga pusilla
data\processed\Arachnothera magna\3_seg008.wav,Arachnothera magna
data\processed\Mystery mystery\296_seg027.wav,Mystery mystery
data\processed\Pellorneum ruficeps\40_seg014.wav,Pellorneum ruficeps
data\processed\Pellorneum ruficeps\50_seg014.wav,Pellorneum ruficeps
data\processed\Cyornis unicolor\21_seg002.wav,Cyornis unicolor
data\processed\Mystery mystery\328_seg015.wav,Mystery mystery
data\processed\Mystery mystery\423_seg006.wav,Mystery mystery
data\processed\Pnoepyga pusilla\26_seg002.wav,Pnoepyga pusilla
data\processed\Stachyridopsis ambigua\15_seg001.wav,Stachyridopsis ambigua
data\processed\Mystery mystery\327_seg010.wav,Mystery mystery
data\processed\noise\Cyornis_unicolor__22__seg013.wav,noise
data\processed\Dicaeum chrysorrheum\1_seg005.wav,Dicaeum chrysorrheum
data\processed\Mystery mystery\267_seg016.wav,Mystery mystery
data\processed\Loriculus vernalis\10_seg020.wav,Loriculus vernalis
data\processed\Mystery mystery\87_seg004.wav,Mystery mystery
data\processed\Rimator malacoptilus\12_seg006.wav,Rimator malacoptilus
data\processed\Pellorneum ruficeps\83_seg017.wav,Pellorneum ruficeps
data\processed\Chloropsis\14_seg088.wav,Chloropsis
data\processed\Psittacula eupatria\5_seg005.wav,Psittacula eupatria
data\processed\Mystery mystery\232_seg008.wav,Mystery mystery
data\processed\Phylloscopus inornatus\8_seg019.wav,Phylloscopus inornatus
data\processed\Mystery mystery\100_seg001.wav,Mystery mystery
data\processed\Psilopogon lineatus\13_seg020.wav,Psilopogon lineatus
data\processed\noise\Psilopogon_lineatus__13__seg003.wav,noise
data\processed\Liocichla phoenicea\21_seg015.wav,Liocichla phoenicea
data\processed\Mystery mystery\148_seg002.wav,Mystery mystery
data\processed\Liocichla phoenicea\15_seg001.wav,Liocichla phoenicea
data\processed\noise\Mystery_mystery__78__seg002.wav,noise
data\processed\Mystery mystery\324_seg006.wav,Mystery mystery
data\processed\Glaucidium cuculoides\31_seg057.wav,Glaucidium cuculoides
data\processed\Pellorneum ruficeps\16_seg000.wav,Pellorneum ruficeps
data\processed\Mystery mystery\423_seg010.wav,Mystery mystery
data\processed\Todiramphus chloris\2_seg001.wav,Todiramphus chloris
data\processed\Mystery mystery\24_seg004.wav,Mystery mystery
data\processed\Argya longirostris\1_seg010.wav,Argya longirostris
data\processed\Acridotheres fuscus\16_seg001.wav,Acridotheres fuscus
data\processed\Mystery mystery\258_seg004.wav,Mystery mystery
data\processed\Mystery mystery\62_seg033.wav,Mystery mystery
data\processed\Glaucidium cuculoides\31_seg000.wav,Glaucidium cuculoides
data\processed\Stachyridopsis ambigua\8_seg001.wav,Stachyridopsis ambigua
data\processed\Mystery mystery\222_seg007.wav,Mystery mystery
data\processed\Liocichla phoenicea\21_seg000.wav,Liocichla phoenicea
data\processed\Mystery mystery\439_seg002.wav,Mystery mystery
data\processed\Mystery mystery\303_seg010.wav,Mystery mystery
data\processed\Pnoepyga pusilla\3_seg001.wav,Pnoepyga pusilla
data\processed\Mystery mystery\38_seg040.wav,Mystery mystery
data\processed\Arborophila torqueola\2_seg040.wav,Arborophila torqueola
data\processed\Mystery mystery\110_seg035.wav,Mystery mystery
data\processed\Mystery mystery\35_seg027.wav,Mystery mystery
data\processed\Pellorneum ruficeps\32_seg061.wav,Pellorneum ruficeps
data\processed\Mystery mystery\123_seg003.wav,Mystery mystery
data\processed\Pomatorhinus ruficollis\6_seg009.wav,Pomatorhinus ruficollis
data\processed\Mystery mystery\343_seg014.wav,Mystery mystery
data\processed\Chelidorhynx hypoxanthus\14_seg006.wav,Chelidorhynx hypoxanthus
data\processed\Psittacula eupatria\25_seg005.wav,Psittacula eupatria
data\processed\Mystery mystery\384_seg014.wav,Mystery mystery
data\processed\Alcippe cinerea\24_seg004.wav,Alcippe cinerea
data\processed\Glaucidium cuculoides\10_seg002.wav,Glaucidium cuculoides
data\processed\Mystery mystery\25_seg031.wav,Mystery mystery
data\processed\Cyornis unicolor\11_seg020.wav,Cyornis unicolor
data\processed\noise\Cyornis_poliogenys__23__seg007.wav,noise
data\processed\Polyplectron bicalcaratum\7_seg008.wav,Polyplectron bicalcaratum
data\processed\Mystery mystery\38_seg003.wav,Mystery mystery
data\processed\Pnoepyga pusilla\14_seg007.wav,Pnoepyga pusilla
data\processed\Chloropsis\14_seg038.wav,Chloropsis
data\processed\Mystery mystery\373_seg036.wav,Mystery mystery
data\processed\Todiramphus chloris\13_seg007.wav,Todiramphus chloris
data\processed\Centropus andamanensis\13_seg001.wav,Centropus andamanensis
data\processed\Dicrurus andamanensis\1_seg000.wav,Dicrurus andamanensis
data\processed\Alcippe cinerea\6_seg011.wav,Alcippe cinerea
data\processed\Phylloscopus inornatus\4_seg003.wav,Phylloscopus inornatus
data\processed\Arborophila torqueola\13_seg039.wav,Arborophila torqueola
data\processed\Pellorneum ruficeps\1_seg002.wav,Pellorneum ruficeps
data\processed\Pellorneum ruficeps\65_seg018.wav,Pellorneum ruficeps
data\processed\Chloropsis jerdoni\5_seg023.wav,Chloropsis jerdoni
data\processed\Arborophila torqueola\28_seg019.wav,Arborophila torqueola
data\processed\Mystery mystery\119_seg002.wav,Mystery mystery
data\processed\Mystery mystery\372_seg000.wav,Mystery mystery
data\processed\Mystery mystery\128_seg002.wav,Mystery mystery
data\processed\Mystery mystery\364_seg018.wav,Mystery mystery
data\processed\Mystery mystery\24_seg010.wav,Mystery mystery
data\processed\Pellorneum ruficeps\74_seg064.wav,Pellorneum ruficeps
data\processed\noise\Cyornis_magnirostris__8__seg016.wav,noise
data\processed\Mystery mystery\374_seg014.wav,Mystery mystery
data\processed\Dicaeum cruentatum\6_seg004.wav,Dicaeum cruentatum
data\processed\Pellorneum ruficeps\16_seg038.wav,Pellorneum ruficeps
data\processed\noise\Arborophila_torqueola__4__seg007.wav,noise
data\processed\Dicaeum cruentatum\1_seg014.wav,Dicaeum cruentatum
data\processed\Mystery mystery\259_seg003.wav,Mystery mystery
data\processed\Mystery mystery\257_seg002.wav,Mystery mystery
data\processed\Mystery mystery\437_seg000.wav,Mystery mystery
data\processed\Psilopogon lineatus\15_seg002.wav,Psilopogon lineatus
data\processed\Alcippe cinerea\6_seg005.wav,Alcippe cinerea
data\processed\Arborophila torqueola\6_seg015.wav,Arborophila torqueola
data\processed\Mystery mystery\310_seg022.wav,Mystery mystery
data\processed\Pomatorhinus ruficollis\18_seg024.wav,Pomatorhinus ruficollis
data\processed\Liocichla phoenicea\23_seg008.wav,Liocichla phoenicea
data\processed\Liocichla phoenicea\11_seg005.wav,Liocichla phoenicea
data\processed\Pellorneum ruficeps\78_seg003.wav,Pellorneum ruficeps
data\processed\noise\Centropus_andamanensis__5__seg006.wav,noise
data\processed\Macronus gularis\8_seg007.wav,Macronus gularis
data\processed\Mystery mystery\389_seg003.wav,Mystery mystery
data\processed\Pellorneum ruficeps\32_seg042.wav,Pellorneum ruficeps
data\processed\noise\Pellorneum_ruficeps__70__seg000.wav,noise
data\processed\Pomatorhinus ruficollis\29_seg007.wav,Pomatorhinus ruficollis
data\processed\Mystery mystery\43_seg023.wav,Mystery mystery
data\processed\Todiramphus chloris\9_seg007.wav,Todiramphus chloris
data\processed\Arborophila torqueola\28_seg031.wav,Arborophila torqueola
data\processed\Pellorneum ruficeps\14_seg021.wav,Pellorneum ruficeps
data\processed\Arborophila torqueola\28_seg016.wav,Arborophila torqueola
data\processed\Mystery mystery\53_seg002.wav,Mystery mystery
data\processed\Mystery mystery\301_seg025.wav,Mystery mystery
data\processed\Argya longirostris\7_seg015.wav,Argya longirostris
data\processed\noise\Mystery_mystery__421__seg014.wav,noise
data\processed\Psilopogon lineatus\5_seg008.wav,Psilopogon lineatus
data\processed\Dicrurus andamanensis\7_seg003.wav,Dicrurus andamanensis
data\processed\Mystery mystery\288_seg001.wav,Mystery mystery
data\processed\Liocichla phoenicea\22_seg007.wav,Liocichla phoenicea
data\processed\noise\Pellorneum_ruficeps__74__seg006.wav,noise
data\processed\Mystery mystery\6_seg002.wav,Mystery mystery
data\processed\Argya longirostris\2_seg011.wav,Argya longirostris
data\processed\Cyornis poliogenys\22_seg005.wav,Cyornis poliogenys
data\processed\Pomatorhinus ruficollis\27_seg008.wav,Pomatorhinus ruficollis
data\processed\Mystery mystery\306_seg015.wav,Mystery mystery
data\processed\Mystery mystery\397_seg002.wav,Mystery mystery
data\processed\Aethopyga gouldiae\5_seg002.wav,Aethopyga gouldiae
data\processed\Polyplectron bicalcaratum\11_seg003.wav,Polyplectron bicalcaratum
data\processed\Mystery mystery\258_seg003.wav,Mystery mystery
data\processed\Cypsiurus balasiensis\4_seg002.wav,Cypsiurus balasiensis
data\processed\Mystery mystery\271_seg005.wav,Mystery mystery
data\processed\Arborophila torqueola\23_seg005.wav,Arborophila torqueola
data\processed\Arborophila torqueola\13_seg023.wav,Arborophila torqueola
data\processed\Arborophila torqueola\26_seg017.wav,Arborophila torqueola
data\processed\Glaucidium cuculoides\26_seg001.wav,Glaucidium cuculoides
data\processed\Macronus gularis\8_seg009.wav,Macronus gularis
data\processed\Centropus andamanensis\12_seg002.wav,Centropus andamanensis
data\processed\Mystery mystery\428_seg002.wav,Mystery mystery
data\processed\Pomatorhinus ruficollis\36_seg006.wav,Pomatorhinus ruficollis
data\processed\Arborophila torqueola\9_seg013.wav,Arborophila torqueola
data\processed\Rimator malacoptilus\17_seg006.wav,Rimator malacoptilus
data\processed\Cyornis unicolor\19_seg011.wav,Cyornis unicolor
data\processed\Macronus gularis\5_seg009.wav,Macronus gularis
data\processed\Phylloscopus subaffinis\1_seg001.wav,Phylloscopus subaffinis
data\processed\Mystery mystery\19_seg002.wav,Mystery mystery
data\processed\Argya longirostris\2_seg013.wav,Argya longirostris
data\processed\Mystery mystery\241_seg000.wav,Mystery mystery
data\processed\Phylloscopus forresti\3_seg016.wav,Phylloscopus forresti
data\processed\Mystery mystery\267_seg013.wav,Mystery mystery
data\processed\Pellorneum ruficeps\50_seg009.wav,Pellorneum ruficeps
data\processed\Pomatorhinus ruficollis\22_seg001.wav,Pomatorhinus ruficollis
data\processed\noise\Spelaeornis_oatesi__2__seg006.wav,noise
data\processed\Pellorneum ruficeps\93_seg001.wav,Pellorneum ruficeps
data\processed\Cyornis poliogenys\19_seg008.wav,Cyornis poliogenys
data\processed\Mystery mystery\60_seg005.wav,Mystery mystery
data\processed\Eurystomus orientalis\5_seg004.wav,Eurystomus orientalis
data\processed\noise\Glaucidium_cuculoides__12__seg002.wav,noise
data\processed\Mystery mystery\291_seg002.wav,Mystery mystery
data\processed\Mystery mystery\180_seg000.wav,Mystery mystery
data\processed\Liocichla phoenicea\13_seg002.wav,Liocichla phoenicea
data\processed\Mystery mystery\1_seg016.wav,Mystery mystery
data\processed\Mystery mystery\126_seg009.wav,Mystery mystery
data\processed\Stachyridopsis ambigua\9_seg003.wav,Stachyridopsis ambigua
data\processed\Mystery mystery\442_seg012.wav,Mystery mystery
data\processed\Psilopogon lineatus\5_seg018.wav,Psilopogon lineatus
data\processed\Pellorneum ruficeps\17_seg017.wav,Pellorneum ruficeps
data\processed\Sphenocichla humei\31_seg006.wav,Sphenocichla humei
data\processed\Cuculus micropterus\7_seg008.wav,Cuculus micropterus
data\processed\Mystery mystery\258_seg026.wav,Mystery mystery
data\processed\Dicrurus andamanensis\3_seg000.wav,Dicrurus andamanensis
data\processed\Mystery mystery\84_seg003.wav,Mystery mystery
data\processed\Mystery mystery\19_seg063.wav,Mystery mystery
data\processed\Pellorneum ruficeps\86_seg006.wav,Pellorneum ruficeps
data\processed\Pellorneum ruficeps\41_seg005.wav,Pellorneum ruficeps
data\processed\Pellorneum ruficeps\71_seg003.wav,Pellorneum ruficeps
data\processed\Cyornis unicolor\20_seg009.wav,Cyornis unicolor
data\processed\Pluvialis squatarola\2_seg002.wav,Pluvialis squatarola
data\processed\noise\Cyornis_magnirostris__7__seg004.wav,noise
data\processed\Arborophila torqueola\30_seg003.wav,Arborophila torqueola
data\processed\Glaucidium cuculoides\39_seg003.wav,Glaucidium cuculoides
data\processed\Cyornis magnirostris\1_seg007.wav,Cyornis magnirostris
data\processed\noise\Arborophila_torqueola__31__seg016.wav,noise
data\processed\Todiramphus chloris\4_seg007.wav,Todiramphus chloris
data\processed\Mystery mystery\338_seg022.wav,Mystery mystery
data\processed\Loriculus vernalis\2_seg000.wav,Loriculus vernalis
data\processed\Cyornis poliogenys\10_seg027.wav,Cyornis poliogenys
data\processed\Cyornis unicolor\26_seg000.wav,Cyornis unicolor
data\processed\Mystery mystery\338_seg003.wav,Mystery mystery
data\processed\Psittacula eupatria\8_seg003.wav,Psittacula eupatria
data\processed\Glaucidium cuculoides\30_seg024.wav,Glaucidium cuculoides
data\processed\Pnoepyga pusilla\9_seg008.wav,Pnoepyga pusilla
data\processed\Stachyridopsis ambigua\14_seg002.wav,Stachyridopsis ambigua
data\processed\Pellorneum ruficeps\69_seg031.wav,Pellorneum ruficeps
data\processed\Phylloscopus inornatus\4_seg007.wav,Phylloscopus inornatus
data\processed\Pellorneum ruficeps\78_seg001.wav,Pellorneum ruficeps
data\processed\Mystery mystery\27_seg001.wav,Mystery mystery
data\processed\Mystery mystery\426_seg018.wav,Mystery mystery
data\processed\Mystery mystery\242_seg008.wav,Mystery mystery
data\processed\Mystery mystery\382_seg013.wav,Mystery mystery
data\processed\Cyornis unicolor\19_seg009.wav,Cyornis unicolor
data\processed\Todiramphus chloris\23_seg010.wav,Todiramphus chloris
data\processed\Centropus andamanensis\2_seg009.wav,Centropus andamanensis
data\processed\Chloropsis\14_seg049.wav,Chloropsis
data\processed\Psilopogon lineatus\21_seg005.wav,Psilopogon lineatus
data\processed\Mystery mystery\109_seg004.wav,Mystery mystery
data\processed\Pellorneum ruficeps\23_seg003.wav,Pellorneum ruficeps
data\processed\Mystery mystery\43_seg045.wav,Mystery mystery
data\processed\noise\Glaucidium_cuculoides__10__seg006.wav,noise
data\processed\Dicaeum minullum\4_seg001.wav,Dicaeum minullum
data\processed\Mystery mystery\11_seg035.wav,Mystery mystery
data\processed\Acridotheres fuscus\7_seg014.wav,Acridotheres fuscus
data\processed\Mystery mystery\342_seg001.wav,Mystery mystery
data\processed\Pellorneum ruficeps\8_seg017.wav,Pellorneum ruficeps
data\processed\noise\Cyornis_unicolor__24__seg001.wav,noise
data\processed\Dicrurus andamanensis\10_seg001.wav,Dicrurus andamanensis
data\processed\Pellorneum ruficeps\67_seg011.wav,Pellorneum ruficeps
data\processed\Mystery mystery\231_seg007.wav,Mystery mystery
data\processed\Mystery mystery\433_seg006.wav,Mystery mystery
data\processed\Pnoepyga pusilla\24_seg002.wav,Pnoepyga pusilla
data\processed\Mystery mystery\127_seg018.wav,Mystery mystery
data\processed\Alcippe cinerea\3_seg002.wav,Alcippe cinerea
data\processed\noise\Mystery_mystery__418__seg002.wav,noise
data\processed\Psilopogon lineatus\22_seg001.wav,Psilopogon lineatus
data\processed\Cyornis poliogenys\6_seg009.wav,Cyornis poliogenys
data\processed\noise\Arborophila_torqueola__4__seg002.wav,noise
data\processed\Argya longirostris\11_seg006.wav,Argya longirostris
data\processed\noise\Locustella_davidi__1__seg001.wav,noise
data\processed\Pnoepyga pusilla\18_seg005.wav,Pnoepyga pusilla
data\processed\Liocichla phoenicea\16_seg005.wav,Liocichla phoenicea
data\processed\Cuculus micropterus\8_seg010.wav,Cuculus micropterus
data\processed\Pomatorhinus ruficollis\18_seg032.wav,Pomatorhinus ruficollis
data\processed\Pomatorhinus ruficollis\18_seg019.wav,Pomatorhinus ruficollis
data\processed\Mystery mystery\146_seg002.wav,Mystery mystery
data\processed\Mystery mystery\380_seg000.wav,Mystery mystery
data\processed\Chelidorhynx hypoxanthus\1_seg002.wav,Chelidorhynx hypoxanthus
data\processed\Pnoepyga pusilla\18_seg012.wav,Pnoepyga pusilla
data\processed\Chelidorhynx hypoxanthus\10_seg012.wav,Chelidorhynx hypoxanthus
data\processed\Arborophila torqueola\20_seg004.wav,Arborophila torqueola
data\processed\Chloropsis jerdoni\10_seg007.wav,Chloropsis jerdoni
data\processed\Liocichla phoenicea\13_seg039.wav,Liocichla phoenicea
data\processed\noise\Cypsiurus_balasiensis__8__seg002.wav,noise
data\processed\Pellorneum ruficeps\15_seg006.wav,Pellorneum ruficeps
data\processed\Mystery mystery\43_seg031.wav,Mystery mystery
data\processed\Mystery mystery\325_seg038.wav,Mystery mystery
data\processed\Psittacula eupatria\28_seg000.wav,Psittacula eupatria
data\processed\Cuculus micropterus\44_seg007.wav,Cuculus micropterus
data\processed\Polyplectron bicalcaratum\10_seg000.wav,Polyplectron bicalcaratum
data\processed\Cuculus micropterus\36_seg001.wav,Cuculus micropterus
data\processed\Pellorneum ruficeps\82_seg003.wav,Pellorneum ruficeps
data\processed\Alcippe cinerea\17_seg000.wav,Alcippe cinerea
data\processed\Sphenocichla humei\20_seg018.wav,Sphenocichla humei
data\processed\Sturnia malabarica\16_seg019.wav,Sturnia malabarica
data\processed\Macronus gularis\11_seg000.wav,Macronus gularis
data\processed\Phylloscopus inornatus\8_seg015.wav,Phylloscopus inornatus
data\processed\Phylloscopus forresti\5_seg000.wav,Phylloscopus forresti
data\processed\Mystery mystery\55_seg011.wav,Mystery mystery
data\processed\Psittacula eupatria\28_seg011.wav,Psittacula eupatria
data\processed\Acridotheres fuscus\7_seg000.wav,Acridotheres fuscus
data\processed\noise\Loriculus_vernalis__27__seg009.wav,noise
data\processed\Loriculus vernalis\15_seg002.wav,Loriculus vernalis
data\processed\Pomatorhinus ruficollis\33_seg004.wav,Pomatorhinus ruficollis
data\processed\Chloropsis\14_seg069.wav,Chloropsis
data\processed\Centropus andamanensis\2_seg003.wav,Centropus andamanensis
data\processed\Mystery mystery\327_seg022.wav,Mystery mystery
data\processed\Chelidorhynx hypoxanthus\13_seg006.wav,Chelidorhynx hypoxanthus
data\processed\Arborophila torqueola\17_seg001.wav,Arborophila torqueola
data\processed\Phylloscopus forresti\5_seg005.wav,Phylloscopus forresti
data\processed\Cyornis magnirostris\8_seg021.wav,Cyornis magnirostris
data\processed\Cyornis poliogenys\5_seg008.wav,Cyornis poliogenys
data\processed\Pnoepyga pusilla\1_seg016.wav,Pnoepyga pusilla
data\processed\noise\Stachyridopsis_ambigua__7__seg002.wav,noise
data\processed\Centropus andamanensis\4_seg012.wav,Centropus andamanensis
data\processed\Glaucidium cuculoides\31_seg073.wav,Glaucidium cuculoides
data\processed\Spelaeornis oatesi\2_seg007.wav,Spelaeornis oatesi
data\processed\Mystery mystery\19_seg067.wav,Mystery mystery
data\processed\Alcippe cinerea\23_seg008.wav,Alcippe cinerea
data\processed\noise\Mystery_mystery__332__seg033.wav,noise
data\processed\Cyornis unicolor\9_seg004.wav,Cyornis unicolor
data\processed\Mystery mystery\231_seg021.wav,Mystery mystery
data\processed\Pellorneum ruficeps\80_seg005.wav,Pellorneum ruficeps
data\processed\Pomatorhinus ruficollis\19_seg007.wav,Pomatorhinus ruficollis
data\processed\Pomatorhinus ruficollis\18_seg034.wav,Pomatorhinus ruficollis
data\processed\Mystery mystery\301_seg006.wav,Mystery mystery
data\processed\Chelidorhynx hypoxanthus\4_seg009.wav,Chelidorhynx hypoxanthus
data\processed\Cuculus micropterus\24_seg007.wav,Cuculus micropterus
data\processed\Glaucidium cuculoides\25_seg019.wav,Glaucidium cuculoides
data\processed\Cyornis unicolor\21_seg005.wav,Cyornis unicolor
data\processed\Locustella davidi\7_seg004.wav,Locustella davidi
data\processed\Liocichla phoenicea\21_seg003.wav,Liocichla phoenicea
data\processed\Mystery mystery\75_seg004.wav,Mystery mystery
data\processed\Psittacula eupatria\11_seg006.wav,Psittacula eupatria
data\processed\Cyornis poliogenys\17_seg016.wav,Cyornis poliogenys
data\processed\Cypsiurus balasiensis\3_seg000.wav,Cypsiurus balasiensis
data\processed\Mystery mystery\258_seg012.wav,Mystery mystery
data\processed\Dicrurus andamanensis\19_seg002.wav,Dicrurus andamanensis
data\processed\Pellorneum ruficeps\40_seg006.wav,Pellorneum ruficeps
data\processed\Mystery mystery\301_seg040.wav,Mystery mystery
data\processed\Mystery mystery\336_seg064.wav,Mystery mystery
data\processed\Mystery mystery\415_seg012.wav,Mystery mystery
data\processed\Liocichla phoenicea\2_seg002.wav,Liocichla phoenicea
data\processed\noise\Cyornis_poliogenys__10__seg021.wav,noise
data\processed\Cuculus micropterus\8_seg002.wav,Cuculus micropterus
data\processed\Mystery mystery\37_seg002.wav,Mystery mystery
data\processed\Cyornis poliogenys\16_seg009.wav,Cyornis poliogenys
data\processed\Polyplectron bicalcaratum\2_seg008.wav,Polyplectron bicalcaratum
data\processed\Arborophila torqueola\8_seg007.wav,Arborophila torqueola
data\processed\Aethopyga gouldiae\1_seg000.wav,Aethopyga gouldiae
data\processed\Pellorneum ruficeps\49_seg007.wav,Pellorneum ruficeps
data\processed\Mystery mystery\410_seg025.wav,Mystery mystery
data\processed\Pomatorhinus ruficollis\24_seg031.wav,Pomatorhinus ruficollis
data\processed\Pnoepyga pusilla\29_seg018.wav,Pnoepyga pusilla
data\processed\Dicaeum cruentatum\1_seg019.wav,Dicaeum cruentatum
data\processed\Mystery mystery\168_seg000.wav,Mystery mystery
data\processed\Todiramphus chloris\6_seg001.wav,Todiramphus chloris
data\processed\Chloropsis\8_seg008.wav,Chloropsis
data\processed\noise\Spelaeornis_oatesi__2__seg010.wav,noise
data\processed\Mystery mystery\385_seg013.wav,Mystery mystery
data\processed\Mystery mystery\32_seg000.wav,Mystery mystery
data\processed\Riparia chinensis\7_seg002.wav,Riparia chinensis
data\processed\Cuculus micropterus\42_seg000.wav,Cuculus micropterus
data\processed\Psittacula eupatria\28_seg016.wav,Psittacula eupatria
data\processed\Mystery mystery\11_seg022.wav,Mystery mystery
data\processed\Pomatorhinus ruficollis\17_seg006.wav,Pomatorhinus ruficollis
data\processed\Mystery mystery\295_seg002.wav,Mystery mystery
data\processed\Mystery mystery\313_seg002.wav,Mystery mystery
data\processed\Pellorneum ruficeps\64_seg013.wav,Pellorneum ruficeps
data\processed\Mystery mystery\5_seg004.wav,Mystery mystery
data\processed\Pluvialis squatarola\1_seg003.wav,Pluvialis squatarola
data\processed\noise\Alcippe_cinerea__10__seg000.wav,noise
data\processed\Eurystomus orientalis\2_seg009.wav,Eurystomus orientalis
data\processed\Mystery mystery\373_seg026.wav,Mystery mystery
data\processed\noise\Pellorneum_ruficeps__86__seg044.wav,noise
data\processed\Cyornis unicolor\8_seg004.wav,Cyornis unicolor
data\processed\Sphenocichla humei\39_seg009.wav,Sphenocichla humei
data\processed\Glaucidium cuculoides\32_seg000.wav,Glaucidium cuculoides
data\processed\Chloropsis\14_seg078.wav,Chloropsis
data\processed\Mystery mystery\39_seg020.wav,Mystery mystery
data\processed\Dicrurus andamanensis\13_seg003.wav,Dicrurus andamanensis
data\processed\Mystery mystery\85_seg005.wav,Mystery mystery
data\processed\Argya longirostris\8_seg002.wav,Argya longirostris
data\processed\Pellorneum ruficeps\68_seg007.wav,Pellorneum ruficeps
data\processed\Arborophila torqueola\13_seg042.wav,Arborophila torqueola
data\processed\Mystery mystery\167_seg001.wav,Mystery mystery
data\processed\Liocichla phoenicea\15_seg004.wav,Liocichla phoenicea
data\processed\Rimator malacoptilus\16_seg000.wav,Rimator malacoptilus
data\processed\Liocichla phoenicea\21_seg014.wav,Liocichla phoenicea
data\processed\Mystery mystery\19_seg007.wav,Mystery mystery
data\processed\Glaucidium cuculoides\38_seg003.wav,Glaucidium cuculoides
data\processed\Chloropsis jerdoni\13_seg004.wav,Chloropsis jerdoni
data\processed\Cuculus micropterus\27_seg004.wav,Cuculus micropterus
data\processed\Cypsiurus balasiensis\7_seg031.wav,Cypsiurus balasiensis
data\processed\Pellorneum ruficeps\75_seg023.wav,Pellorneum ruficeps
data\processed\Chloropsis jerdoni\1_seg007.wav,Chloropsis jerdoni
data\processed\Cypsiurus balasiensis\8_seg004.wav,Cypsiurus balasiensis
data\processed\Mystery mystery\19_seg023.wav,Mystery mystery
data\processed\Macronus gularis\20_seg002.wav,Macronus gularis
data\processed\Phylloscopus forresti\5_seg015.wav,Phylloscopus forresti
data\processed\Sturnia malabarica\1_seg003.wav,Sturnia malabarica
data\processed\Mystery mystery\41_seg019.wav,Mystery mystery
data\processed\Pellorneum ruficeps\82_seg004.wav,Pellorneum ruficeps
data\processed\Mystery mystery\46_seg007.wav,Mystery mystery
data\processed\Mystery mystery\240_seg013.wav,Mystery mystery
data\processed\Mystery mystery\345_seg012.wav,Mystery mystery
data\processed\Chloropsis jerdoni\2_seg009.wav,Chloropsis jerdoni
data\processed\Mystery mystery\345_seg030.wav,Mystery mystery
data\processed\Chloropsis\10_seg017.wav,Chloropsis
data\processed\Cyornis magnirostris\8_seg019.wav,Cyornis magnirostris
data\processed\Sphenocichla humei\5_seg002.wav,Sphenocichla humei
data\processed\Mystery mystery\81_seg000.wav,Mystery mystery
data\processed\Loriculus vernalis\26_seg007.wav,Loriculus vernalis
data\processed\Cyornis poliogenys\4_seg007.wav,Cyornis poliogenys
data\processed\Dicaeum cruentatum\1_seg009.wav,Dicaeum cruentatum
data\processed\Pomatorhinus ruficollis\31_seg009.wav,Pomatorhinus ruficollis
data\processed\Stachyridopsis ambigua\12_seg003.wav,Stachyridopsis ambigua
data\processed\Mystery mystery\410_seg005.wav,Mystery mystery
data\processed\Mystery mystery\19_seg042.wav,Mystery mystery
data\processed\Pellorneum ruficeps\3_seg005.wav,Pellorneum ruficeps
data\processed\noise\Pomatorhinus_ruficollis__4__seg021.wav,noise
data\processed\Rimator malacoptilus\5_seg006.wav,Rimator malacoptilus
data\processed\Mystery mystery\253_seg001.wav,Mystery mystery
data\processed\Mystery mystery\368_seg003.wav,Mystery mystery
data\processed\Phylloscopus subaffinis\1_seg003.wav,Phylloscopus subaffinis
data\processed\Chloropsis jerdoni\6_seg009.wav,Chloropsis jerdoni
data\processed\Mystery mystery\301_seg000.wav,Mystery mystery
data\processed\noise\Pellorneum_ruficeps__91__seg009.wav,noise
data\processed\Stachyridopsis ambigua\10_seg009.wav,Stachyridopsis ambigua
data\processed\Mystery mystery\414_seg025.wav,Mystery mystery
data\processed\Motacilla citreola\15_seg002.wav,Motacilla citreola
data\processed\Mystery mystery\336_seg090.wav,Mystery mystery
data\processed\Pnoepyga pusilla\25_seg001.wav,Pnoepyga pusilla
data\processed\Eurystomus orientalis\2_seg004.wav,Eurystomus orientalis
data\processed\Mystery mystery\122_seg007.wav,Mystery mystery
data\processed\Macronus gularis\11_seg005.wav,Macronus gularis
data\processed\Mystery mystery\282_seg000.wav,Mystery mystery
data\processed\Mystery mystery\43_seg020.wav,Mystery mystery
data\processed\Mystery mystery\414_seg035.wav,Mystery mystery
data\processed\Chloropsis jerdoni\9_seg019.wav,Chloropsis jerdoni
data\processed\Polyplectron bicalcaratum\2_seg000.wav,Polyplectron bicalcaratum
data\processed\Mystery mystery\411_seg000.wav,Mystery mystery
data\processed\Mystery mystery\127_seg010.wav,Mystery mystery
data\processed\Glaucidium cuculoides\31_seg070.wav,Glaucidium cuculoides
data\processed\Mystery mystery\360_seg008.wav,Mystery mystery
data\processed\Chelidorhynx hypoxanthus\14_seg009.wav,Chelidorhynx hypoxanthus
data\processed\Mystery mystery\240_seg017.wav,Mystery mystery
data\processed\Argya longirostris\2_seg002.wav,Argya longirostris
data\processed\Mystery mystery\127_seg056.wav,Mystery mystery
data\processed\Mystery mystery\232_seg002.wav,Mystery mystery
data\processed\Mystery mystery\360_seg019.wav,Mystery mystery
data\processed\Psittacula eupatria\7_seg001.wav,Psittacula eupatria
data\processed\Arborophila torqueola\2_seg035.wav,Arborophila torqueola
data\processed\Alcippe cinerea\16_seg008.wav,Alcippe cinerea
data\processed\Motacilla citreola\10_seg008.wav,Motacilla citreola
data\processed\Mystery mystery\298_seg002.wav,Mystery mystery
data\processed\Cyornis unicolor\23_seg014.wav,Cyornis unicolor
data\processed\Mystery mystery\428_seg022.wav,Mystery mystery
data\processed\Liocichla phoenicea\10_seg003.wav,Liocichla phoenicea
data\processed\Chelidorhynx hypoxanthus\4_seg004.wav,Chelidorhynx hypoxanthus
data\processed\noise\Glaucidium_cuculoides__12__seg005.wav,noise
data\processed\Cuculus micropterus\18_seg002.wav,Cuculus micropterus
data\processed\Dicrurus andamanensis\15_seg010.wav,Dicrurus andamanensis
data\processed\noise\Mystery_mystery__320__seg006.wav,noise
data\processed\Mystery mystery\314_seg001.wav,Mystery mystery
data\processed\Chelidorhynx hypoxanthus\3_seg003.wav,Chelidorhynx hypoxanthus
data\processed\Glaucidium cuculoides\21_seg001.wav,Glaucidium cuculoides
data\processed\Mystery mystery\17_seg019.wav,Mystery mystery
data\processed\Loriculus vernalis\6_seg001.wav,Loriculus vernalis
data\processed\Pnoepyga pusilla\22_seg012.wav,Pnoepyga pusilla
data\processed\Chloropsis jerdoni\9_seg006.wav,Chloropsis jerdoni
data\processed\Pellorneum ruficeps\69_seg007.wav,Pellorneum ruficeps
data\processed\Cyornis unicolor\1_seg002.wav,Cyornis unicolor
data\processed\Cyornis unicolor\10_seg011.wav,Cyornis unicolor
data\processed\Arborophila torqueola\1_seg015.wav,Arborophila torqueola
data\processed\Polyplectron bicalcaratum\11_seg005.wav,Polyplectron bicalcaratum
data\processed\noise\Mystery_mystery__300__seg007.wav,noise
data\processed\Argya longirostris\5_seg004.wav,Argya longirostris
data\processed\Arborophila torqueola\8_seg001.wav,Arborophila torqueola
data\processed\Pellorneum ruficeps\40_seg019.wav,Pellorneum ruficeps
data\processed\noise\Mystery_mystery__38__seg029.wav,noise
data\processed\Dicrurus andamanensis\10_seg010.wav,Dicrurus andamanensis
data\processed\Mystery mystery\324_seg013.wav,Mystery mystery
data\processed\Cuculus micropterus\66_seg004.wav,Cuculus micropterus
data\processed\Mystery mystery\222_seg005.wav,Mystery mystery
data\processed\Mystery mystery\20_seg002.wav,Mystery mystery
data\processed\Loriculus vernalis\18_seg003.wav,Loriculus vernalis
data\processed\Arborophila torqueola\28_seg003.wav,Arborophila torqueola
data\processed\Acridotheres fuscus\7_seg006.wav,Acridotheres fuscus
data\processed\Paradoxornis guttaticollis\2_seg014.wav,Paradoxornis guttaticollis
data\processed\Mystery mystery\11_seg012.wav,Mystery mystery
data\processed\Mystery mystery\84_seg001.wav,Mystery mystery
data\processed\Sturnia malabarica\3_seg004.wav,Sturnia malabarica
data\processed\noise\Cuculus_micropterus__30__seg007.wav,noise
data\processed\Pomatorhinus ruficollis\28_seg005.wav,Pomatorhinus ruficollis
data\processed\Mystery mystery\406_seg008.wav,Mystery mystery
data\processed\noise\Loriculus_vernalis__25__seg017.wav,noise
data\processed\Pomatorhinus ruficollis\41_seg012.wav,Pomatorhinus ruficollis
data\processed\Psilopogon lineatus\4_seg015.wav,Psilopogon lineatus
data\processed\Mystery mystery\373_seg054.wav,Mystery mystery
data\processed\Stachyridopsis ambigua\11_seg002.wav,Stachyridopsis ambigua
data\processed\Liocichla phoenicea\13_seg006.wav,Liocichla phoenicea
data\processed\Pomatorhinus ruficollis\24_seg002.wav,Pomatorhinus ruficollis
data\processed\Arborophila torqueola\27_seg004.wav,Arborophila torqueola
data\processed\Loriculus vernalis\27_seg010.wav,Loriculus vernalis
data\processed\Motacilla citreola\16_seg000.wav,Motacilla citreola
data\processed\Chelidorhynx hypoxanthus\4_seg003.wav,Chelidorhynx hypoxanthus
data\processed\Mystery mystery\359_seg001.wav,Mystery mystery
data\processed\Mystery mystery\254_seg000.wav,Mystery mystery
data\processed\Todiramphus chloris\21_seg000.wav,Todiramphus chloris
data\processed\noise\Sphenocichla_humei__22__seg021.wav,noise
data\processed\Cuculus micropterus\12_seg014.wav,Cuculus micropterus
data\processed\Alcippe cinerea\7_seg009.wav,Alcippe cinerea
data\processed\Mystery mystery\115_seg023.wav,Mystery mystery
data\processed\Chloropsis\14_seg030.wav,Chloropsis
data\processed\noise\Loriculus_vernalis__1__seg008.wav,noise
data\processed\Mystery mystery\442_seg020.wav,Mystery mystery
data\processed\Cuculus micropterus\58_seg005.wav,Cuculus micropterus
data\processed\Loriculus vernalis\22_seg006.wav,Loriculus vernalis
data\processed\Cuculus micropterus\8_seg008.wav,Cuculus micropterus
data\processed\Psittacula eupatria\11_seg010.wav,Psittacula eupatria
data\processed\Todiramphus chloris\3_seg001.wav,Todiramphus chloris
data\processed\Mystery mystery\406_seg002.wav,Mystery mystery
data\processed\Liocichla phoenicea\8_seg007.wav,Liocichla phoenicea
data\processed\Mystery mystery\354_seg000.wav,Mystery mystery
data\processed\Cuculus micropterus\32_seg000.wav,Cuculus micropterus
data\processed\Glaucidium cuculoides\15_seg002.wav,Glaucidium cuculoides
data\processed\Glaucidium cuculoides\25_seg010.wav,Glaucidium cuculoides
data\processed\Pomatorhinus ruficollis\21_seg008.wav,Pomatorhinus ruficollis
data\processed\Mystery mystery\374_seg005.wav,Mystery mystery
data\processed\Mystery mystery\116_seg011.wav,Mystery mystery
data\processed\Spelaeornis oatesi\5_seg000.wav,Spelaeornis oatesi
data\processed\Arborophila torqueola\13_seg040.wav,Arborophila torqueola
data\processed\Macronus gularis\13_seg004.wav,Macronus gularis
data\processed\noise\Spelaeornis_oatesi__5__seg002.wav,noise
data\processed\noise\Cyornis_poliogenys__17__seg014.wav,noise
data\processed\Cuculus micropterus\66_seg007.wav,Cuculus micropterus
data\processed\Mystery mystery\9_seg018.wav,Mystery mystery
data\processed\Mystery mystery\379_seg005.wav,Mystery mystery
data\processed\Acridotheres fuscus\5_seg010.wav,Acridotheres fuscus
data\processed\Alcippe cinerea\24_seg009.wav,Alcippe cinerea
data\processed\noise\Sphenocichla_humei__12__seg002.wav,noise
data\processed\Mystery mystery\300_seg062.wav,Mystery mystery
data\processed\Sphenocichla humei\9_seg000.wav,Sphenocichla humei
data\processed\Cyornis unicolor\11_seg008.wav,Cyornis unicolor
data\processed\Mystery mystery\343_seg002.wav,Mystery mystery
data\processed\Rimator malacoptilus\3_seg003.wav,Rimator malacoptilus
data\processed\Phylloscopus forresti\4_seg003.wav,Phylloscopus forresti
data\processed\Mystery mystery\267_seg033.wav,Mystery mystery
data\processed\noise\Cyornis_unicolor__25__seg004.wav,noise
data\processed\Mystery mystery\19_seg045.wav,Mystery mystery
data\processed\Dicrurus andamanensis\13_seg009.wav,Dicrurus andamanensis
data\processed\Chloropsis cochinchinensis\1_seg006.wav,Chloropsis cochinchinensis
data\processed\Cuculus micropterus\44_seg008.wav,Cuculus micropterus
data\processed\Glaucidium cuculoides\21_seg004.wav,Glaucidium cuculoides
data\processed\Mystery mystery\91_seg010.wav,Mystery mystery
data\processed\Mystery mystery\210_seg000.wav,Mystery mystery
data\processed\Mystery mystery\307_seg001.wav,Mystery mystery
data\processed\Loriculus vernalis\28_seg006.wav,Loriculus vernalis
data\processed\Mystery mystery\189_seg000.wav,Mystery mystery
data\processed\Macronus gularis\3_seg006.wav,Macronus gularis
data\processed\Mystery mystery\19_seg011.wav,Mystery mystery
data\processed\Mystery mystery\358_seg001.wav,Mystery mystery
data\processed\Glaucidium cuculoides\38_seg006.wav,Glaucidium cuculoides
data\processed\Chelidorhynx hypoxanthus\3_seg000.wav,Chelidorhynx hypoxanthus
data\processed\Sphenocichla humei\11_seg000.wav,Sphenocichla humei
data\processed\Mystery mystery\287_seg006.wav,Mystery mystery
data\processed\noise\Todiramphus_chloris__11__seg004.wav,noise
data\processed\Mystery mystery\377_seg014.wav,Mystery mystery
data\processed\Arborophila torqueola\29_seg007.wav,Arborophila torqueola
data\processed\Cuculus micropterus\24_seg002.wav,Cuculus micropterus
data\processed\Rimator malacoptilus\2_seg000.wav,Rimator malacoptilus
data\processed\Cyornis unicolor\11_seg000.wav,Cyornis unicolor
data\processed\Psilopogon lineatus\5_seg004.wav,Psilopogon lineatus
data\processed\Cyornis magnirostris\5_seg000.wav,Cyornis magnirostris
data\processed\Mystery mystery\364_seg000.wav,Mystery mystery
data\processed\Mystery mystery\112_seg003.wav,Mystery mystery
data\processed\Mystery mystery\273_seg003.wav,Mystery mystery
data\processed\Chloropsis\7_seg005.wav,Chloropsis
data\processed\Glaucidium cuculoides\27_seg001.wav,Glaucidium cuculoides
data\processed\Chloropsis\5_seg003.wav,Chloropsis
data\processed\Glaucidium cuculoides\31_seg025.wav,Glaucidium cuculoides
data\processed\Cuculus micropterus\37_seg001.wav,Cuculus micropterus
data\processed\Cyornis unicolor\20_seg002.wav,Cyornis unicolor
data\processed\Aethopyga gouldiae\4_seg003.wav,Aethopyga gouldiae
data\processed\Loriculus vernalis\29_seg000.wav,Loriculus vernalis
data\processed\Cyornis poliogenys\19_seg015.wav,Cyornis poliogenys
data\processed\Mystery mystery\291_seg003.wav,Mystery mystery
data\processed\Cuculus micropterus\11_seg002.wav,Cuculus micropterus
data\processed\Mystery mystery\228_seg009.wav,Mystery mystery
data\processed\Cuculus micropterus\64_seg003.wav,Cuculus micropterus
data\processed\Chloropsis jerdoni\5_seg024.wav,Chloropsis jerdoni
data\processed\Loriculus vernalis\10_seg015.wav,Loriculus vernalis
data\processed\Cuculus micropterus\41_seg002.wav,Cuculus micropterus
data\processed\Mystery mystery\195_seg007.wav,Mystery mystery
data\processed\Pellorneum ruficeps\32_seg058.wav,Pellorneum ruficeps
data\processed\noise\Mystery_mystery__336__seg094.wav,noise
data\processed\Psittacula eupatria\9_seg001.wav,Psittacula eupatria
data\processed\Mystery mystery\414_seg017.wav,Mystery mystery
data\processed\Pnoepyga pusilla\8_seg006.wav,Pnoepyga pusilla
data\processed\Pellorneum ruficeps\15_seg009.wav,Pellorneum ruficeps
data\processed\Macronus gularis\23_seg003.wav,Macronus gularis
data\processed\Mystery mystery\9_seg005.wav,Mystery mystery
data\processed\Mystery mystery\9_seg007.wav,Mystery mystery
data\processed\Mystery mystery\365_seg001.wav,Mystery mystery
data\processed\Pellorneum ruficeps\65_seg003.wav,Pellorneum ruficeps
data\processed\Sphenocichla humei\5_seg006.wav,Sphenocichla humei
data\processed\Pellorneum ruficeps\44_seg001.wav,Pellorneum ruficeps
data\processed\Sphenocichla humei\10_seg000.wav,Sphenocichla humei
data\processed\Cyornis unicolor\9_seg010.wav,Cyornis unicolor
data\processed\Cyornis poliogenys\22_seg003.wav,Cyornis poliogenys
data\processed\Liocichla phoenicea\12_seg011.wav,Liocichla phoenicea
data\processed\Glaucidium cuculoides\5_seg000.wav,Glaucidium cuculoides
data\processed\Mystery mystery\5_seg002.wav,Mystery mystery
data\processed\Glaucidium cuculoides\31_seg037.wav,Glaucidium cuculoides
data\processed\Mystery mystery\336_seg026.wav,Mystery mystery
data\processed\Liocichla phoenicea\16_seg000.wav,Liocichla phoenicea
data\processed\Mystery mystery\246_seg000.wav,Mystery mystery
data\processed\Pellorneum ruficeps\11_seg008.wav,Pellorneum ruficeps
data\processed\noise\Centropus_andamanensis__1__seg014.wav,noise
data\processed\Motacilla citreola\6_seg005.wav,Motacilla citreola
data\processed\Mystery mystery\342_seg005.wav,Mystery mystery
data\processed\Alcippe cinerea\6_seg012.wav,Alcippe cinerea
data\processed\Mystery mystery\360_seg033.wav,Mystery mystery
data\processed\Chelidorhynx hypoxanthus\1_seg009.wav,Chelidorhynx hypoxanthus
data\processed\Mystery mystery\364_seg013.wav,Mystery mystery
data\processed\Cyornis poliogenys\24_seg000.wav,Cyornis poliogenys
data\processed\Mystery mystery\311_seg015.wav,Mystery mystery
data\processed\Mystery mystery\336_seg037.wav,Mystery mystery
data\processed\Glaucidium cuculoides\19_seg002.wav,Glaucidium cuculoides
data\processed\Sturnia malabarica\2_seg004.wav,Sturnia malabarica
data\processed\Phylloscopus forresti\5_seg008.wav,Phylloscopus forresti
data\processed\Cyornis unicolor\10_seg041.wav,Cyornis unicolor
data\processed\noise\Pellorneum_ruficeps__75__seg012.wav,noise
data\processed\Cyornis unicolor\19_seg014.wav,Cyornis unicolor
data\processed\Aethopyga gouldiae\2_seg002.wav,Aethopyga gouldiae
data\processed\Psilopogon lineatus\7_seg002.wav,Psilopogon lineatus
data\processed\Pellorneum ruficeps\47_seg000.wav,Pellorneum ruficeps
data\processed\noise\Centropus_andamanensis__1__seg008.wav,noise
data\processed\Cuculus micropterus\64_seg002.wav,Cuculus micropterus
data\processed\Phylloscopus inornatus\3_seg012.wav,Phylloscopus inornatus
data\processed\Phylloscopus inornatus\2_seg001.wav,Phylloscopus inornatus
data\processed\Mystery mystery\443_seg018.wav,Mystery mystery
data\processed\Mystery mystery\343_seg024.wav,Mystery mystery
data\processed\Mystery mystery\317_seg000.wav,Mystery mystery
data\processed\Cyornis unicolor\1_seg011.wav,Cyornis unicolor
data\processed\Cyornis magnirostris\6_seg013.wav,Cyornis magnirostris
data\processed\Mystery mystery\190_seg000.wav,Mystery mystery
data\processed\Paradoxornis guttaticollis\2_seg016.wav,Paradoxornis guttaticollis
data\processed\Todiramphus chloris\12_seg005.wav,Todiramphus chloris
data\processed\Pnoepyga pusilla\16_seg002.wav,Pnoepyga pusilla
data\processed\Cuculus micropterus\27_seg002.wav,Cuculus micropterus
data\processed\Mystery mystery\120_seg013.wav,Mystery mystery
data\processed\noise\Loriculus_vernalis__25__seg000.wav,noise
data\processed\Phylloscopus inornatus\2_seg000.wav,Phylloscopus inornatus
data\processed\Pnoepyga pusilla\1_seg005.wav,Pnoepyga pusilla
data\processed\Cuculus micropterus\44_seg002.wav,Cuculus micropterus
data\processed\Todiramphus chloris\2_seg000.wav,Todiramphus chloris
data\processed\Mystery mystery\325_seg002.wav,Mystery mystery
data\processed\Glaucidium cuculoides\38_seg007.wav,Glaucidium cuculoides
data\processed\Pellorneum ruficeps\102_seg007.wav,Pellorneum ruficeps
data\processed\Rimator malacoptilus\6_seg001.wav,Rimator malacoptilus
data\processed\Cyornis unicolor\4_seg001.wav,Cyornis unicolor
data\processed\Lanius tephronotus\5_seg007.wav,Lanius tephronotus
data\processed\Centropus andamanensis\2_seg013.wav,Centropus andamanensis
data\processed\Pellorneum ruficeps\75_seg027.wav,Pellorneum ruficeps
data\processed\Eurystomus orientalis\5_seg008.wav,Eurystomus orientalis
data\processed\Mystery mystery\362_seg011.wav,Mystery mystery
data\processed\Todiramphus chloris\8_seg002.wav,Todiramphus chloris
data\processed\Pomatorhinus ruficollis\10_seg000.wav,Pomatorhinus ruficollis
data\processed\Cuculus micropterus\35_seg005.wav,Cuculus micropterus
data\processed\Mystery mystery\370_seg008.wav,Mystery mystery
data\processed\Mystery mystery\322_seg012.wav,Mystery mystery
data\processed\Mystery mystery\364_seg011.wav,Mystery mystery
data\processed\Mystery mystery\409_seg028.wav,Mystery mystery
data\processed\Dicrurus andamanensis\17_seg003.wav,Dicrurus andamanensis
data\processed\noise\Loriculus_vernalis__14__seg003.wav,noise
data\processed\Mystery mystery\19_seg032.wav,Mystery mystery
data\processed\Psilopogon lineatus\16_seg001.wav,Psilopogon lineatus
data\processed\Psilopogon lineatus\4_seg018.wav,Psilopogon lineatus
data\processed\Mystery mystery\345_seg031.wav,Mystery mystery
data\processed\Chloropsis jerdoni\6_seg007.wav,Chloropsis jerdoni
data\processed\Psilopogon lineatus\21_seg001.wav,Psilopogon lineatus
data\processed\Mystery mystery\128_seg018.wav,Mystery mystery
data\processed\Dicaeum minullum\5_seg001.wav,Dicaeum minullum
data\processed\noise\Mystery_mystery__280__seg012.wav,noise
data\processed\Mystery mystery\37_seg004.wav,Mystery mystery
data\processed\Sphenocichla humei\1_seg003.wav,Sphenocichla humei
data\processed\Pomatorhinus ruficollis\27_seg009.wav,Pomatorhinus ruficollis
data\processed\Mystery mystery\233_seg003.wav,Mystery mystery
data\processed\Mystery mystery\161_seg002.wav,Mystery mystery
data\processed\Arborophila torqueola\16_seg000.wav,Arborophila torqueola
data\processed\Mystery mystery\424_seg001.wav,Mystery mystery
data\processed\Phylloscopus forresti\3_seg001.wav,Phylloscopus forresti
data\processed\noise\Mystery_mystery__124__seg017.wav,noise
data\processed\Alcippe cinerea\23_seg005.wav,Alcippe cinerea
data\processed\Cypsiurus balasiensis\6_seg003.wav,Cypsiurus balasiensis
data\processed\Glaucidium cuculoides\31_seg028.wav,Glaucidium cuculoides
data\processed\Chloropsis\9_seg001.wav,Chloropsis
data\processed\noise\Mystery_mystery__332__seg016.wav,noise
data\processed\Mystery mystery\3_seg002.wav,Mystery mystery
data\processed\Chloropsis jerdoni\10_seg000.wav,Chloropsis jerdoni
data\processed\Chloropsis\6_seg000.wav,Chloropsis
data\processed\Pellorneum ruficeps\58_seg002.wav,Pellorneum ruficeps
data\processed\Sphenocichla humei\12_seg027.wav,Sphenocichla humei
data\processed\Liocichla phoenicea\22_seg002.wav,Liocichla phoenicea
data\processed\Pellorneum ruficeps\69_seg025.wav,Pellorneum ruficeps
data\processed\Mystery mystery\373_seg047.wav,Mystery mystery
data\processed\noise\Cypsiurus_balasiensis__7__seg007.wav,noise
data\processed\Cuculus micropterus\63_seg009.wav,Cuculus micropterus
data\processed\noise\Cyornis_poliogenys__1__seg005.wav,noise
data\processed\Phylloscopus forresti\3_seg023.wav,Phylloscopus forresti
data\processed\Chloropsis\9_seg000.wav,Chloropsis
data\processed\Cuculus micropterus\30_seg001.wav,Cuculus micropterus
data\processed\Cyornis poliogenys\17_seg003.wav,Cyornis poliogenys
data\processed\Mystery mystery\17_seg010.wav,Mystery mystery
data\processed\Mystery mystery\373_seg085.wav,Mystery mystery
data\processed\Mystery mystery\305_seg026.wav,Mystery mystery
data\processed\Cyornis unicolor\19_seg004.wav,Cyornis unicolor
data\processed\Dicrurus andamanensis\11_seg013.wav,Dicrurus andamanensis
data\processed\Pellorneum ruficeps\83_seg012.wav,Pellorneum ruficeps
data\processed\Loriculus vernalis\29_seg004.wav,Loriculus vernalis
data\processed\Rimator malacoptilus\5_seg002.wav,Rimator malacoptilus
data\processed\Cyornis unicolor\7_seg002.wav,Cyornis unicolor
data\processed\Mystery mystery\94_seg000.wav,Mystery mystery
data\processed\noise\Pnoepyga_pusilla__20__seg000.wav,noise
data\processed\Mystery mystery\303_seg008.wav,Mystery mystery
data\processed\Rimator malacoptilus\3_seg014.wav,Rimator malacoptilus
data\processed\Cyornis poliogenys\17_seg004.wav,Cyornis poliogenys
data\processed\Mystery mystery\443_seg011.wav,Mystery mystery
data\processed\Loriculus vernalis\29_seg001.wav,Loriculus vernalis
data\processed\Stachyridopsis ambigua\5_seg000.wav,Stachyridopsis ambigua
data\processed\Cyornis unicolor\9_seg011.wav,Cyornis unicolor
data\processed\Psilopogon lineatus\2_seg007.wav,Psilopogon lineatus
data\processed\Paradoxornis guttaticollis\1_seg016.wav,Paradoxornis guttaticollis
data\processed\Psilopogon lineatus\5_seg010.wav,Psilopogon lineatus
data\processed\Mystery mystery\24_seg008.wav,Mystery mystery
data\processed\Chloropsis\14_seg039.wav,Chloropsis
data\processed\Mystery mystery\301_seg004.wav,Mystery mystery
data\processed\Mystery mystery\116_seg017.wav,Mystery mystery
data\processed\Mystery mystery\15_seg001.wav,Mystery mystery
data\processed\Arborophila torqueola\2_seg011.wav,Arborophila torqueola
data\processed\Mystery mystery\309_seg006.wav,Mystery mystery
data\processed\noise\Chloropsis__14__seg113.wav,noise
data\processed\Mystery mystery\284_seg003.wav,Mystery mystery
data\processed\Chelidorhynx hypoxanthus\11_seg005.wav,Chelidorhynx hypoxanthus
data\processed\Cuculus micropterus\27_seg005.wav,Cuculus micropterus
data\processed\Pnoepyga pusilla\19_seg004.wav,Pnoepyga pusilla
data\processed\Mystery mystery\385_seg011.wav,Mystery mystery
data\processed\Mystery mystery\367_seg008.wav,Mystery mystery
data\processed\Todiramphus chloris\4_seg000.wav,Todiramphus chloris
data\processed\Mystery mystery\324_seg005.wav,Mystery mystery
data\processed\Lanius tephronotus\2_seg003.wav,Lanius tephronotus
data\processed\Sphenocichla humei\22_seg014.wav,Sphenocichla humei
data\processed\Psittacula eupatria\8_seg024.wav,Psittacula eupatria
data\processed\Mystery mystery\91_seg002.wav,Mystery mystery
data\processed\Mystery mystery\296_seg021.wav,Mystery mystery
data\processed\Eurystomus orientalis\1_seg002.wav,Eurystomus orientalis
data\processed\Loriculus vernalis\25_seg011.wav,Loriculus vernalis
data\processed\Macronus gularis\19_seg001.wav,Macronus gularis
data\processed\Cyornis poliogenys\24_seg008.wav,Cyornis poliogenys
data\processed\Pellorneum ruficeps\7_seg000.wav,Pellorneum ruficeps
data\processed\noise\Pnoepyga_pusilla__5__seg006.wav,noise
data\processed\Cyornis unicolor\27_seg015.wav,Cyornis unicolor
data\processed\Mystery mystery\264_seg003.wav,Mystery mystery
data\processed\Pellorneum ruficeps\48_seg000.wav,Pellorneum ruficeps
data\processed\Cyornis unicolor\25_seg008.wav,Cyornis unicolor
data\processed\Pnoepyga pusilla\23_seg021.wav,Pnoepyga pusilla
data\processed\Cyornis unicolor\10_seg031.wav,Cyornis unicolor
data\processed\Pluvialis squatarola\2_seg000.wav,Pluvialis squatarola
data\processed\Mystery mystery\7_seg019.wav,Mystery mystery
data\processed\Pomatorhinus ruficollis\35_seg003.wav,Pomatorhinus ruficollis
data\processed\Cyornis magnirostris\7_seg005.wav,Cyornis magnirostris
data\processed\Glaucidium cuculoides\30_seg015.wav,Glaucidium cuculoides
data\processed\Mystery mystery\360_seg013.wav,Mystery mystery
data\processed\Mystery mystery\380_seg003.wav,Mystery mystery
data\processed\Mystery mystery\324_seg010.wav,Mystery mystery
data\processed\Loriculus vernalis\30_seg001.wav,Loriculus vernalis
data\processed\Phylloscopus inornatus\5_seg004.wav,Phylloscopus inornatus
data\processed\Mystery mystery\343_seg009.wav,Mystery mystery
data\processed\Glaucidium cuculoides\21_seg009.wav,Glaucidium cuculoides
data\processed\Mystery mystery\303_seg011.wav,Mystery mystery
data\processed\Mystery mystery\9_seg045.wav,Mystery mystery
data\processed\Alcippe cinerea\16_seg010.wav,Alcippe cinerea
data\processed\Liocichla phoenicea\13_seg050.wav,Liocichla phoenicea
data\processed\Cuculus micropterus\21_seg003.wav,Cuculus micropterus
data\processed\Cuculus micropterus\44_seg003.wav,Cuculus micropterus
data\processed\Mystery mystery\365_seg012.wav,Mystery mystery
data\processed\Mystery mystery\110_seg036.wav,Mystery mystery
data\processed\Aethopyga gouldiae\1_seg002.wav,Aethopyga gouldiae
data\processed\Chelidorhynx hypoxanthus\8_seg002.wav,Chelidorhynx hypoxanthus
data\processed\Chloropsis\14_seg097.wav,Chloropsis
data\processed\Dicrurus andamanensis\13_seg015.wav,Dicrurus andamanensis
data\processed\Argya longirostris\6_seg001.wav,Argya longirostris
data\processed\Mystery mystery\240_seg003.wav,Mystery mystery
data\processed\Mystery mystery\4_seg005.wav,Mystery mystery
data\processed\Mystery mystery\322_seg002.wav,Mystery mystery
data\processed\Chloropsis\14_seg013.wav,Chloropsis
data\processed\Mystery mystery\418_seg004.wav,Mystery mystery
data\processed\Arborophila torqueola\2_seg007.wav,Arborophila torqueola
data\processed\Pellorneum ruficeps\17_seg021.wav,Pellorneum ruficeps
data\processed\Arborophila torqueola\9_seg016.wav,Arborophila torqueola
data\processed\Chelidorhynx hypoxanthus\10_seg029.wav,Chelidorhynx hypoxanthus
data\processed\Arborophila torqueola\29_seg008.wav,Arborophila torqueola
data\processed\Cyornis concretus\1_seg014.wav,Cyornis concretus
data\processed\Sphenocichla humei\3_seg000.wav,Sphenocichla humei
data\processed\Mystery mystery\123_seg001.wav,Mystery mystery
data\processed\Pellorneum ruficeps\32_seg059.wav,Pellorneum ruficeps
data\processed\Macronus gularis\24_seg005.wav,Macronus gularis
data\processed\Mystery mystery\228_seg013.wav,Mystery mystery
data\processed\Chloropsis jerdoni\4_seg007.wav,Chloropsis jerdoni
data\processed\Mystery mystery\28_seg002.wav,Mystery mystery
data\processed\Loriculus vernalis\20_seg001.wav,Loriculus vernalis
data\processed\Acridotheres fuscus\12_seg008.wav,Acridotheres fuscus
data\processed\Rimator malacoptilus\2_seg015.wav,Rimator malacoptilus
data\processed\Mystery mystery\415_seg001.wav,Mystery mystery
data\processed\Mystery mystery\16_seg025.wav,Mystery mystery
data\processed\Mystery mystery\345_seg032.wav,Mystery mystery
data\processed\Mystery mystery\373_seg056.wav,Mystery mystery
data\processed\Arborophila torqueola\29_seg004.wav,Arborophila torqueola
data\processed\Pnoepyga pusilla\16_seg003.wav,Pnoepyga pusilla
data\processed\Psittacula eupatria\23_seg006.wav,Psittacula eupatria
data\processed\Chloropsis\14_seg043.wav,Chloropsis
data\processed\Pomatorhinus ruficollis\38_seg004.wav,Pomatorhinus ruficollis
data\processed\Loriculus vernalis\28_seg013.wav,Loriculus vernalis
data\processed\Mystery mystery\377_seg018.wav,Mystery mystery
data\processed\Mystery mystery\341_seg026.wav,Mystery mystery
data\processed\Arborophila torqueola\13_seg013.wav,Arborophila torqueola
data\processed\Mystery mystery\16_seg040.wav,Mystery mystery
data\processed\Mystery mystery\336_seg051.wav,Mystery mystery
data\processed\Locustella davidi\6_seg008.wav,Locustella davidi
data\processed\Mystery mystery\267_seg001.wav,Mystery mystery
data\processed\noise\Pellorneum_ruficeps__74__seg019.wav,noise
data\processed\Mystery mystery\86_seg011.wav,Mystery mystery
data\processed\Mystery mystery\345_seg015.wav,Mystery mystery
data\processed\Centropus andamanensis\4_seg007.wav,Centropus andamanensis
data\processed\Arborophila torqueola\26_seg002.wav,Arborophila torqueola
data\processed\Cuculus micropterus\43_seg003.wav,Cuculus micropterus
data\processed\Mystery mystery\441_seg002.wav,Mystery mystery
data\processed\Motacilla citreola\1_seg000.wav,Motacilla citreola
data\processed\noise\Chloropsis__5__seg011.wav,noise
data\processed\Iole cacharensis\6_seg009.wav,Iole cacharensis
data\processed\Psilopogon lineatus\6_seg000.wav,Psilopogon lineatus
data\processed\Mystery mystery\328_seg018.wav,Mystery mystery
data\processed\Mystery mystery\39_seg024.wav,Mystery mystery
data\processed\Mystery mystery\428_seg015.wav,Mystery mystery
data\processed\Mystery mystery\256_seg022.wav,Mystery mystery
data\processed\Pomatorhinus ruficollis\31_seg003.wav,Pomatorhinus ruficollis
data\processed\noise\Spelaeornis_oatesi__3__seg016.wav,noise
data\processed\noise\Rimator_malacoptilus__2__seg011.wav,noise
data\processed\Dicrurus andamanensis\13_seg011.wav,Dicrurus andamanensis
data\processed\Mystery mystery\297_seg009.wav,Mystery mystery
data\processed\Locustella davidi\1_seg005.wav,Locustella davidi
data\processed\Pnoepyga pusilla\29_seg016.wav,Pnoepyga pusilla
data\processed\Pellorneum ruficeps\9_seg016.wav,Pellorneum ruficeps
data\processed\noise\Pellorneum_ruficeps__74__seg045.wav,noise
data\processed\Mystery mystery\267_seg027.wav,Mystery mystery
data\processed\Alcippe cinerea\10_seg002.wav,Alcippe cinerea
data\processed\Mystery mystery\107_seg006.wav,Mystery mystery
data\processed\Arachnothera magna\10_seg004.wav,Arachnothera magna
data\processed\Rimator malacoptilus\20_seg013.wav,Rimator malacoptilus
data\processed\Lanius tephronotus\4_seg007.wav,Lanius tephronotus
data\processed\Mystery mystery\42_seg002.wav,Mystery mystery
data\processed\Pellorneum ruficeps\52_seg006.wav,Pellorneum ruficeps
data\processed\Cuculus micropterus\39_seg003.wav,Cuculus micropterus
data\processed\Alcippe cinerea\12_seg001.wav,Alcippe cinerea
data\processed\Mystery mystery\258_seg006.wav,Mystery mystery
data\processed\Riparia chinensis\4_seg000.wav,Riparia chinensis
data\processed\Cuculus micropterus\12_seg015.wav,Cuculus micropterus
data\processed\Cyornis poliogenys\6_seg007.wav,Cyornis poliogenys
data\processed\Phylloscopus forresti\7_seg003.wav,Phylloscopus forresti
data\processed\Macronus gularis\4_seg015.wav,Macronus gularis
data\processed\Arborophila torqueola\6_seg002.wav,Arborophila torqueola
data\processed\Cuculus micropterus\35_seg020.wav,Cuculus micropterus
data\processed\Pomatorhinus ruficollis\38_seg000.wav,Pomatorhinus ruficollis
data\processed\Chelidorhynx hypoxanthus\10_seg004.wav,Chelidorhynx hypoxanthus
data\processed\Mystery mystery\17_seg021.wav,Mystery mystery
data\processed\Mystery mystery\74_seg001.wav,Mystery mystery
data\processed\Pellorneum ruficeps\71_seg005.wav,Pellorneum ruficeps
data\processed\Phylloscopus forresti\2_seg007.wav,Phylloscopus forresti
data\processed\Pellorneum ruficeps\87_seg034.wav,Pellorneum ruficeps
data\processed\Mystery mystery\26_seg001.wav,Mystery mystery
data\processed\Mystery mystery\258_seg023.wav,Mystery mystery
data\processed\Cyornis magnirostris\5_seg003.wav,Cyornis magnirostris
data\processed\Mystery mystery\338_seg000.wav,Mystery mystery
data\processed\Cyornis poliogenys\4_seg006.wav,Cyornis poliogenys
data\processed\Cuculus micropterus\43_seg013.wav,Cuculus micropterus
data\processed\Mystery mystery\43_seg052.wav,Mystery mystery
data\processed\Mystery mystery\43_seg015.wav,Mystery mystery
data\processed\Centropus andamanensis\2_seg002.wav,Centropus andamanensis
data\processed\Mystery mystery\240_seg004.wav,Mystery mystery
data\processed\Mystery mystery\408_seg000.wav,Mystery mystery
data\processed\Mystery mystery\443_seg012.wav,Mystery mystery
data\processed\Polyplectron bicalcaratum\5_seg004.wav,Polyplectron bicalcaratum
data\processed\Mystery mystery\247_seg011.wav,Mystery mystery
data\processed\Mystery mystery\287_seg013.wav,Mystery mystery
data\processed\Pellorneum ruficeps\91_seg008.wav,Pellorneum ruficeps
data\processed\Pellorneum ruficeps\8_seg011.wav,Pellorneum ruficeps
data\processed\Cyornis poliogenys\10_seg011.wav,Cyornis poliogenys
data\processed\noise\Chloropsis_jerdoni__5__seg013.wav,noise
data\processed\Chelidorhynx hypoxanthus\11_seg001.wav,Chelidorhynx hypoxanthus
data\processed\Cuculus micropterus\4_seg008.wav,Cuculus micropterus
data\processed\Mystery mystery\114_seg002.wav,Mystery mystery
data\processed\Lanius tephronotus\5_seg013.wav,Lanius tephronotus
data\processed\Chelidorhynx hypoxanthus\15_seg002.wav,Chelidorhynx hypoxanthus
data\processed\Stachyridopsis ambigua\11_seg005.wav,Stachyridopsis ambigua
data\processed\Sphenocichla humei\29_seg001.wav,Sphenocichla humei
data\processed\Mystery mystery\55_seg010.wav,Mystery mystery
data\processed\Loriculus vernalis\18_seg008.wav,Loriculus vernalis
data\processed\Pomatorhinus ruficollis\4_seg009.wav,Pomatorhinus ruficollis
data\processed\Pluvialis squatarola\1_seg000.wav,Pluvialis squatarola
data\processed\Mystery mystery\287_seg011.wav,Mystery mystery
data\processed\noise\Pellorneum_ruficeps__86__seg041.wav,noise
data\processed\Mystery mystery\311_seg002.wav,Mystery mystery
data\processed\Pnoepyga pusilla\23_seg005.wav,Pnoepyga pusilla
data\processed\Chloropsis\16_seg004.wav,Chloropsis
data\processed\Pellorneum ruficeps\75_seg005.wav,Pellorneum ruficeps
data\processed\Liocichla phoenicea\13_seg030.wav,Liocichla phoenicea
data\processed\Arborophila torqueola\26_seg011.wav,Arborophila torqueola
data\processed\Mystery mystery\87_seg002.wav,Mystery mystery
data\processed\Pnoepyga pusilla\6_seg001.wav,Pnoepyga pusilla
data\processed\Mystery mystery\324_seg018.wav,Mystery mystery
data\processed\Mystery mystery\421_seg007.wav,Mystery mystery
data\processed\Alcippe cinerea\18_seg006.wav,Alcippe cinerea
data\processed\Liocichla phoenicea\8_seg006.wav,Liocichla phoenicea
data\processed\Cyornis poliogenys\10_seg018.wav,Cyornis poliogenys
data\processed\Cyornis concretus\2_seg000.wav,Cyornis concretus
data\processed\Glaucidium cuculoides\17_seg002.wav,Glaucidium cuculoides
data\processed\Glaucidium cuculoides\21_seg007.wav,Glaucidium cuculoides
data\processed\noise\Motacilla_citreola__14__seg026.wav,noise
data\processed\Liocichla phoenicea\13_seg008.wav,Liocichla phoenicea
data\processed\Mystery mystery\142_seg002.wav,Mystery mystery
data\processed\Cyornis unicolor\21_seg011.wav,Cyornis unicolor
data\processed\Mystery mystery\338_seg010.wav,Mystery mystery
data\processed\Glaucidium cuculoides\14_seg005.wav,Glaucidium cuculoides
data\processed\Pellorneum ruficeps\90_seg003.wav,Pellorneum ruficeps
data\processed\Mystery mystery\174_seg002.wav,Mystery mystery
data\processed\Pomatorhinus ruficollis\33_seg006.wav,Pomatorhinus ruficollis
data\processed\Pellorneum ruficeps\84_seg003.wav,Pellorneum ruficeps
data\processed\noise\Cyornis_magnirostris__6__seg024.wav,noise
data\processed\Rimator malacoptilus\3_seg001.wav,Rimator malacoptilus
data\processed\noise\Cyornis_poliogenys__23__seg003.wav,noise
data\processed\Mystery mystery\127_seg011.wav,Mystery mystery
data\processed\Mystery mystery\258_seg016.wav,Mystery mystery
data\processed\Sturnia malabarica\11_seg005.wav,Sturnia malabarica
data\processed\noise\Paradoxornis_guttaticollis__2__seg007.wav,noise
data\processed\Mystery mystery\336_seg002.wav,Mystery mystery
data\processed\Liocichla phoenicea\11_seg002.wav,Liocichla phoenicea
data\processed\Dicrurus andamanensis\10_seg003.wav,Dicrurus andamanensis
data\processed\Phylloscopus inornatus\7_seg006.wav,Phylloscopus inornatus
data\processed\Mystery mystery\110_seg030.wav,Mystery mystery
data\processed\Mystery mystery\270_seg000.wav,Mystery mystery
data\processed\Mystery mystery\163_seg002.wav,Mystery mystery
data\processed\Spelaeornis oatesi\2_seg001.wav,Spelaeornis oatesi
data\processed\Mystery mystery\125_seg006.wav,Mystery mystery
data\processed\Mystery mystery\253_seg005.wav,Mystery mystery
data\processed\Arachnothera magna\1_seg008.wav,Arachnothera magna
data\processed\Mystery mystery\43_seg048.wav,Mystery mystery
data\processed\Arborophila torqueola\4_seg009.wav,Arborophila torqueola
data\processed\Mystery mystery\306_seg003.wav,Mystery mystery
data\processed\Glaucidium cuculoides\31_seg012.wav,Glaucidium cuculoides
data\processed\noise\Sphenocichla_humei__22__seg017.wav,noise
data\processed\Chloropsis\1_seg002.wav,Chloropsis
data\processed\Pellorneum ruficeps\3_seg006.wav,Pellorneum ruficeps
data\processed\Liocichla phoenicea\6_seg003.wav,Liocichla phoenicea
data\processed\Chloropsis\11_seg007.wav,Chloropsis
data\processed\Cyornis poliogenys\10_seg028.wav,Cyornis poliogenys
data\processed\Mystery mystery\243_seg000.wav,Mystery mystery
data\processed\Chloropsis\1_seg003.wav,Chloropsis
data\processed\Mystery mystery\426_seg005.wav,Mystery mystery
data\processed\noise\Rimator_malacoptilus__1__seg001.wav,noise
data\processed\noise\Cyornis_poliogenys__23__seg011.wav,noise
data\processed\Mystery mystery\228_seg014.wav,Mystery mystery
data\processed\Polyplectron bicalcaratum\3_seg015.wav,Polyplectron bicalcaratum
data\processed\Mystery mystery\338_seg021.wav,Mystery mystery
data\processed\Pellorneum ruficeps\50_seg021.wav,Pellorneum ruficeps
data\processed\Pnoepyga pusilla\17_seg014.wav,Pnoepyga pusilla
data\processed\Arborophila torqueola\31_seg010.wav,Arborophila torqueola
data\processed\Loriculus vernalis\1_seg014.wav,Loriculus vernalis
data\processed\Mystery mystery\162_seg001.wav,Mystery mystery
data\processed\Loriculus vernalis\28_seg003.wav,Loriculus vernalis
data\processed\Psilopogon lineatus\5_seg017.wav,Psilopogon lineatus
data\processed\noise\Arborophila_torqueola__30__seg002.wav,noise
data\processed\Mystery mystery\66_seg002.wav,Mystery mystery
data\processed\Mystery mystery\127_seg038.wav,Mystery mystery
data\processed\Arborophila torqueola\33_seg001.wav,Arborophila torqueola
data\processed\Pellorneum ruficeps\34_seg003.wav,Pellorneum ruficeps
data\processed\Mystery mystery\373_seg069.wav,Mystery mystery
data\processed\Stachyridopsis ambigua\3_seg000.wav,Stachyridopsis ambigua
data\processed\Glaucidium cuculoides\8_seg001.wav,Glaucidium cuculoides
data\processed\Pellorneum ruficeps\69_seg001.wav,Pellorneum ruficeps
data\processed\Liocichla phoenicea\17_seg002.wav,Liocichla phoenicea
data\processed\Cuculus micropterus\23_seg000.wav,Cuculus micropterus
data\processed\Phylloscopus forresti\3_seg002.wav,Phylloscopus forresti
data\processed\Mystery mystery\373_seg013.wav,Mystery mystery
data\processed\Mystery mystery\260_seg000.wav,Mystery mystery
data\processed\noise\Cyornis_magnirostris__5__seg007.wav,noise
data\processed\Mystery mystery\53_seg005.wav,Mystery mystery
data\processed\Sturnia malabarica\16_seg029.wav,Sturnia malabarica
data\processed\Cyornis poliogenys\26_seg000.wav,Cyornis poliogenys
data\processed\Pnoepyga pusilla\1_seg013.wav,Pnoepyga pusilla
data\processed\Psittacula eupatria\5_seg008.wav,Psittacula eupatria
data\processed\Mystery mystery\377_seg008.wav,Mystery mystery
data\processed\Mystery mystery\264_seg008.wav,Mystery mystery
data\processed\noise\Chloropsis__20__seg001.wav,noise
data\processed\Motacilla citreola\14_seg013.wav,Motacilla citreola
data\processed\Pellorneum ruficeps\61_seg004.wav,Pellorneum ruficeps
data\processed\Liocichla phoenicea\10_seg005.wav,Liocichla phoenicea
data\processed\Pellorneum ruficeps\58_seg000.wav,Pellorneum ruficeps
data\processed\Pellorneum ruficeps\87_seg029.wav,Pellorneum ruficeps
data\processed\Mystery mystery\201_seg000.wav,Mystery mystery
data\processed\Locustella davidi\3_seg006.wav,Locustella davidi
data\processed\Mystery mystery\310_seg019.wav,Mystery mystery
data\processed\Glaucidium cuculoides\26_seg002.wav,Glaucidium cuculoides
data\processed\noise\Mystery_mystery__125__seg013.wav,noise
data\processed\Mystery mystery\26_seg002.wav,Mystery mystery
data\processed\Arborophila torqueola\32_seg012.wav,Arborophila torqueola
data\processed\Cyornis poliogenys\17_seg015.wav,Cyornis poliogenys
data\processed\Alcippe cinerea\19_seg002.wav,Alcippe cinerea
data\processed\noise\Mystery_mystery__125__seg021.wav,noise
data\processed\Mystery mystery\266_seg005.wav,Mystery mystery
data\processed\Mystery mystery\62_seg032.wav,Mystery mystery
data\processed\noise\Mystery_mystery__332__seg018.wav,noise
data\processed\Argya longirostris\1_seg017.wav,Argya longirostris
data\processed\Mystery mystery\413_seg001.wav,Mystery mystery
data\processed\Mystery mystery\223_seg008.wav,Mystery mystery
data\processed\Mystery mystery\246_seg006.wav,Mystery mystery
data\processed\Mystery mystery\399_seg000.wav,Mystery mystery
data\processed\Mystery mystery\214_seg000.wav,Mystery mystery
data\processed\Mystery mystery\288_seg007.wav,Mystery mystery
data\processed\Pellorneum ruficeps\38_seg004.wav,Pellorneum ruficeps
data\processed\Mystery mystery\110_seg028.wav,Mystery mystery
data\processed\Mystery mystery\58_seg006.wav,Mystery mystery
data\processed\Cyornis poliogenys\29_seg005.wav,Cyornis poliogenys
data\processed\Pellorneum ruficeps\87_seg030.wav,Pellorneum ruficeps
data\processed\Pellorneum ruficeps\8_seg035.wav,Pellorneum ruficeps
data\processed\Paradoxornis guttaticollis\1_seg007.wav,Paradoxornis guttaticollis
data\processed\Centropus andamanensis\10_seg009.wav,Centropus andamanensis
data\processed\Pomatorhinus ruficollis\24_seg008.wav,Pomatorhinus ruficollis
data\processed\Mystery mystery\268_seg003.wav,Mystery mystery
data\processed\Mystery mystery\255_seg003.wav,Mystery mystery
data\processed\Pellorneum ruficeps\40_seg004.wav,Pellorneum ruficeps
data\processed\Liocichla phoenicea\9_seg012.wav,Liocichla phoenicea
data\processed\Cyornis unicolor\10_seg023.wav,Cyornis unicolor
data\processed\Mystery mystery\139_seg000.wav,Mystery mystery
data\processed\Cuculus micropterus\7_seg013.wav,Cuculus micropterus
data\processed\Mystery mystery\302_seg000.wav,Mystery mystery
data\processed\Mystery mystery\394_seg006.wav,Mystery mystery
data\processed\Sturnia malabarica\16_seg027.wav,Sturnia malabarica
data\processed\Macronus gularis\18_seg000.wav,Macronus gularis
data\processed\Pnoepyga pusilla\18_seg001.wav,Pnoepyga pusilla
data\processed\Mystery mystery\336_seg088.wav,Mystery mystery
data\processed\Psittacula eupatria\12_seg000.wav,Psittacula eupatria
data\processed\Cuculus micropterus\45_seg014.wav,Cuculus micropterus
data\processed\Chloropsis\6_seg001.wav,Chloropsis
data\processed\Argya longirostris\7_seg012.wav,Argya longirostris
data\processed\Pellorneum ruficeps\15_seg004.wav,Pellorneum ruficeps
data\processed\Iole cacharensis\6_seg002.wav,Iole cacharensis
data\processed\noise\Pellorneum_ruficeps__74__seg071.wav,noise
data\processed\Pellorneum ruficeps\22_seg003.wav,Pellorneum ruficeps
data\processed\Glaucidium cuculoides\29_seg023.wav,Glaucidium cuculoides
data\processed\Lanius tephronotus\1_seg002.wav,Lanius tephronotus
data\processed\noise\Pellorneum_ruficeps__76__seg005.wav,noise
data\processed\noise\Sphenocichla_humei__22__seg008.wav,noise
data\processed\Mystery mystery\280_seg003.wav,Mystery mystery
data\processed\Mystery mystery\296_seg003.wav,Mystery mystery
data\processed\Phylloscopus inornatus\8_seg008.wav,Phylloscopus inornatus
data\processed\noise\Pellorneum_ruficeps__74__seg040.wav,noise
data\processed\Pomatorhinus ruficollis\27_seg002.wav,Pomatorhinus ruficollis
data\processed\Pellorneum ruficeps\20_seg000.wav,Pellorneum ruficeps
data\processed\Motacilla citreola\3_seg002.wav,Motacilla citreola
data\processed\Pomatorhinus ruficollis\3_seg003.wav,Pomatorhinus ruficollis
data\processed\Alcippe cinerea\10_seg024.wav,Alcippe cinerea
data\processed\Pnoepyga pusilla\22_seg006.wav,Pnoepyga pusilla
data\processed\Cyornis magnirostris\6_seg000.wav,Cyornis magnirostris
data\processed\Mystery mystery\270_seg002.wav,Mystery mystery
data\processed\Mystery mystery\442_seg002.wav,Mystery mystery
data\processed\Pellorneum ruficeps\87_seg016.wav,Pellorneum ruficeps
data\processed\noise\Pellorneum_ruficeps__75__seg010.wav,noise
data\processed\Rimator malacoptilus\3_seg000.wav,Rimator malacoptilus
data\processed\Rimator malacoptilus\5_seg000.wav,Rimator malacoptilus
data\processed\Acridotheres fuscus\1_seg002.wav,Acridotheres fuscus
data\processed\Pomatorhinus ruficollis\10_seg002.wav,Pomatorhinus ruficollis
data\processed\Arborophila torqueola\8_seg018.wav,Arborophila torqueola
data\processed\Mystery mystery\256_seg031.wav,Mystery mystery
data\processed\Cyornis poliogenys\6_seg002.wav,Cyornis poliogenys
data\processed\Pellorneum ruficeps\28_seg005.wav,Pellorneum ruficeps
data\processed\Alcippe cinerea\16_seg009.wav,Alcippe cinerea
data\processed\Cyornis magnirostris\4_seg002.wav,Cyornis magnirostris
data\processed\Pellorneum ruficeps\16_seg016.wav,Pellorneum ruficeps
data\processed\Mystery mystery\299_seg000.wav,Mystery mystery
data\processed\Macronus gularis\13_seg001.wav,Macronus gularis
data\processed\Locustella davidi\7_seg003.wav,Locustella davidi
data\processed\Pellorneum ruficeps\26_seg010.wav,Pellorneum ruficeps
data\processed\Mystery mystery\300_seg012.wav,Mystery mystery
data\processed\Mystery mystery\116_seg002.wav,Mystery mystery
data\processed\Alcippe cinerea\18_seg001.wav,Alcippe cinerea
data\processed\Mystery mystery\433_seg014.wav,Mystery mystery
data\processed\Cyornis unicolor\11_seg017.wav,Cyornis unicolor
data\processed\Pomatorhinus ruficollis\35_seg018.wav,Pomatorhinus ruficollis
data\processed\Pomatorhinus ruficollis\1_seg001.wav,Pomatorhinus ruficollis
data\processed\noise\Cyornis_magnirostris__5__seg022.wav,noise
data\processed\Glaucidium cuculoides\13_seg006.wav,Glaucidium cuculoides
data\processed\Stachyridopsis ambigua\6_seg010.wav,Stachyridopsis ambigua
data\processed\Mystery mystery\377_seg046.wav,Mystery mystery
data\processed\noise\Sturnia_malabarica__16__seg014.wav,noise
data\processed\Alcippe cinerea\22_seg000.wav,Alcippe cinerea
data\processed\Loriculus vernalis\26_seg010.wav,Loriculus vernalis
data\processed\noise\Rimator_malacoptilus__9__seg005.wav,noise
data\processed\Mystery mystery\328_seg026.wav,Mystery mystery
data\processed\Arborophila torqueola\4_seg008.wav,Arborophila torqueola
data\processed\Sphenocichla humei\29_seg010.wav,Sphenocichla humei
data\processed\Rimator malacoptilus\10_seg003.wav,Rimator malacoptilus
data\processed\Pnoepyga pusilla\17_seg003.wav,Pnoepyga pusilla
data\processed\Liocichla phoenicea\23_seg007.wav,Liocichla phoenicea
data\processed\Glaucidium cuculoides\22_seg000.wav,Glaucidium cuculoides
data\processed\Todiramphus chloris\19_seg000.wav,Todiramphus chloris
data\processed\Phylloscopus forresti\3_seg024.wav,Phylloscopus forresti
data\processed\Mystery mystery\377_seg027.wav,Mystery mystery
data\processed\Mystery mystery\267_seg031.wav,Mystery mystery
data\processed\Glaucidium cuculoides\38_seg011.wav,Glaucidium cuculoides
data\processed\noise\Chloropsis__2__seg009.wav,noise
data\processed\Cuculus micropterus\10_seg004.wav,Cuculus micropterus
data\processed\Pnoepyga pusilla\11_seg005.wav,Pnoepyga pusilla
data\processed\Acridotheres fuscus\7_seg016.wav,Acridotheres fuscus
data\processed\Sphenocichla humei\18_seg000.wav,Sphenocichla humei
data\processed\Pellorneum ruficeps\65_seg002.wav,Pellorneum ruficeps
data\processed\Alcippe cinerea\6_seg008.wav,Alcippe cinerea
data\processed\Pellorneum ruficeps\27_seg002.wav,Pellorneum ruficeps
data\processed\Cyornis magnirostris\8_seg012.wav,Cyornis magnirostris
data\processed\Mystery mystery\325_seg050.wav,Mystery mystery
data\processed\Mystery mystery\314_seg015.wav,Mystery mystery
data\processed\Mystery mystery\63_seg001.wav,Mystery mystery
data\processed\Todiramphus chloris\11_seg002.wav,Todiramphus chloris
data\processed\Mystery mystery\338_seg011.wav,Mystery mystery
data\processed\Mystery mystery\296_seg008.wav,Mystery mystery
data\processed\Liocichla phoenicea\21_seg005.wav,Liocichla phoenicea
data\processed\Mystery mystery\427_seg006.wav,Mystery mystery
data\processed\Psilopogon lineatus\5_seg011.wav,Psilopogon lineatus
data\processed\Stachyridopsis ambigua\15_seg005.wav,Stachyridopsis ambigua
data\processed\Mystery mystery\336_seg030.wav,Mystery mystery
data\processed\Chloropsis jerdoni\2_seg007.wav,Chloropsis jerdoni
data\processed\Glaucidium cuculoides\31_seg027.wav,Glaucidium cuculoides
data\processed\Mystery mystery\428_seg018.wav,Mystery mystery
data\processed\Phylloscopus subaffinis\1_seg006.wav,Phylloscopus subaffinis
data\processed\Pnoepyga pusilla\29_seg010.wav,Pnoepyga pusilla
data\processed\Pellorneum ruficeps\100_seg003.wav,Pellorneum ruficeps
data\processed\Todiramphus chloris\23_seg008.wav,Todiramphus chloris
data\processed\Sphenocichla humei\11_seg009.wav,Sphenocichla humei
data\processed\Mystery mystery\239_seg007.wav,Mystery mystery
data\processed\Pomatorhinus ruficollis\24_seg004.wav,Pomatorhinus ruficollis
data\processed\Mystery mystery\433_seg041.wav,Mystery mystery
data\processed\Mystery mystery\296_seg006.wav,Mystery mystery
data\processed\Mystery mystery\46_seg003.wav,Mystery mystery
data\processed\Arborophila torqueola\28_seg037.wav,Arborophila torqueola
data\processed\Mystery mystery\363_seg002.wav,Mystery mystery
data\processed\noise\Psilopogon_lineatus__13__seg012.wav,noise
data\processed\Psilopogon lineatus\7_seg008.wav,Psilopogon lineatus
data\processed\Iole cacharensis\2_seg004.wav,Iole cacharensis
data\processed\Pnoepyga pusilla\25_seg002.wav,Pnoepyga pusilla
data\processed\Mystery mystery\423_seg018.wav,Mystery mystery
data\processed\Cuculus micropterus\8_seg049.wav,Cuculus micropterus
data\processed\Mystery mystery\410_seg016.wav,Mystery mystery
data\processed\Mystery mystery\116_seg010.wav,Mystery mystery
data\processed\Mystery mystery\410_seg027.wav,Mystery mystery
data\processed\Mystery mystery\303_seg001.wav,Mystery mystery
data\processed\Centropus andamanensis\5_seg013.wav,Centropus andamanensis
data\processed\Alcippe cinerea\17_seg009.wav,Alcippe cinerea
data\processed\noise\Psilopogon_lineatus__21__seg003.wav,noise
data\processed\Paradoxornis guttaticollis\3_seg000.wav,Paradoxornis guttaticollis
data\processed\Locustella davidi\5_seg005.wav,Locustella davidi
data\processed\Pellorneum ruficeps\14_seg011.wav,Pellorneum ruficeps
data\processed\Mystery mystery\410_seg057.wav,Mystery mystery
data\processed\Mystery mystery\309_seg007.wav,Mystery mystery
data\processed\Mystery mystery\115_seg028.wav,Mystery mystery
data\processed\Arachnothera magna\8_seg009.wav,Arachnothera magna
data\processed\Mystery mystery\386_seg005.wav,Mystery mystery
data\processed\Liocichla phoenicea\13_seg031.wav,Liocichla phoenicea
data\processed\Mystery mystery\422_seg001.wav,Mystery mystery
data\processed\Mystery mystery\80_seg002.wav,Mystery mystery
data\processed\Mystery mystery\300_seg053.wav,Mystery mystery
data\processed\noise\Cyornis_poliogenys__23__seg009.wav,noise
data\processed\Mystery mystery\288_seg005.wav,Mystery mystery
data\processed\Sphenocichla humei\26_seg018.wav,Sphenocichla humei
data\processed\noise\Rimator_malacoptilus__17__seg004.wav,noise
data\processed\Mystery mystery\367_seg002.wav,Mystery mystery
data\processed\Lanius tephronotus\5_seg022.wav,Lanius tephronotus
data\processed\Alcippe cinerea\15_seg001.wav,Alcippe cinerea
data\processed\Pellorneum ruficeps\50_seg002.wav,Pellorneum ruficeps
data\processed\Pnoepyga pusilla\27_seg003.wav,Pnoepyga pusilla
data\processed\Mystery mystery\35_seg014.wav,Mystery mystery
data\processed\Psilopogon lineatus\4_seg016.wav,Psilopogon lineatus
data\processed\noise\Cuculus_micropterus__35__seg001.wav,noise
data\processed\Pellorneum ruficeps\51_seg002.wav,Pellorneum ruficeps
data\processed\Mystery mystery\386_seg000.wav,Mystery mystery
data\processed\Centropus andamanensis\4_seg000.wav,Centropus andamanensis
data\processed\Pnoepyga pusilla\14_seg002.wav,Pnoepyga pusilla
data\processed\Pellorneum ruficeps\67_seg008.wav,Pellorneum ruficeps
data\processed\Mystery mystery\311_seg009.wav,Mystery mystery
data\processed\Sturnia malabarica\11_seg003.wav,Sturnia malabarica
data\processed\Mystery mystery\406_seg000.wav,Mystery mystery
data\processed\Pomatorhinus ruficollis\36_seg011.wav,Pomatorhinus ruficollis
data\processed\Macronus gularis\3_seg011.wav,Macronus gularis
data\processed\Cyornis magnirostris\1_seg015.wav,Cyornis magnirostris
data\processed\Sphenocichla humei\32_seg006.wav,Sphenocichla humei
data\processed\noise\Argya_longirostris__7__seg024.wav,noise
data\processed\Liocichla phoenicea\12_seg021.wav,Liocichla phoenicea
data\processed\noise\Pellorneum_ruficeps__23__seg020.wav,noise
data\processed\Glaucidium cuculoides\16_seg001.wav,Glaucidium cuculoides
data\processed\Dicrurus andamanensis\16_seg006.wav,Dicrurus andamanensis
data\processed\Psilopogon lineatus\1_seg011.wav,Psilopogon lineatus
data\processed\Mystery mystery\95_seg001.wav,Mystery mystery
data\processed\Mystery mystery\406_seg011.wav,Mystery mystery
data\processed\noise\Stachyridopsis_ambigua__7__seg001.wav,noise
data\processed\Liocichla phoenicea\11_seg001.wav,Liocichla phoenicea
data\processed\Glaucidium cuculoides\18_seg000.wav,Glaucidium cuculoides
data\processed\Mystery mystery\5_seg006.wav,Mystery mystery
data\processed\Mystery mystery\62_seg021.wav,Mystery mystery
data\processed\noise\Polyplectron_bicalcaratum__2__seg004.wav,noise
data\processed\Mystery mystery\266_seg007.wav,Mystery mystery
data\processed\Alcippe cinerea\17_seg011.wav,Alcippe cinerea
data\processed\Mystery mystery\256_seg039.wav,Mystery mystery
data\processed\Arborophila torqueola\13_seg010.wav,Arborophila torqueola
data\processed\Psilopogon lineatus\15_seg005.wav,Psilopogon lineatus
data\processed\Pellorneum ruficeps\8_seg032.wav,Pellorneum ruficeps
data\processed\Pomatorhinus ruficollis\10_seg008.wav,Pomatorhinus ruficollis
data\processed\Mystery mystery\411_seg001.wav,Mystery mystery
data\processed\Mystery mystery\386_seg003.wav,Mystery mystery
data\processed\Mystery mystery\225_seg000.wav,Mystery mystery
data\processed\Pellorneum ruficeps\93_seg008.wav,Pellorneum ruficeps
data\processed\Cyornis unicolor\4_seg021.wav,Cyornis unicolor
data\processed\Mystery mystery\59_seg004.wav,Mystery mystery
data\processed\Mystery mystery\323_seg002.wav,Mystery mystery
data\processed\Mystery mystery\222_seg003.wav,Mystery mystery
data\processed\Rimator malacoptilus\18_seg000.wav,Rimator malacoptilus
data\processed\Pellorneum ruficeps\93_seg012.wav,Pellorneum ruficeps
data\processed\Pomatorhinus ruficollis\37_seg010.wav,Pomatorhinus ruficollis
data\processed\Cuculus micropterus\16_seg005.wav,Cuculus micropterus
data\processed\Rimator malacoptilus\11_seg000.wav,Rimator malacoptilus
data\processed\Pellorneum ruficeps\46_seg000.wav,Pellorneum ruficeps
data\processed\Mystery mystery\76_seg001.wav,Mystery mystery
data\processed\Mystery mystery\346_seg000.wav,Mystery mystery
data\processed\noise\Argya_longirostris__10__seg013.wav,noise
data\processed\Liocichla phoenicea\13_seg011.wav,Liocichla phoenicea
data\processed\Mystery mystery\95_seg007.wav,Mystery mystery
data\processed\Chloropsis\14_seg056.wav,Chloropsis
data\processed\Arborophila torqueola\31_seg017.wav,Arborophila torqueola
data\processed\Mystery mystery\85_seg003.wav,Mystery mystery
data\processed\noise\Mystery_mystery__324__seg014.wav,noise
data\processed\Cuculus micropterus\43_seg014.wav,Cuculus micropterus
data\processed\Pellorneum ruficeps\102_seg018.wav,Pellorneum ruficeps
data\processed\Chloropsis\11_seg003.wav,Chloropsis
data\processed\Pellorneum ruficeps\14_seg005.wav,Pellorneum ruficeps
data\processed\Chelidorhynx hypoxanthus\10_seg019.wav,Chelidorhynx hypoxanthus
data\processed\noise\Cyornis_unicolor__25__seg021.wav,noise
data\processed\Mystery mystery\300_seg061.wav,Mystery mystery
data\processed\Mystery mystery\401_seg003.wav,Mystery mystery
data\processed\Mystery mystery\413_seg012.wav,Mystery mystery
data\processed\Mystery mystery\195_seg020.wav,Mystery mystery
data\processed\Chloropsis\14_seg031.wav,Chloropsis
data\processed\Arborophila torqueola\8_seg002.wav,Arborophila torqueola
data\processed\Cyornis poliogenys\24_seg002.wav,Cyornis poliogenys
data\processed\Alcippe cinerea\24_seg013.wav,Alcippe cinerea
data\processed\noise\Centropus_andamanensis__6__seg012.wav,noise
data\processed\Pellorneum ruficeps\70_seg003.wav,Pellorneum ruficeps
data\processed\Cyornis unicolor\9_seg005.wav,Cyornis unicolor
data\processed\Glaucidium cuculoides\33_seg000.wav,Glaucidium cuculoides
data\processed\noise\Glaucidium_cuculoides__25__seg013.wav,noise
data\processed\Mystery mystery\349_seg000.wav,Mystery mystery
data\processed\Mystery mystery\82_seg004.wav,Mystery mystery
data\processed\noise\Sphenocichla_humei__18__seg012.wav,noise
data\processed\Pellorneum ruficeps\16_seg020.wav,Pellorneum ruficeps
data\processed\noise\Mystery_mystery__39__seg026.wav,noise
data\processed\Sphenocichla humei\15_seg006.wav,Sphenocichla humei
data\processed\Chloropsis\6_seg005.wav,Chloropsis
data\processed\Sphenocichla humei\6_seg001.wav,Sphenocichla humei
data\processed\Pnoepyga pusilla\5_seg012.wav,Pnoepyga pusilla
data\processed\Pomatorhinus ruficollis\15_seg004.wav,Pomatorhinus ruficollis
data\processed\Argya longirostris\1_seg023.wav,Argya longirostris
data\processed\Mystery mystery\425_seg016.wav,Mystery mystery
data\processed\Mystery mystery\228_seg004.wav,Mystery mystery
data\processed\Pellorneum ruficeps\9_seg003.wav,Pellorneum ruficeps
data\processed\Dicrurus andamanensis\13_seg014.wav,Dicrurus andamanensis
data\processed\Cuculus micropterus\9_seg009.wav,Cuculus micropterus
data\processed\Acridotheres fuscus\2_seg007.wav,Acridotheres fuscus
data\processed\Mystery mystery\432_seg011.wav,Mystery mystery
data\processed\Pluvialis squatarola\2_seg015.wav,Pluvialis squatarola
data\processed\Dicrurus andamanensis\4_seg002.wav,Dicrurus andamanensis
data\processed\Mystery mystery\270_seg003.wav,Mystery mystery
data\processed\Mystery mystery\371_seg010.wav,Mystery mystery
data\processed\Mystery mystery\250_seg001.wav,Mystery mystery
data\processed\Mystery mystery\43_seg026.wav,Mystery mystery
data\processed\Polyplectron bicalcaratum\6_seg001.wav,Polyplectron bicalcaratum
data\processed\Pomatorhinus ruficollis\11_seg000.wav,Pomatorhinus ruficollis
data\processed\Mystery mystery\4_seg000.wav,Mystery mystery
data\processed\Chelidorhynx hypoxanthus\10_seg009.wav,Chelidorhynx hypoxanthus
data\processed\Mystery mystery\428_seg024.wav,Mystery mystery
data\processed\Mystery mystery\257_seg003.wav,Mystery mystery
data\processed\Pellorneum ruficeps\27_seg001.wav,Pellorneum ruficeps
data\processed\Chelidorhynx hypoxanthus\15_seg004.wav,Chelidorhynx hypoxanthus
data\processed\Mystery mystery\278_seg001.wav,Mystery mystery
data\processed\Pellorneum ruficeps\8_seg029.wav,Pellorneum ruficeps
data\processed\Mystery mystery\394_seg005.wav,Mystery mystery
data\processed\Mystery mystery\305_seg006.wav,Mystery mystery
data\processed\Arborophila torqueola\5_seg000.wav,Arborophila torqueola
data\processed\Mystery mystery\226_seg002.wav,Mystery mystery
data\processed\Chloropsis jerdoni\5_seg005.wav,Chloropsis jerdoni
data\processed\Cyornis poliogenys\2_seg001.wav,Cyornis poliogenys
data\processed\Chloropsis\11_seg010.wav,Chloropsis
data\processed\Pellorneum ruficeps\36_seg000.wav,Pellorneum ruficeps
data\processed\Mystery mystery\174_seg000.wav,Mystery mystery
data\processed\noise\Pellorneum_ruficeps__74__seg054.wav,noise
data\processed\Pnoepyga pusilla\23_seg011.wav,Pnoepyga pusilla
data\processed\Paradoxornis guttaticollis\1_seg018.wav,Paradoxornis guttaticollis
data\processed\Aethopyga gouldiae\3_seg004.wav,Aethopyga gouldiae
data\processed\Mystery mystery\62_seg019.wav,Mystery mystery
data\processed\Cuculus micropterus\35_seg011.wav,Cuculus micropterus
data\processed\Mystery mystery\16_seg014.wav,Mystery mystery
data\processed\Glaucidium cuculoides\21_seg011.wav,Glaucidium cuculoides
data\processed\Liocichla phoenicea\14_seg004.wav,Liocichla phoenicea
data\processed\Mystery mystery\21_seg000.wav,Mystery mystery
data\processed\Mystery mystery\110_seg038.wav,Mystery mystery
data\processed\Alcippe cinerea\16_seg007.wav,Alcippe cinerea
data\processed\Pellorneum ruficeps\72_seg004.wav,Pellorneum ruficeps
data\processed\noise\Pnoepyga_pusilla__20__seg015.wav,noise
data\processed\Mystery mystery\413_seg002.wav,Mystery mystery
data\processed\Liocichla phoenicea\13_seg047.wav,Liocichla phoenicea
data\processed\noise\Paradoxornis_guttaticollis__2__seg003.wav,noise
data\processed\Psilopogon lineatus\10_seg008.wav,Psilopogon lineatus
data\processed\noise\Pellorneum_ruficeps__75__seg008.wav,noise
data\processed\Locustella davidi\3_seg005.wav,Locustella davidi
data\processed\Pnoepyga pusilla\23_seg000.wav,Pnoepyga pusilla
data\processed\Mystery mystery\216_seg003.wav,Mystery mystery
data\processed\Arachnothera magna\1_seg006.wav,Arachnothera magna
data\processed\Mystery mystery\328_seg025.wav,Mystery mystery
data\processed\Mystery mystery\39_seg011.wav,Mystery mystery
data\processed\Mystery mystery\406_seg013.wav,Mystery mystery
data\processed\Sphenocichla humei\4_seg000.wav,Sphenocichla humei
data\processed\Mystery mystery\258_seg015.wav,Mystery mystery
data\processed\Pellorneum ruficeps\39_seg000.wav,Pellorneum ruficeps
data\processed\Mystery mystery\373_seg031.wav,Mystery mystery
data\processed\Arborophila torqueola\29_seg005.wav,Arborophila torqueola
data\processed\Pomatorhinus ruficollis\34_seg001.wav,Pomatorhinus ruficollis
data\processed\Arborophila torqueola\10_seg008.wav,Arborophila torqueola
data\processed\Chelidorhynx hypoxanthus\9_seg020.wav,Chelidorhynx hypoxanthus
data\processed\Mystery mystery\410_seg054.wav,Mystery mystery
data\processed\Iole cacharensis\5_seg001.wav,Iole cacharensis
data\processed\Loriculus vernalis\1_seg006.wav,Loriculus vernalis
data\processed\Sphenocichla humei\20_seg019.wav,Sphenocichla humei
data\processed\Rimator malacoptilus\7_seg001.wav,Rimator malacoptilus
data\processed\Psilopogon lineatus\21_seg012.wav,Psilopogon lineatus
data\processed\Mystery mystery\75_seg001.wav,Mystery mystery
data\processed\Chloropsis\3_seg011.wav,Chloropsis
data\processed\Chloropsis\19_seg005.wav,Chloropsis
data\processed\Mystery mystery\40_seg006.wav,Mystery mystery
data\processed\Glaucidium cuculoides\17_seg010.wav,Glaucidium cuculoides
data\processed\Mystery mystery\257_seg016.wav,Mystery mystery
data\processed\Mystery mystery\370_seg006.wav,Mystery mystery
data\processed\Pellorneum ruficeps\40_seg001.wav,Pellorneum ruficeps
data\processed\Motacilla citreola\4_seg000.wav,Motacilla citreola
data\processed\Psilopogon lineatus\18_seg002.wav,Psilopogon lineatus
data\processed\Arborophila torqueola\12_seg019.wav,Arborophila torqueola
data\processed\Loriculus vernalis\19_seg002.wav,Loriculus vernalis
data\processed\Mystery mystery\147_seg000.wav,Mystery mystery
data\processed\Mystery mystery\250_seg024.wav,Mystery mystery
data\processed\Mystery mystery\341_seg020.wav,Mystery mystery
data\processed\Psilopogon lineatus\21_seg011.wav,Psilopogon lineatus
data\processed\Rimator malacoptilus\13_seg014.wav,Rimator malacoptilus
data\processed\Pellorneum ruficeps\86_seg001.wav,Pellorneum ruficeps
data\processed\Pellorneum ruficeps\32_seg056.wav,Pellorneum ruficeps
data\processed\Mystery mystery\242_seg003.wav,Mystery mystery
data\processed\Cuculus micropterus\60_seg005.wav,Cuculus micropterus
data\processed\Rimator malacoptilus\19_seg003.wav,Rimator malacoptilus
data\processed\Arborophila torqueola\13_seg041.wav,Arborophila torqueola
data\processed\Pluvialis squatarola\2_seg010.wav,Pluvialis squatarola
data\processed\Mystery mystery\59_seg003.wav,Mystery mystery
data\processed\Chloropsis\10_seg016.wav,Chloropsis
data\processed\Mystery mystery\253_seg003.wav,Mystery mystery
data\processed\Mystery mystery\124_seg027.wav,Mystery mystery
data\processed\Mystery mystery\110_seg043.wav,Mystery mystery
data\processed\Cuculus micropterus\7_seg002.wav,Cuculus micropterus
data\processed\Chloropsis\3_seg009.wav,Chloropsis
data\processed\Dicrurus andamanensis\18_seg015.wav,Dicrurus andamanensis
data\processed\Arborophila torqueola\1_seg000.wav,Arborophila torqueola
data\processed\noise\Rimator_malacoptilus__17__seg005.wav,noise
data\processed\Centropus andamanensis\9_seg001.wav,Centropus andamanensis
data\processed\Cyornis unicolor\10_seg039.wav,Cyornis unicolor
data\processed\Mystery mystery\268_seg009.wav,Mystery mystery
data\processed\Pomatorhinus ruficollis\37_seg007.wav,Pomatorhinus ruficollis
data\processed\noise\Pellorneum_ruficeps__74__seg061.wav,noise
data\processed\Phylloscopus inornatus\8_seg011.wav,Phylloscopus inornatus
data\processed\Cyornis poliogenys\15_seg004.wav,Cyornis poliogenys
data\processed\Pellorneum ruficeps\32_seg015.wav,Pellorneum ruficeps
data\processed\Cuculus micropterus\8_seg044.wav,Cuculus micropterus
data\processed\Mystery mystery\122_seg000.wav,Mystery mystery
data\processed\noise\Cypsiurus_balasiensis__6__seg006.wav,noise
data\processed\Rimator malacoptilus\6_seg000.wav,Rimator malacoptilus
data\processed\Mystery mystery\310_seg006.wav,Mystery mystery
data\processed\Psilopogon lineatus\7_seg006.wav,Psilopogon lineatus
data\processed\Chloropsis jerdoni\1_seg004.wav,Chloropsis jerdoni
data\processed\Dicrurus andamanensis\8_seg000.wav,Dicrurus andamanensis
data\processed\Mystery mystery\322_seg021.wav,Mystery mystery
data\processed\Glaucidium cuculoides\29_seg003.wav,Glaucidium cuculoides
data\processed\Mystery mystery\336_seg057.wav,Mystery mystery
data\processed\Mystery mystery\374_seg007.wav,Mystery mystery
data\processed\noise\Liocichla_phoenicea__8__seg011.wav,noise
data\processed\Mystery mystery\354_seg002.wav,Mystery mystery
data\processed\Sphenocichla humei\26_seg006.wav,Sphenocichla humei
data\processed\Mystery mystery\118_seg004.wav,Mystery mystery
data\processed\Mystery mystery\26_seg000.wav,Mystery mystery
data\processed\Pellorneum ruficeps\67_seg005.wav,Pellorneum ruficeps
data\processed\Mystery mystery\240_seg019.wav,Mystery mystery
data\processed\Mystery mystery\240_seg021.wav,Mystery mystery
data\processed\Rimator malacoptilus\14_seg014.wav,Rimator malacoptilus
data\processed\Pellorneum ruficeps\93_seg002.wav,Pellorneum ruficeps
data\processed\Chloropsis jerdoni\1_seg005.wav,Chloropsis jerdoni
data\processed\Cuculus micropterus\45_seg019.wav,Cuculus micropterus
data\processed\Mystery mystery\373_seg007.wav,Mystery mystery
data\processed\Arborophila torqueola\31_seg021.wav,Arborophila torqueola
data\processed\Glaucidium cuculoides\2_seg015.wav,Glaucidium cuculoides
data\processed\noise\Chloropsis__2__seg011.wav,noise
data\processed\Mystery mystery\318_seg004.wav,Mystery mystery
data\processed\Mystery mystery\256_seg013.wav,Mystery mystery
data\processed\Alcippe cinerea\8_seg005.wav,Alcippe cinerea
data\processed\Mystery mystery\331_seg002.wav,Mystery mystery
data\processed\Pnoepyga pusilla\16_seg005.wav,Pnoepyga pusilla
data\processed\noise\Cyornis_poliogenys__17__seg021.wav,noise
data\processed\Polyplectron bicalcaratum\6_seg008.wav,Polyplectron bicalcaratum
data\processed\noise\Centropus_andamanensis__6__seg006.wav,noise
data\processed\Sphenocichla humei\22_seg011.wav,Sphenocichla humei
data\processed\Cypsiurus balasiensis\6_seg012.wav,Cypsiurus balasiensis
data\processed\Macronus gularis\17_seg001.wav,Macronus gularis
data\processed\Cuculus micropterus\40_seg003.wav,Cuculus micropterus
data\processed\Centropus andamanensis\2_seg007.wav,Centropus andamanensis
data\processed\Motacilla citreola\1_seg004.wav,Motacilla citreola
data\processed\Mystery mystery\316_seg004.wav,Mystery mystery
data\processed\noise\Mystery_mystery__234__seg005.wav,noise
data\processed\Cuculus micropterus\38_seg000.wav,Cuculus micropterus
data\processed\Cypsiurus balasiensis\7_seg025.wav,Cypsiurus balasiensis
data\processed\Arborophila torqueola\3_seg008.wav,Arborophila torqueola
data\processed\Mystery mystery\7_seg005.wav,Mystery mystery
data\processed\Arborophila torqueola\6_seg011.wav,Arborophila torqueola
data\processed\Liocichla phoenicea\10_seg016.wav,Liocichla phoenicea
data\processed\Chloropsis jerdoni\5_seg006.wav,Chloropsis jerdoni
data\processed\Mystery mystery\327_seg009.wav,Mystery mystery
data\processed\Mystery mystery\284_seg008.wav,Mystery mystery
data\processed\Liocichla phoenicea\6_seg012.wav,Liocichla phoenicea
data\processed\Pellorneum ruficeps\68_seg002.wav,Pellorneum ruficeps
data\processed\Mystery mystery\296_seg020.wav,Mystery mystery
data\processed\noise\Sphenocichla_humei__30__seg003.wav,noise
data\processed\Pellorneum ruficeps\29_seg002.wav,Pellorneum ruficeps
data\processed\Cyornis magnirostris\4_seg001.wav,Cyornis magnirostris
data\processed\Mystery mystery\245_seg001.wav,Mystery mystery
data\processed\Mystery mystery\25_seg011.wav,Mystery mystery
data\processed\noise\Mystery_mystery__320__seg008.wav,noise
data\processed\Cuculus micropterus\31_seg008.wav,Cuculus micropterus
data\processed\Mystery mystery\234_seg015.wav,Mystery mystery
data\processed\Mystery mystery\256_seg036.wav,Mystery mystery
data\processed\Chloropsis\9_seg003.wav,Chloropsis
data\processed\Mystery mystery\443_seg015.wav,Mystery mystery
data\processed\Mystery mystery\9_seg043.wav,Mystery mystery
data\processed\Pomatorhinus ruficollis\32_seg015.wav,Pomatorhinus ruficollis
data\processed\Macronus gularis\4_seg010.wav,Macronus gularis
data\processed\Mystery mystery\223_seg004.wav,Mystery mystery
data\processed\Mystery mystery\374_seg022.wav,Mystery mystery
data\processed\Phylloscopus forresti\3_seg007.wav,Phylloscopus forresti
data\processed\Mystery mystery\121_seg003.wav,Mystery mystery
data\processed\Mystery mystery\327_seg027.wav,Mystery mystery
data\processed\Cyornis unicolor\4_seg014.wav,Cyornis unicolor
data\processed\Mystery mystery\248_seg006.wav,Mystery mystery
data\processed\Mystery mystery\373_seg025.wav,Mystery mystery
data\processed\Cuculus micropterus\56_seg005.wav,Cuculus micropterus
data\processed\Psilopogon lineatus\11_seg005.wav,Psilopogon lineatus
data\processed\Mystery mystery\319_seg002.wav,Mystery mystery
data\processed\Polyplectron bicalcaratum\6_seg009.wav,Polyplectron bicalcaratum
data\processed\noise\Centropus_andamanensis__1__seg005.wav,noise
data\processed\Chloropsis\21_seg001.wav,Chloropsis
data\processed\Mystery mystery\5_seg010.wav,Mystery mystery
data\processed\Mystery mystery\348_seg015.wav,Mystery mystery
data\processed\Mystery mystery\63_seg005.wav,Mystery mystery
data\processed\Mystery mystery\173_seg004.wav,Mystery mystery
data\processed\Arborophila torqueola\23_seg001.wav,Arborophila torqueola
data\processed\Mystery mystery\58_seg002.wav,Mystery mystery
data\processed\Pellorneum ruficeps\70_seg001.wav,Pellorneum ruficeps
data\processed\Argya longirostris\1_seg009.wav,Argya longirostris
data\processed\Mystery mystery\242_seg000.wav,Mystery mystery
data\processed\Ixobrychus cinnamomeus\2_seg001.wav,Ixobrychus cinnamomeus
data\processed\noise\Arborophila_torqueola__26__seg012.wav,noise
data\processed\Mystery mystery\5_seg011.wav,Mystery mystery
data\processed\Mystery mystery\373_seg068.wav,Mystery mystery
data\processed\Chloropsis jerdoni\7_seg001.wav,Chloropsis jerdoni
data\processed\Mystery mystery\362_seg008.wav,Mystery mystery
data\processed\Cypsiurus balasiensis\7_seg006.wav,Cypsiurus balasiensis
data\processed\Alcippe cinerea\7_seg002.wav,Alcippe cinerea
data\processed\noise\Mystery_mystery__124__seg023.wav,noise
data\processed\Mystery mystery\19_seg017.wav,Mystery mystery
data\processed\Cuculus micropterus\27_seg001.wav,Cuculus micropterus
data\processed\Liocichla phoenicea\8_seg005.wav,Liocichla phoenicea
data\processed\Cuculus micropterus\14_seg001.wav,Cuculus micropterus
data\processed\Cuculus micropterus\9_seg007.wav,Cuculus micropterus
data\processed\Mystery mystery\362_seg002.wav,Mystery mystery
data\processed\Mystery mystery\63_seg002.wav,Mystery mystery
data\processed\Chloropsis jerdoni\13_seg007.wav,Chloropsis jerdoni
data\processed\Loriculus vernalis\28_seg007.wav,Loriculus vernalis
data\processed\Chelidorhynx hypoxanthus\7_seg009.wav,Chelidorhynx hypoxanthus
data\processed\Liocichla phoenicea\2_seg017.wav,Liocichla phoenicea
data\processed\Chloropsis jerdoni\4_seg003.wav,Chloropsis jerdoni
data\processed\Rimator malacoptilus\14_seg004.wav,Rimator malacoptilus
data\processed\Mystery mystery\413_seg016.wav,Mystery mystery
data\processed\Rimator malacoptilus\3_seg018.wav,Rimator malacoptilus
data\processed\noise\Rimator_malacoptilus__20__seg004.wav,noise
data\processed\Mystery mystery\385_seg014.wav,Mystery mystery
data\processed\Spelaeornis oatesi\3_seg012.wav,Spelaeornis oatesi
data\processed\noise\Mystery_mystery__332__seg006.wav,noise
data\processed\Mystery mystery\414_seg032.wav,Mystery mystery
data\processed\noise\Sturnia_malabarica__16__seg028.wav,noise
data\processed\Arborophila torqueola\7_seg002.wav,Arborophila torqueola
data\processed\Chloropsis\2_seg018.wav,Chloropsis
data\processed\Cyornis unicolor\3_seg003.wav,Cyornis unicolor
data\processed\Mystery mystery\406_seg017.wav,Mystery mystery
data\processed\noise\Psilopogon_lineatus__21__seg025.wav,noise
data\processed\Chloropsis\14_seg007.wav,Chloropsis
data\processed\Pomatorhinus ruficollis\16_seg004.wav,Pomatorhinus ruficollis
data\processed\Mystery mystery\9_seg040.wav,Mystery mystery
data\processed\Todiramphus chloris\18_seg012.wav,Todiramphus chloris
data\processed\noise\Arborophila_torqueola__26__seg020.wav,noise
data\processed\Mystery mystery\110_seg023.wav,Mystery mystery
data\processed\noise\Cyornis_poliogenys__10__seg002.wav,noise
data\processed\Cyornis poliogenys\10_seg001.wav,Cyornis poliogenys
data\processed\Sphenocichla humei\43_seg000.wav,Sphenocichla humei
data\processed\Mystery mystery\87_seg001.wav,Mystery mystery
data\processed\Macronus gularis\6_seg002.wav,Macronus gularis
data\processed\Pellorneum ruficeps\53_seg001.wav,Pellorneum ruficeps
data\processed\Chloropsis jerdoni\9_seg014.wav,Chloropsis jerdoni
data\processed\Chloropsis jerdoni\4_seg011.wav,Chloropsis jerdoni
data\processed\Loriculus vernalis\1_seg007.wav,Loriculus vernalis
data\processed\Pellorneum ruficeps\102_seg015.wav,Pellorneum ruficeps
data\processed\Mystery mystery\442_seg039.wav,Mystery mystery
data\processed\Mystery mystery\248_seg007.wav,Mystery mystery
data\processed\Loriculus vernalis\28_seg016.wav,Loriculus vernalis
data\processed\Chloropsis\11_seg011.wav,Chloropsis
data\processed\Pomatorhinus ruficollis\18_seg001.wav,Pomatorhinus ruficollis
data\processed\Rimator malacoptilus\15_seg010.wav,Rimator malacoptilus
data\processed\noise\Mystery_mystery__125__seg023.wav,noise
data\processed\Mystery mystery\431_seg002.wav,Mystery mystery
data\processed\Phylloscopus forresti\1_seg007.wav,Phylloscopus forresti
data\processed\Cuculus micropterus\57_seg000.wav,Cuculus micropterus
data\processed\Chloropsis\14_seg067.wav,Chloropsis
data\processed\Mystery mystery\379_seg014.wav,Mystery mystery
data\processed\noise\Mystery_mystery__332__seg046.wav,noise
data\processed\noise\Mystery_mystery__242__seg004.wav,noise
data\processed\Cuculus micropterus\8_seg001.wav,Cuculus micropterus
data\processed\Mystery mystery\7_seg000.wav,Mystery mystery
data\processed\Arborophila torqueola\10_seg002.wav,Arborophila torqueola
data\processed\Pellorneum ruficeps\32_seg012.wav,Pellorneum ruficeps
data\processed\Glaucidium cuculoides\36_seg001.wav,Glaucidium cuculoides
data\processed\Pomatorhinus ruficollis\24_seg048.wav,Pomatorhinus ruficollis
data\processed\Arborophila torqueola\17_seg008.wav,Arborophila torqueola
data\processed\noise\Cyornis_poliogenys__10__seg025.wav,noise
data\processed\Acridotheres fuscus\11_seg001.wav,Acridotheres fuscus
data\processed\Chloropsis\14_seg044.wav,Chloropsis
data\processed\Rimator malacoptilus\2_seg020.wav,Rimator malacoptilus
data\processed\Rimator malacoptilus\10_seg001.wav,Rimator malacoptilus
data\processed\Psilopogon lineatus\21_seg016.wav,Psilopogon lineatus
data\processed\Sphenocichla humei\34_seg001.wav,Sphenocichla humei
data\processed\Chelidorhynx hypoxanthus\16_seg001.wav,Chelidorhynx hypoxanthus
data\processed\Pomatorhinus ruficollis\34_seg002.wav,Pomatorhinus ruficollis
data\processed\Mystery mystery\5_seg008.wav,Mystery mystery
data\processed\Pellorneum ruficeps\49_seg008.wav,Pellorneum ruficeps
data\processed\Mystery mystery\160_seg000.wav,Mystery mystery
data\processed\Mystery mystery\381_seg009.wav,Mystery mystery
data\processed\noise\Loriculus_vernalis__14__seg005.wav,noise
data\processed\noise\Mystery_mystery__255__seg000.wav,noise
data\processed\Cyornis unicolor\15_seg026.wav,Cyornis unicolor
data\processed\noise\Cyornis_magnirostris__6__seg022.wav,noise
data\processed\Mystery mystery\56_seg009.wav,Mystery mystery
data\processed\Mystery mystery\11_seg002.wav,Mystery mystery
data\processed\Eurystomus orientalis\5_seg006.wav,Eurystomus orientalis
data\processed\Chelidorhynx hypoxanthus\12_seg007.wav,Chelidorhynx hypoxanthus
data\processed\Mystery mystery\128_seg012.wav,Mystery mystery
data\processed\noise\Arborophila_torqueola__31__seg019.wav,noise
data\processed\Pellorneum ruficeps\32_seg064.wav,Pellorneum ruficeps
data\processed\Mystery mystery\355_seg001.wav,Mystery mystery
data\processed\Liocichla phoenicea\13_seg057.wav,Liocichla phoenicea
data\processed\noise\Pomatorhinus_ruficollis__9__seg013.wav,noise
data\processed\Liocichla phoenicea\9_seg014.wav,Liocichla phoenicea
data\processed\Sphenocichla humei\37_seg007.wav,Sphenocichla humei
data\processed\noise\Spelaeornis_oatesi__3__seg013.wav,noise
data\processed\Chloropsis\14_seg057.wav,Chloropsis
data\processed\Psilopogon lineatus\12_seg005.wav,Psilopogon lineatus
data\processed\noise\Mystery_mystery__83__seg007.wav,noise
data\processed\Glaucidium cuculoides\31_seg091.wav,Glaucidium cuculoides
data\processed\Pluvialis squatarola\7_seg000.wav,Pluvialis squatarola
data\processed\Mystery mystery\318_seg005.wav,Mystery mystery
data\processed\Cyornis poliogenys\29_seg003.wav,Cyornis poliogenys
data\processed\Pellorneum ruficeps\32_seg018.wav,Pellorneum ruficeps
data\processed\Sturnia malabarica\8_seg005.wav,Sturnia malabarica
data\processed\noise\Spelaeornis_oatesi__3__seg015.wav,noise
data\processed\Chloropsis jerdoni\6_seg022.wav,Chloropsis jerdoni
data\processed\Mystery mystery\338_seg017.wav,Mystery mystery
data\processed\Liocichla phoenicea\4_seg014.wav,Liocichla phoenicea
data\processed\Pellorneum ruficeps\90_seg008.wav,Pellorneum ruficeps
data\processed\Mystery mystery\110_seg027.wav,Mystery mystery
data\processed\Alcippe cinerea\19_seg003.wav,Alcippe cinerea
data\processed\Macronus gularis\17_seg004.wav,Macronus gularis
data\processed\Mystery mystery\287_seg009.wav,Mystery mystery
data\processed\Cyornis unicolor\14_seg004.wav,Cyornis unicolor
data\processed\Acridotheres fuscus\8_seg004.wav,Acridotheres fuscus
data\processed\Cuculus micropterus\8_seg039.wav,Cuculus micropterus
data\processed\Arborophila torqueola\24_seg006.wav,Arborophila torqueola
data\processed\Mystery mystery\383_seg001.wav,Mystery mystery
data\processed\Cypsiurus balasiensis\7_seg000.wav,Cypsiurus balasiensis
data\processed\Mystery mystery\23_seg002.wav,Mystery mystery
data\processed\Sphenocichla humei\23_seg012.wav,Sphenocichla humei
data\processed\noise\Pnoepyga_pusilla__2__seg006.wav,noise
data\processed\Mystery mystery\62_seg014.wav,Mystery mystery
data\processed\noise\Argya_longirostris__2__seg015.wav,noise
data\processed\Cuculus micropterus\49_seg005.wav,Cuculus micropterus
data\processed\Mystery mystery\25_seg006.wav,Mystery mystery
data\processed\Cyornis unicolor\23_seg011.wav,Cyornis unicolor
data\processed\Mystery mystery\23_seg000.wav,Mystery mystery
data\processed\Mystery mystery\232_seg012.wav,Mystery mystery
data\processed\Mystery mystery\376_seg009.wav,Mystery mystery
data\processed\Acridotheres fuscus\5_seg008.wav,Acridotheres fuscus
data\processed\Mystery mystery\25_seg029.wav,Mystery mystery
data\processed\Mystery mystery\25_seg033.wav,Mystery mystery
data\processed\noise\Rimator_malacoptilus__18__seg010.wav,noise
data\processed\Psittacula eupatria\23_seg005.wav,Psittacula eupatria
data\processed\Arborophila torqueola\4_seg022.wav,Arborophila torqueola
data\processed\Centropus andamanensis\3_seg000.wav,Centropus andamanensis
data\processed\Pellorneum ruficeps\69_seg019.wav,Pellorneum ruficeps
data\processed\Psilopogon lineatus\10_seg000.wav,Psilopogon lineatus
data\processed\Motacilla citreola\14_seg025.wav,Motacilla citreola
data\processed\Riparia chinensis\7_seg006.wav,Riparia chinensis
data\processed\Polyplectron bicalcaratum\7_seg003.wav,Polyplectron bicalcaratum
data\processed\Mystery mystery\20_seg008.wav,Mystery mystery
data\processed\Psittacula eupatria\8_seg034.wav,Psittacula eupatria
data\processed\Mystery mystery\208_seg003.wav,Mystery mystery
data\processed\Stachyridopsis ambigua\6_seg000.wav,Stachyridopsis ambigua
data\processed\Rimator malacoptilus\8_seg002.wav,Rimator malacoptilus
data\processed\Mystery mystery\53_seg001.wav,Mystery mystery
data\processed\Mystery mystery\345_seg009.wav,Mystery mystery
data\processed\Pellorneum ruficeps\74_seg056.wav,Pellorneum ruficeps
data\processed\Pellorneum ruficeps\63_seg001.wav,Pellorneum ruficeps
data\processed\Pomatorhinus ruficollis\24_seg001.wav,Pomatorhinus ruficollis
data\processed\Macronus gularis\22_seg004.wav,Macronus gularis
data\processed\Pellorneum ruficeps\101_seg008.wav,Pellorneum ruficeps
data\processed\Pomatorhinus ruficollis\1_seg013.wav,Pomatorhinus ruficollis
data\processed\Cyornis unicolor\2_seg006.wav,Cyornis unicolor
data\processed\Psilopogon lineatus\19_seg003.wav,Psilopogon lineatus
data\processed\Mystery mystery\390_seg005.wav,Mystery mystery
data\processed\Mystery mystery\20_seg011.wav,Mystery mystery
data\processed\Phylloscopus inornatus\5_seg007.wav,Phylloscopus inornatus
data\processed\Pellorneum ruficeps\10_seg007.wav,Pellorneum ruficeps
data\processed\Pellorneum ruficeps\16_seg002.wav,Pellorneum ruficeps
data\processed\Pellorneum ruficeps\52_seg003.wav,Pellorneum ruficeps
data\processed\Mystery mystery\128_seg004.wav,Mystery mystery
data\processed\Arborophila torqueola\17_seg002.wav,Arborophila torqueola
data\processed\Lanius tephronotus\2_seg006.wav,Lanius tephronotus
data\processed\Liocichla phoenicea\12_seg018.wav,Liocichla phoenicea
data\processed\noise\Pellorneum_ruficeps__74__seg005.wav,noise
data\processed\Todiramphus chloris\7_seg002.wav,Todiramphus chloris
data\processed\noise\Pellorneum_ruficeps__86__seg034.wav,noise
data\processed\Mystery mystery\75_seg009.wav,Mystery mystery
data\processed\Glaucidium cuculoides\31_seg090.wav,Glaucidium cuculoides
data\processed\Dicrurus andamanensis\14_seg004.wav,Dicrurus andamanensis
data\processed\Todiramphus chloris\11_seg000.wav,Todiramphus chloris
data\processed\Psilopogon lineatus\21_seg022.wav,Psilopogon lineatus
data\processed\Mystery mystery\443_seg020.wav,Mystery mystery
data\processed\Cuculus micropterus\46_seg005.wav,Cuculus micropterus
data\processed\Mystery mystery\400_seg002.wav,Mystery mystery
data\processed\Dicrurus andamanensis\13_seg012.wav,Dicrurus andamanensis
data\processed\Mystery mystery\150_seg002.wav,Mystery mystery
data\processed\Acridotheres fuscus\8_seg005.wav,Acridotheres fuscus
data\processed\Macronus gularis\8_seg004.wav,Macronus gularis
data\processed\Chelidorhynx hypoxanthus\14_seg001.wav,Chelidorhynx hypoxanthus
data\processed\Arborophila torqueola\8_seg011.wav,Arborophila torqueola
data\processed\Pellorneum ruficeps\7_seg003.wav,Pellorneum ruficeps
data\processed\Loriculus vernalis\29_seg014.wav,Loriculus vernalis
data\processed\Mystery mystery\376_seg008.wav,Mystery mystery
data\processed\Mystery mystery\271_seg008.wav,Mystery mystery
data\processed\Chelidorhynx hypoxanthus\7_seg010.wav,Chelidorhynx hypoxanthus
data\processed\Mystery mystery\358_seg003.wav,Mystery mystery
data\processed\Glaucidium cuculoides\24_seg001.wav,Glaucidium cuculoides
data\processed\Mystery mystery\258_seg022.wav,Mystery mystery
data\processed\Chloropsis jerdoni\12_seg003.wav,Chloropsis jerdoni
data\processed\Pomatorhinus ruficollis\32_seg000.wav,Pomatorhinus ruficollis
data\processed\Alcippe cinerea\5_seg001.wav,Alcippe cinerea
data\processed\Arborophila torqueola\5_seg009.wav,Arborophila torqueola
data\processed\Mystery mystery\110_seg013.wav,Mystery mystery
data\processed\noise\Pellorneum_ruficeps__74__seg014.wav,noise
data\processed\Sturnia malabarica\13_seg001.wav,Sturnia malabarica
data\processed\Cyornis poliogenys\24_seg009.wav,Cyornis poliogenys
data\processed\Pnoepyga pusilla\18_seg010.wav,Pnoepyga pusilla
data\processed\Mystery mystery\341_seg001.wav,Mystery mystery
data\processed\Cyornis unicolor\1_seg005.wav,Cyornis unicolor
data\processed\Pnoepyga pusilla\29_seg008.wav,Pnoepyga pusilla
data\processed\Mystery mystery\246_seg025.wav,Mystery mystery
data\processed\Cuculus micropterus\7_seg006.wav,Cuculus micropterus
data\processed\Argya longirostris\5_seg002.wav,Argya longirostris
data\processed\Mystery mystery\147_seg002.wav,Mystery mystery
data\processed\Macronus gularis\23_seg009.wav,Macronus gularis
data\processed\Liocichla phoenicea\3_seg009.wav,Liocichla phoenicea
data\processed\Cuculus micropterus\46_seg007.wav,Cuculus micropterus
data\processed\Mystery mystery\125_seg018.wav,Mystery mystery
data\processed\Paradoxornis guttaticollis\2_seg009.wav,Paradoxornis guttaticollis
data\processed\Mystery mystery\98_seg001.wav,Mystery mystery
data\processed\Centropus andamanensis\5_seg009.wav,Centropus andamanensis
data\processed\Cuculus micropterus\8_seg045.wav,Cuculus micropterus
data\processed\Stachyridopsis ambigua\13_seg025.wav,Stachyridopsis ambigua
data\processed\Pellorneum ruficeps\24_seg000.wav,Pellorneum ruficeps
data\processed\Mystery mystery\345_seg023.wav,Mystery mystery
data\processed\Loriculus vernalis\24_seg002.wav,Loriculus vernalis
data\processed\Mystery mystery\25_seg040.wav,Mystery mystery
data\processed\Cyornis unicolor\10_seg016.wav,Cyornis unicolor
data\processed\Rimator malacoptilus\15_seg012.wav,Rimator malacoptilus
data\processed\Mystery mystery\373_seg017.wav,Mystery mystery
data\processed\Glaucidium cuculoides\31_seg009.wav,Glaucidium cuculoides
data\processed\Rimator malacoptilus\15_seg004.wav,Rimator malacoptilus
data\processed\noise\Rimator_malacoptilus__18__seg009.wav,noise
data\processed\Arborophila torqueola\7_seg007.wav,Arborophila torqueola
data\processed\Alcippe cinerea\10_seg006.wav,Alcippe cinerea
data\processed\Mystery mystery\270_seg011.wav,Mystery mystery
data\processed\Cuculus micropterus\50_seg003.wav,Cuculus micropterus
data\processed\Mystery mystery\2_seg001.wav,Mystery mystery
data\processed\Psittacula eupatria\27_seg008.wav,Psittacula eupatria
data\processed\Pellorneum ruficeps\75_seg029.wav,Pellorneum ruficeps
data\processed\Mystery mystery\304_seg019.wav,Mystery mystery
data\processed\Mystery mystery\35_seg019.wav,Mystery mystery
data\processed\noise\Spelaeornis_oatesi__3__seg001.wav,noise
data\processed\Macronus gularis\6_seg009.wav,Macronus gularis
data\processed\Sturnia malabarica\3_seg012.wav,Sturnia malabarica
data\processed\Pellorneum ruficeps\62_seg001.wav,Pellorneum ruficeps
data\processed\Mystery mystery\345_seg011.wav,Mystery mystery
data\processed\noise\Pellorneum_ruficeps__86__seg032.wav,noise
data\processed\Mystery mystery\95_seg003.wav,Mystery mystery
data\processed\Mystery mystery\348_seg011.wav,Mystery mystery
data\processed\Mystery mystery\226_seg006.wav,Mystery mystery
data\processed\Pellorneum ruficeps\5_seg012.wav,Pellorneum ruficeps
data\processed\Mystery mystery\314_seg009.wav,Mystery mystery
data\processed\Mystery mystery\264_seg001.wav,Mystery mystery
data\processed\Cuculus micropterus\31_seg004.wav,Cuculus micropterus
data\processed\Pellorneum ruficeps\8_seg030.wav,Pellorneum ruficeps
data\processed\Cyornis unicolor\16_seg000.wav,Cyornis unicolor
data\processed\Pellorneum ruficeps\17_seg022.wav,Pellorneum ruficeps
data\processed\Pellorneum ruficeps\89_seg003.wav,Pellorneum ruficeps
data\processed\Aethopyga gouldiae\2_seg000.wav,Aethopyga gouldiae
data\processed\Cyornis unicolor\10_seg028.wav,Cyornis unicolor
data\processed\Psittacula eupatria\8_seg019.wav,Psittacula eupatria
data\processed\Mystery mystery\414_seg012.wav,Mystery mystery
data\processed\Cyornis poliogenys\18_seg002.wav,Cyornis poliogenys
data\processed\Mystery mystery\257_seg000.wav,Mystery mystery
data\processed\Pellorneum ruficeps\50_seg019.wav,Pellorneum ruficeps
data\processed\Alcippe cinerea\20_seg001.wav,Alcippe cinerea
data\processed\Eurystomus orientalis\2_seg007.wav,Eurystomus orientalis
data\processed\Psittacula eupatria\16_seg002.wav,Psittacula eupatria
data\processed\Glaucidium cuculoides\31_seg040.wav,Glaucidium cuculoides
data\processed\Pellorneum ruficeps\12_seg004.wav,Pellorneum ruficeps
data\processed\Argya longirostris\1_seg012.wav,Argya longirostris
data\processed\Pellorneum ruficeps\68_seg000.wav,Pellorneum ruficeps
data\processed\Psilopogon lineatus\18_seg007.wav,Psilopogon lineatus
data\processed\Mystery mystery\38_seg002.wav,Mystery mystery
data\processed\Glaucidium cuculoides\30_seg023.wav,Glaucidium cuculoides
data\processed\Mystery mystery\344_seg002.wav,Mystery mystery
data\processed\Pellorneum ruficeps\17_seg010.wav,Pellorneum ruficeps
data\processed\Sphenocichla humei\37_seg010.wav,Sphenocichla humei
data\processed\Cuculus micropterus\12_seg009.wav,Cuculus micropterus
data\processed\Mystery mystery\414_seg015.wav,Mystery mystery
data\processed\noise\Pellorneum_ruficeps__86__seg048.wav,noise
data\processed\Mystery mystery\328_seg008.wav,Mystery mystery
data\processed\Mystery mystery\258_seg027.wav,Mystery mystery
data\processed\Chloropsis cochinchinensis\1_seg012.wav,Chloropsis cochinchinensis
data\processed\Glaucidium cuculoides\3_seg001.wav,Glaucidium cuculoides
data\processed\Dicaeum minullum\5_seg002.wav,Dicaeum minullum
data\processed\Chloropsis jerdoni\3_seg002.wav,Chloropsis jerdoni
data\processed\Mystery mystery\33_seg001.wav,Mystery mystery
data\processed\Dicaeum cruentatum\1_seg018.wav,Dicaeum cruentatum
data\processed\Todiramphus chloris\18_seg004.wav,Todiramphus chloris
data\processed\Psilopogon lineatus\21_seg008.wav,Psilopogon lineatus
data\processed\Pellorneum ruficeps\100_seg005.wav,Pellorneum ruficeps
data\processed\Mystery mystery\231_seg017.wav,Mystery mystery
data\processed\Cyornis poliogenys\27_seg001.wav,Cyornis poliogenys
data\processed\Psilopogon lineatus\15_seg008.wav,Psilopogon lineatus
data\processed\Halcyon coromanda\1_seg004.wav,Halcyon coromanda
data\processed\Mystery mystery\336_seg066.wav,Mystery mystery
data\processed\Argya longirostris\10_seg001.wav,Argya longirostris
data\processed\Mystery mystery\341_seg022.wav,Mystery mystery
data\processed\Mystery mystery\41_seg003.wav,Mystery mystery
data\processed\Mystery mystery\343_seg000.wav,Mystery mystery
data\processed\Psittacula eupatria\16_seg000.wav,Psittacula eupatria
data\processed\Glaucidium cuculoides\12_seg007.wav,Glaucidium cuculoides
data\processed\Cyornis poliogenys\18_seg001.wav,Cyornis poliogenys
data\processed\Pnoepyga pusilla\18_seg004.wav,Pnoepyga pusilla
data\processed\Mystery mystery\340_seg003.wav,Mystery mystery
data\processed\Chelidorhynx hypoxanthus\10_seg011.wav,Chelidorhynx hypoxanthus
data\processed\Cuculus micropterus\34_seg003.wav,Cuculus micropterus
data\processed\Rimator malacoptilus\8_seg003.wav,Rimator malacoptilus
data\processed\Cyornis unicolor\11_seg012.wav,Cyornis unicolor
data\processed\Dicrurus andamanensis\16_seg010.wav,Dicrurus andamanensis
data\processed\Paradoxornis guttaticollis\4_seg004.wav,Paradoxornis guttaticollis
data\processed\Pellorneum ruficeps\32_seg066.wav,Pellorneum ruficeps
data\processed\Glaucidium cuculoides\14_seg001.wav,Glaucidium cuculoides
data\processed\Psilopogon lineatus\13_seg001.wav,Psilopogon lineatus
data\processed\Loriculus vernalis\22_seg001.wav,Loriculus vernalis
data\processed\Pellorneum ruficeps\16_seg026.wav,Pellorneum ruficeps
data\processed\Mystery mystery\177_seg000.wav,Mystery mystery
data\processed\Chloropsis jerdoni\6_seg015.wav,Chloropsis jerdoni
data\processed\Mystery mystery\254_seg001.wav,Mystery mystery
data\processed\noise\Arborophila_torqueola__27__seg002.wav,noise
data\processed\Mystery mystery\247_seg002.wav,Mystery mystery
data\processed\Pellorneum ruficeps\40_seg002.wav,Pellorneum ruficeps
data\processed\Polyplectron bicalcaratum\3_seg010.wav,Polyplectron bicalcaratum
data\processed\Pnoepyga pusilla\12_seg006.wav,Pnoepyga pusilla
data\processed\noise\Chloropsis__14__seg109.wav,noise
data\processed\Pomatorhinus ruficollis\30_seg007.wav,Pomatorhinus ruficollis
data\processed\Chelidorhynx hypoxanthus\10_seg022.wav,Chelidorhynx hypoxanthus
data\processed\Rimator malacoptilus\11_seg010.wav,Rimator malacoptilus
data\processed\Alcippe cinerea\14_seg002.wav,Alcippe cinerea
data\processed\Mystery mystery\86_seg001.wav,Mystery mystery
data\processed\Loriculus vernalis\1_seg013.wav,Loriculus vernalis
data\processed\noise\Mystery_mystery__39__seg001.wav,noise
data\processed\noise\Pomatorhinus_ruficollis__39__seg005.wav,noise
data\processed\Mystery mystery\301_seg046.wav,Mystery mystery
data\processed\Dicrurus andamanensis\15_seg007.wav,Dicrurus andamanensis
data\processed\Pellorneum ruficeps\52_seg000.wav,Pellorneum ruficeps
data\processed\Mystery mystery\432_seg006.wav,Mystery mystery
data\processed\Arborophila torqueola\25_seg012.wav,Arborophila torqueola
data\processed\Mystery mystery\109_seg001.wav,Mystery mystery
data\processed\Cuculus micropterus\34_seg002.wav,Cuculus micropterus
data\processed\Chloropsis jerdoni\6_seg003.wav,Chloropsis jerdoni
data\processed\Mystery mystery\328_seg009.wav,Mystery mystery
data\processed\Psittacula eupatria\21_seg002.wav,Psittacula eupatria
data\processed\Mystery mystery\310_seg010.wav,Mystery mystery
data\processed\Mystery mystery\342_seg009.wav,Mystery mystery
data\processed\Mystery mystery\395_seg017.wav,Mystery mystery
data\processed\Alcippe cinerea\17_seg001.wav,Alcippe cinerea
data\processed\Macronus gularis\6_seg004.wav,Macronus gularis
data\processed\Cuculus micropterus\7_seg001.wav,Cuculus micropterus
data\processed\Pomatorhinus ruficollis\30_seg006.wav,Pomatorhinus ruficollis
data\processed\Mystery mystery\300_seg023.wav,Mystery mystery
data\processed\Cyornis unicolor\27_seg018.wav,Cyornis unicolor
data\processed\Stachyridopsis ambigua\11_seg003.wav,Stachyridopsis ambigua
data\processed\Mystery mystery\413_seg019.wav,Mystery mystery
data\processed\noise\Argya_longirostris__4__seg002.wav,noise
data\processed\Mystery mystery\19_seg058.wav,Mystery mystery
data\processed\Pnoepyga pusilla\6_seg000.wav,Pnoepyga pusilla
data\processed\Mystery mystery\195_seg015.wav,Mystery mystery
data\processed\Mystery mystery\231_seg011.wav,Mystery mystery
data\processed\Psilopogon lineatus\2_seg001.wav,Psilopogon lineatus
data\processed\Pellorneum ruficeps\92_seg002.wav,Pellorneum ruficeps
data\processed\Pomatorhinus ruficollis\34_seg009.wav,Pomatorhinus ruficollis
data\processed\Mystery mystery\342_seg007.wav,Mystery mystery
data\processed\Mystery mystery\127_seg002.wav,Mystery mystery
data\processed\Macronus gularis\17_seg023.wav,Macronus gularis
data\processed\Loriculus vernalis\28_seg004.wav,Loriculus vernalis
data\processed\Arborophila torqueola\31_seg015.wav,Arborophila torqueola
data\processed\Todiramphus chloris\13_seg016.wav,Todiramphus chloris
data\processed\Rimator malacoptilus\2_seg023.wav,Rimator malacoptilus
data\processed\Glaucidium cuculoides\31_seg004.wav,Glaucidium cuculoides
data\processed\Cyornis poliogenys\20_seg000.wav,Cyornis poliogenys
data\processed\noise\Glaucidium_cuculoides__20__seg002.wav,noise
data\processed\noise\Mystery_mystery__125__seg004.wav,noise
data\processed\Mystery mystery\426_seg019.wav,Mystery mystery
data\processed\Rimator malacoptilus\3_seg006.wav,Rimator malacoptilus
data\processed\Mystery mystery\378_seg009.wav,Mystery mystery
data\processed\Pellorneum ruficeps\32_seg044.wav,Pellorneum ruficeps
data\processed\Pnoepyga pusilla\5_seg010.wav,Pnoepyga pusilla
data\processed\Glaucidium cuculoides\6_seg001.wav,Glaucidium cuculoides
data\processed\Locustella davidi\3_seg002.wav,Locustella davidi
data\processed\Glaucidium cuculoides\29_seg010.wav,Glaucidium cuculoides
data\processed\Mystery mystery\332_seg055.wav,Mystery mystery
data\processed\noise\Mystery_mystery__126__seg005.wav,noise
data\processed\Mystery mystery\119_seg006.wav,Mystery mystery
data\processed\Dicrurus andamanensis\16_seg003.wav,Dicrurus andamanensis
data\processed\Arborophila torqueola\28_seg008.wav,Arborophila torqueola
data\processed\Liocichla phoenicea\2_seg014.wav,Liocichla phoenicea
data\processed\Alcippe cinerea\23_seg010.wav,Alcippe cinerea
data\processed\noise\Mystery_mystery__125__seg012.wav,noise
data\processed\Mystery mystery\72_seg002.wav,Mystery mystery
data\processed\Sturnia malabarica\5_seg001.wav,Sturnia malabarica
data\processed\Locustella davidi\3_seg000.wav,Locustella davidi
data\processed\noise\Pellorneum_ruficeps__86__seg039.wav,noise
data\processed\Pomatorhinus ruficollis\25_seg002.wav,Pomatorhinus ruficollis
data\processed\Arborophila torqueola\1_seg001.wav,Arborophila torqueola
data\processed\Mystery mystery\39_seg010.wav,Mystery mystery
data\processed\Mystery mystery\152_seg000.wav,Mystery mystery
data\processed\Stachyridopsis ambigua\10_seg007.wav,Stachyridopsis ambigua
data\processed\Mystery mystery\381_seg007.wav,Mystery mystery
data\processed\noise\Paradoxornis_guttaticollis__2__seg015.wav,noise
data\processed\noise\Mystery_mystery__246__seg021.wav,noise
data\processed\Cyornis unicolor\15_seg010.wav,Cyornis unicolor
data\processed\Pnoepyga pusilla\20_seg005.wav,Pnoepyga pusilla
data\processed\Cyornis unicolor\17_seg003.wav,Cyornis unicolor
data\processed\Mystery mystery\327_seg031.wav,Mystery mystery
data\processed\Cyornis magnirostris\8_seg010.wav,Cyornis magnirostris
data\processed\Mystery mystery\287_seg004.wav,Mystery mystery
data\processed\Pellorneum ruficeps\97_seg003.wav,Pellorneum ruficeps
data\processed\Pellorneum ruficeps\69_seg032.wav,Pellorneum ruficeps
data\processed\noise\Mystery_mystery__418__seg005.wav,noise
data\processed\Pellorneum ruficeps\14_seg006.wav,Pellorneum ruficeps
data\processed\Mystery mystery\304_seg001.wav,Mystery mystery
data\processed\Cypsiurus balasiensis\3_seg003.wav,Cypsiurus balasiensis
data\processed\Riparia chinensis\7_seg005.wav,Riparia chinensis
data\processed\noise\Spelaeornis_oatesi__3__seg009.wav,noise
data\processed\Chloropsis\8_seg012.wav,Chloropsis
data\processed\Aethopyga gouldiae\3_seg000.wav,Aethopyga gouldiae
data\processed\Mystery mystery\374_seg008.wav,Mystery mystery
data\processed\Mystery mystery\348_seg005.wav,Mystery mystery
data\processed\Sphenocichla humei\12_seg006.wav,Sphenocichla humei
data\processed\Mystery mystery\327_seg041.wav,Mystery mystery
data\processed\Mystery mystery\35_seg017.wav,Mystery mystery
data\processed\Mystery mystery\197_seg005.wav,Mystery mystery
data\processed\Cyornis poliogenys\2_seg003.wav,Cyornis poliogenys
data\processed\Mystery mystery\415_seg019.wav,Mystery mystery
data\processed\Sturnia malabarica\4_seg003.wav,Sturnia malabarica
data\processed\Mystery mystery\373_seg046.wav,Mystery mystery
data\processed\Mystery mystery\197_seg004.wav,Mystery mystery
data\processed\Mystery mystery\345_seg018.wav,Mystery mystery
data\processed\Psittacula eupatria\19_seg005.wav,Psittacula eupatria
data\processed\Mystery mystery\151_seg001.wav,Mystery mystery
data\processed\noise\Centropus_andamanensis__5__seg000.wav,noise
data\processed\Pellorneum ruficeps\77_seg011.wav,Pellorneum ruficeps
data\processed\Pomatorhinus ruficollis\27_seg004.wav,Pomatorhinus ruficollis
data\processed\noise\Mystery_mystery__251__seg001.wav,noise
data\processed\Mystery mystery\431_seg019.wav,Mystery mystery
data\processed\Chloropsis jerdoni\2_seg013.wav,Chloropsis jerdoni
data\processed\Mystery mystery\19_seg033.wav,Mystery mystery
data\processed\Mystery mystery\362_seg006.wav,Mystery mystery
data\processed\Phylloscopus forresti\2_seg011.wav,Phylloscopus forresti
data\processed\Pomatorhinus ruficollis\35_seg013.wav,Pomatorhinus ruficollis
data\processed\Mystery mystery\300_seg014.wav,Mystery mystery
data\processed\Cyornis poliogenys\26_seg010.wav,Cyornis poliogenys
data\processed\Pellorneum ruficeps\86_seg010.wav,Pellorneum ruficeps
data\processed\Locustella davidi\3_seg001.wav,Locustella davidi
data\processed\Mystery mystery\433_seg001.wav,Mystery mystery
data\processed\Pellorneum ruficeps\86_seg007.wav,Pellorneum ruficeps
data\processed\Aethopyga gouldiae\3_seg001.wav,Aethopyga gouldiae
data\processed\Psilopogon lineatus\5_seg014.wav,Psilopogon lineatus
data\processed\Mystery mystery\35_seg029.wav,Mystery mystery
data\processed\Arborophila torqueola\31_seg012.wav,Arborophila torqueola
data\processed\Mystery mystery\322_seg007.wav,Mystery mystery
data\processed\Cypsiurus balasiensis\7_seg026.wav,Cypsiurus balasiensis
data\processed\Rimator malacoptilus\17_seg011.wav,Rimator malacoptilus
data\processed\Rimator malacoptilus\12_seg004.wav,Rimator malacoptilus
data\processed\Mystery mystery\128_seg011.wav,Mystery mystery
data\processed\Chloropsis jerdoni\11_seg001.wav,Chloropsis jerdoni
data\processed\Pellorneum ruficeps\43_seg003.wav,Pellorneum ruficeps
data\processed\Mystery mystery\312_seg008.wav,Mystery mystery
data\processed\Sphenocichla humei\27_seg005.wav,Sphenocichla humei
data\processed\Todiramphus chloris\9_seg000.wav,Todiramphus chloris
data\processed\Mystery mystery\11_seg034.wav,Mystery mystery
data\processed\noise\Mystery_mystery__325__seg033.wav,noise
data\processed\Aethopyga gouldiae\2_seg001.wav,Aethopyga gouldiae
data\processed\Chloropsis\14_seg001.wav,Chloropsis
data\processed\Mystery mystery\215_seg001.wav,Mystery mystery
data\processed\Mystery mystery\310_seg013.wav,Mystery mystery
data\processed\Cuculus micropterus\9_seg000.wav,Cuculus micropterus
data\processed\Motacilla citreola\17_seg004.wav,Motacilla citreola
data\processed\Glaucidium cuculoides\34_seg004.wav,Glaucidium cuculoides
data\processed\Arborophila torqueola\13_seg026.wav,Arborophila torqueola
data\processed\Pellorneum ruficeps\83_seg005.wav,Pellorneum ruficeps
data\processed\Pellorneum ruficeps\11_seg010.wav,Pellorneum ruficeps
data\processed\Centropus andamanensis\1_seg006.wav,Centropus andamanensis
data\processed\Glaucidium cuculoides\19_seg000.wav,Glaucidium cuculoides
data\processed\Mystery mystery\356_seg003.wav,Mystery mystery
data\processed\Mystery mystery\309_seg000.wav,Mystery mystery
data\processed\Mystery mystery\428_seg029.wav,Mystery mystery
data\processed\Macronus gularis\16_seg005.wav,Macronus gularis
data\processed\Alcippe cinerea\3_seg011.wav,Alcippe cinerea
data\processed\noise\Sturnia_malabarica__16__seg002.wav,noise
data\processed\Mystery mystery\374_seg000.wav,Mystery mystery
data\processed\Cuculus micropterus\33_seg001.wav,Cuculus micropterus
data\processed\noise\Pellorneum_ruficeps__86__seg018.wav,noise
data\processed\Alcippe cinerea\16_seg003.wav,Alcippe cinerea
data\processed\Iole cacharensis\3_seg004.wav,Iole cacharensis
data\processed\Psilopogon lineatus\11_seg006.wav,Psilopogon lineatus
data\processed\Mystery mystery\88_seg004.wav,Mystery mystery
data\processed\Mystery mystery\406_seg016.wav,Mystery mystery
data\processed\Mystery mystery\373_seg062.wav,Mystery mystery
data\processed\Centropus andamanensis\7_seg003.wav,Centropus andamanensis
data\processed\noise\Mystery_mystery__375__seg004.wav,noise
data\processed\Mystery mystery\327_seg007.wav,Mystery mystery
data\processed\noise\Chloropsis__11__seg018.wav,noise
data\processed\Mystery mystery\367_seg006.wav,Mystery mystery
data\processed\Pellorneum ruficeps\32_seg000.wav,Pellorneum ruficeps
data\processed\Psilopogon lineatus\4_seg011.wav,Psilopogon lineatus
data\processed\Mystery mystery\120_seg000.wav,Mystery mystery
data\processed\Macronus gularis\1_seg001.wav,Macronus gularis
data\processed\Mystery mystery\124_seg003.wav,Mystery mystery
data\processed\Mystery mystery\410_seg048.wav,Mystery mystery
data\processed\Mystery mystery\42_seg008.wav,Mystery mystery
data\processed\Chloropsis jerdoni\13_seg005.wav,Chloropsis jerdoni
data\processed\Liocichla phoenicea\16_seg007.wav,Liocichla phoenicea
data\processed\Mystery mystery\409_seg008.wav,Mystery mystery
data\processed\Cyornis poliogenys\25_seg004.wav,Cyornis poliogenys
data\processed\Mystery mystery\240_seg009.wav,Mystery mystery
data\processed\Pellorneum ruficeps\18_seg003.wav,Pellorneum ruficeps
data\processed\Argya longirostris\7_seg001.wav,Argya longirostris
data\processed\Chloropsis jerdoni\11_seg000.wav,Chloropsis jerdoni
data\processed\Mystery mystery\247_seg004.wav,Mystery mystery
data\processed\Mystery mystery\163_seg005.wav,Mystery mystery
data\processed\Mystery mystery\373_seg065.wav,Mystery mystery
data\processed\Mystery mystery\167_seg002.wav,Mystery mystery
data\processed\Chloropsis\19_seg003.wav,Chloropsis
data\processed\Pnoepyga pusilla\5_seg008.wav,Pnoepyga pusilla
data\processed\Pellorneum ruficeps\72_seg002.wav,Pellorneum ruficeps
data\processed\Psilopogon lineatus\4_seg003.wav,Psilopogon lineatus
data\processed\Chloropsis jerdoni\1_seg028.wav,Chloropsis jerdoni
data\processed\Pellorneum ruficeps\97_seg001.wav,Pellorneum ruficeps
data\processed\Mystery mystery\86_seg013.wav,Mystery mystery
data\processed\Loriculus vernalis\8_seg005.wav,Loriculus vernalis
data\processed\Chloropsis\14_seg077.wav,Chloropsis
data\processed\noise\Stachyridopsis_ambigua__13__seg026.wav,noise
data\processed\Mystery mystery\426_seg016.wav,Mystery mystery
data\processed\Loriculus vernalis\7_seg002.wav,Loriculus vernalis
data\processed\Glaucidium cuculoides\31_seg016.wav,Glaucidium cuculoides
data\processed\Mystery mystery\303_seg004.wav,Mystery mystery
data\processed\Cyornis magnirostris\1_seg003.wav,Cyornis magnirostris
data\processed\Pomatorhinus ruficollis\4_seg024.wav,Pomatorhinus ruficollis
data\processed\Psilopogon lineatus\19_seg000.wav,Psilopogon lineatus
data\processed\Cuculus micropterus\38_seg007.wav,Cuculus micropterus
data\processed\Arborophila torqueola\6_seg010.wav,Arborophila torqueola
data\processed\Mystery mystery\348_seg007.wav,Mystery mystery
data\processed\Mystery mystery\371_seg006.wav,Mystery mystery
data\processed\noise\Pnoepyga_pusilla__25__seg006.wav,noise
data\processed\Mystery mystery\296_seg019.wav,Mystery mystery
data\processed\Arachnothera magna\3_seg007.wav,Arachnothera magna
data\processed\Mystery mystery\291_seg006.wav,Mystery mystery
data\processed\Mystery mystery\37_seg000.wav,Mystery mystery
data\processed\Pellorneum ruficeps\37_seg005.wav,Pellorneum ruficeps
data\processed\Pnoepyga pusilla\11_seg002.wav,Pnoepyga pusilla
data\processed\Mystery mystery\271_seg001.wav,Mystery mystery
data\processed\Mystery mystery\325_seg036.wav,Mystery mystery
data\processed\Mystery mystery\414_seg000.wav,Mystery mystery
data\processed\Chloropsis cochinchinensis\1_seg014.wav,Chloropsis cochinchinensis
data\processed\Mystery mystery\410_seg014.wav,Mystery mystery
data\processed\Mystery mystery\311_seg010.wav,Mystery mystery
data\processed\Cyornis poliogenys\1_seg012.wav,Cyornis poliogenys
data\processed\Cyornis unicolor\3_seg000.wav,Cyornis unicolor
data\processed\Phylloscopus forresti\2_seg002.wav,Phylloscopus forresti
data\processed\Pomatorhinus ruficollis\1_seg004.wav,Pomatorhinus ruficollis
data\processed\Pellorneum ruficeps\23_seg019.wav,Pellorneum ruficeps
data\processed\noise\Pellorneum_ruficeps__74__seg021.wav,noise
data\processed\Cuculus micropterus\66_seg010.wav,Cuculus micropterus
data\processed\Mystery mystery\7_seg010.wav,Mystery mystery
data\processed\Chelidorhynx hypoxanthus\1_seg005.wav,Chelidorhynx hypoxanthus
data\processed\Glaucidium cuculoides\31_seg050.wav,Glaucidium cuculoides
data\processed\Dicrurus andamanensis\6_seg004.wav,Dicrurus andamanensis
data\processed\Mystery mystery\299_seg001.wav,Mystery mystery
data\processed\Mystery mystery\208_seg002.wav,Mystery mystery
data\processed\Macronus gularis\15_seg006.wav,Macronus gularis
data\processed\Loriculus vernalis\10_seg010.wav,Loriculus vernalis
data\processed\Chelidorhynx hypoxanthus\10_seg015.wav,Chelidorhynx hypoxanthus
data\processed\Pomatorhinus ruficollis\24_seg049.wav,Pomatorhinus ruficollis
data\processed\Pnoepyga pusilla\29_seg022.wav,Pnoepyga pusilla
data\processed\Cuculus micropterus\12_seg002.wav,Cuculus micropterus
data\processed\Liocichla phoenicea\18_seg000.wav,Liocichla phoenicea
data\processed\Rimator malacoptilus\6_seg003.wav,Rimator malacoptilus
data\processed\Mystery mystery\410_seg056.wav,Mystery mystery
data\processed\Glaucidium cuculoides\30_seg007.wav,Glaucidium cuculoides
data\processed\Acridotheres fuscus\5_seg014.wav,Acridotheres fuscus
data\processed\Pnoepyga pusilla\14_seg001.wav,Pnoepyga pusilla
data\processed\Mystery mystery\293_seg001.wav,Mystery mystery
data\processed\Arborophila torqueola\28_seg012.wav,Arborophila torqueola
data\processed\Argya longirostris\1_seg008.wav,Argya longirostris
data\processed\Phylloscopus forresti\3_seg011.wav,Phylloscopus forresti
data\processed\Pellorneum ruficeps\97_seg011.wav,Pellorneum ruficeps
data\processed\Psilopogon lineatus\4_seg019.wav,Psilopogon lineatus
data\processed\Mystery mystery\345_seg004.wav,Mystery mystery
data\processed\Arborophila torqueola\26_seg000.wav,Arborophila torqueola
data\processed\Mystery mystery\219_seg000.wav,Mystery mystery
data\processed\Loriculus vernalis\26_seg000.wav,Loriculus vernalis
data\processed\Pellorneum ruficeps\68_seg001.wav,Pellorneum ruficeps
data\processed\Pellorneum ruficeps\76_seg007.wav,Pellorneum ruficeps
data\processed\noise\Pomatorhinus_ruficollis__6__seg008.wav,noise
data\processed\Psilopogon lineatus\1_seg000.wav,Psilopogon lineatus
data\processed\Chloropsis jerdoni\5_seg009.wav,Chloropsis jerdoni
data\processed\Dicrurus andamanensis\2_seg007.wav,Dicrurus andamanensis
data\processed\Mystery mystery\18_seg007.wav,Mystery mystery
data\processed\Rimator malacoptilus\18_seg017.wav,Rimator malacoptilus
data\processed\Arborophila torqueola\28_seg013.wav,Arborophila torqueola
data\processed\Cuculus micropterus\8_seg035.wav,Cuculus micropterus
data\processed\noise\Centropus_andamanensis__5__seg015.wav,noise
data\processed\Cuculus micropterus\47_seg003.wav,Cuculus micropterus
data\processed\Cuculus micropterus\60_seg020.wav,Cuculus micropterus
data\processed\Cuculus micropterus\4_seg009.wav,Cuculus micropterus
data\processed\Arborophila torqueola\28_seg029.wav,Arborophila torqueola
data\processed\Psilopogon lineatus\2_seg010.wav,Psilopogon lineatus
data\processed\Mystery mystery\362_seg001.wav,Mystery mystery
data\processed\Pnoepyga pusilla\6_seg010.wav,Pnoepyga pusilla
data\processed\Psilopogon lineatus\16_seg004.wav,Psilopogon lineatus
data\processed\Mystery mystery\268_seg000.wav,Mystery mystery
data\processed\Cyornis poliogenys\5_seg007.wav,Cyornis poliogenys
data\processed\Todiramphus chloris\19_seg006.wav,Todiramphus chloris
data\processed\Mystery mystery\127_seg012.wav,Mystery mystery
data\processed\Pellorneum ruficeps\65_seg019.wav,Pellorneum ruficeps
data\processed\Chloropsis\15_seg004.wav,Chloropsis
data\processed\Sphenocichla humei\10_seg005.wav,Sphenocichla humei
data\processed\Pnoepyga pusilla\2_seg000.wav,Pnoepyga pusilla
data\processed\Loriculus vernalis\10_seg003.wav,Loriculus vernalis
data\processed\Mystery mystery\433_seg005.wav,Mystery mystery
data\processed\Macronus gularis\22_seg000.wav,Macronus gularis
data\processed\Arborophila torqueola\1_seg008.wav,Arborophila torqueola
data\processed\noise\Mystery_mystery__38__seg039.wav,noise
data\processed\Alcippe cinerea\23_seg006.wav,Alcippe cinerea
data\processed\Todiramphus chloris\18_seg007.wav,Todiramphus chloris
data\processed\Chelidorhynx hypoxanthus\15_seg019.wav,Chelidorhynx hypoxanthus
data\processed\Mystery mystery\374_seg015.wav,Mystery mystery
data\processed\Mystery mystery\112_seg002.wav,Mystery mystery
data\processed\Pomatorhinus ruficollis\18_seg009.wav,Pomatorhinus ruficollis
data\processed\Mystery mystery\223_seg013.wav,Mystery mystery
data\processed\Mystery mystery\9_seg006.wav,Mystery mystery
data\processed\Mystery mystery\297_seg014.wav,Mystery mystery
data\processed\Arborophila torqueola\31_seg018.wav,Arborophila torqueola
data\processed\Mystery mystery\308_seg003.wav,Mystery mystery
data\processed\Mystery mystery\429_seg004.wav,Mystery mystery
data\processed\Cyornis poliogenys\19_seg006.wav,Cyornis poliogenys
data\processed\Mystery mystery\110_seg045.wav,Mystery mystery
data\processed\noise\Cypsiurus_balasiensis__7__seg009.wav,noise
data\processed\Liocichla phoenicea\3_seg012.wav,Liocichla phoenicea
data\processed\noise\Mystery_mystery__63__seg000.wav,noise
data\processed\Mystery mystery\3_seg001.wav,Mystery mystery
data\processed\Mystery mystery\373_seg021.wav,Mystery mystery
data\processed\noise\Mystery_mystery__337__seg002.wav,noise
data\processed\Mystery mystery\25_seg023.wav,Mystery mystery
data\processed\Mystery mystery\240_seg016.wav,Mystery mystery
data\processed\Mystery mystery\93_seg013.wav,Mystery mystery
data\processed\Arborophila torqueola\25_seg006.wav,Arborophila torqueola
data\processed\Chloropsis\14_seg063.wav,Chloropsis
data\processed\Mystery mystery\373_seg009.wav,Mystery mystery
data\processed\Mystery mystery\302_seg003.wav,Mystery mystery
data\processed\Mystery mystery\410_seg041.wav,Mystery mystery
data\processed\Liocichla phoenicea\22_seg003.wav,Liocichla phoenicea
data\processed\Sturnia malabarica\9_seg006.wav,Sturnia malabarica
data\processed\noise\Pellorneum_ruficeps__48__seg005.wav,noise
data\processed\Mystery mystery\86_seg012.wav,Mystery mystery
data\processed\Mystery mystery\314_seg013.wav,Mystery mystery
data\processed\Mystery mystery\410_seg032.wav,Mystery mystery
data\processed\noise\Pellorneum_ruficeps__74__seg025.wav,noise
data\processed\Loriculus vernalis\22_seg009.wav,Loriculus vernalis
data\processed\Arborophila torqueola\11_seg001.wav,Arborophila torqueola
data\processed\Cyornis unicolor\4_seg024.wav,Cyornis unicolor
data\processed\Pellorneum ruficeps\32_seg002.wav,Pellorneum ruficeps
data\processed\Mystery mystery\273_seg010.wav,Mystery mystery
data\processed\Mystery mystery\246_seg024.wav,Mystery mystery
data\processed\Sturnia malabarica\9_seg001.wav,Sturnia malabarica
data\processed\Mystery mystery\25_seg014.wav,Mystery mystery
data\processed\Mystery mystery\300_seg058.wav,Mystery mystery
data\processed\Mystery mystery\11_seg006.wav,Mystery mystery
data\processed\noise\Cyornis_poliogenys__1__seg007.wav,noise
data\processed\Pomatorhinus ruficollis\27_seg007.wav,Pomatorhinus ruficollis
data\processed\Mystery mystery\62_seg024.wav,Mystery mystery
data\processed\Glaucidium cuculoides\31_seg047.wav,Glaucidium cuculoides
data\processed\Mystery mystery\128_seg009.wav,Mystery mystery
data\processed\Arborophila torqueola\8_seg034.wav,Arborophila torqueola
data\processed\Alcippe cinerea\5_seg000.wav,Alcippe cinerea
data\processed\Dicaeum cruentatum\8_seg008.wav,Dicaeum cruentatum
data\processed\Mystery mystery\62_seg002.wav,Mystery mystery
data\processed\Pomatorhinus ruficollis\29_seg005.wav,Pomatorhinus ruficollis
data\processed\noise\Mystery_mystery__395__seg016.wav,noise
data\processed\Pellorneum ruficeps\23_seg002.wav,Pellorneum ruficeps
data\processed\Cuculus micropterus\23_seg002.wav,Cuculus micropterus
data\processed\Motacilla citreola\14_seg027.wav,Motacilla citreola
data\processed\Sphenocichla humei\27_seg004.wav,Sphenocichla humei
data\processed\Centropus andamanensis\8_seg000.wav,Centropus andamanensis
data\processed\Pomatorhinus ruficollis\17_seg004.wav,Pomatorhinus ruficollis
data\processed\Arborophila torqueola\20_seg013.wav,Arborophila torqueola
data\processed\Mystery mystery\227_seg000.wav,Mystery mystery
data\processed\Pellorneum ruficeps\17_seg004.wav,Pellorneum ruficeps
data\processed\Pellorneum ruficeps\17_seg016.wav,Pellorneum ruficeps
data\processed\Liocichla phoenicea\13_seg005.wav,Liocichla phoenicea
data\processed\Mystery mystery\257_seg011.wav,Mystery mystery
data\processed\Acridotheres fuscus\7_seg013.wav,Acridotheres fuscus
data\processed\Sphenocichla humei\6_seg004.wav,Sphenocichla humei
data\processed\Cuculus micropterus\28_seg001.wav,Cuculus micropterus
data\processed\Macronus gularis\6_seg006.wav,Macronus gularis
data\processed\noise\Sphenocichla_humei__22__seg009.wav,noise
data\processed\noise\Pellorneum_ruficeps__74__seg034.wav,noise
data\processed\Todiramphus chloris\10_seg002.wav,Todiramphus chloris
data\processed\noise\Cyornis_poliogenys__22__seg006.wav,noise
data\processed\Mystery mystery\373_seg040.wav,Mystery mystery
data\processed\Mystery mystery\426_seg010.wav,Mystery mystery
data\processed\Cyornis unicolor\27_seg013.wav,Cyornis unicolor
data\processed\noise\Psilopogon_lineatus__2__seg012.wav,noise
data\processed\Mystery mystery\343_seg035.wav,Mystery mystery
data\processed\Mystery mystery\19_seg012.wav,Mystery mystery
data\processed\Mystery mystery\94_seg003.wav,Mystery mystery
data\processed\Glaucidium cuculoides\31_seg071.wav,Glaucidium cuculoides
data\processed\noise\Mystery_mystery__17__seg004.wav,noise
data\processed\Cuculus micropterus\63_seg008.wav,Cuculus micropterus
data\processed\Mystery mystery\116_seg019.wav,Mystery mystery
data\processed\Centropus andamanensis\15_seg010.wav,Centropus andamanensis
data\processed\Psilopogon lineatus\11_seg013.wav,Psilopogon lineatus
data\processed\Pnoepyga pusilla\22_seg002.wav,Pnoepyga pusilla
data\processed\Cyornis unicolor\15_seg021.wav,Cyornis unicolor
data\processed\noise\Pellorneum_ruficeps__76__seg008.wav,noise
data\processed\Cuculus micropterus\49_seg001.wav,Cuculus micropterus
data\processed\Chloropsis\3_seg010.wav,Chloropsis
data\processed\Mystery mystery\322_seg006.wav,Mystery mystery
data\processed\Pnoepyga pusilla\3_seg002.wav,Pnoepyga pusilla
data\processed\Macronus gularis\21_seg002.wav,Macronus gularis
data\processed\Mystery mystery\335_seg000.wav,Mystery mystery
data\processed\Aethopyga gouldiae\2_seg007.wav,Aethopyga gouldiae
data\processed\noise\Mystery_mystery__369__seg009.wav,noise
data\processed\Arborophila torqueola\8_seg033.wav,Arborophila torqueola
data\processed\Mystery mystery\296_seg025.wav,Mystery mystery
data\processed\Mystery mystery\25_seg010.wav,Mystery mystery
data\processed\Pomatorhinus ruficollis\13_seg015.wav,Pomatorhinus ruficollis
data\processed\Glaucidium cuculoides\2_seg012.wav,Glaucidium cuculoides
data\processed\Pomatorhinus ruficollis\24_seg005.wav,Pomatorhinus ruficollis
data\processed\Glaucidium cuculoides\29_seg008.wav,Glaucidium cuculoides
data\processed\Pellorneum ruficeps\32_seg001.wav,Pellorneum ruficeps
data\processed\Mystery mystery\296_seg018.wav,Mystery mystery
data\processed\Psilopogon lineatus\5_seg012.wav,Psilopogon lineatus
data\processed\Pellorneum ruficeps\62_seg004.wav,Pellorneum ruficeps
data\processed\Chloropsis\11_seg017.wav,Chloropsis
data\processed\Mystery mystery\345_seg005.wav,Mystery mystery
data\processed\Pellorneum ruficeps\63_seg000.wav,Pellorneum ruficeps
data\processed\Mystery mystery\343_seg015.wav,Mystery mystery
data\processed\Halcyon coromanda\3_seg003.wav,Halcyon coromanda
data\processed\Chloropsis\6_seg009.wav,Chloropsis
data\processed\Mystery mystery\365_seg018.wav,Mystery mystery
data\processed\Mystery mystery\92_seg004.wav,Mystery mystery
data\processed\Mystery mystery\301_seg019.wav,Mystery mystery
data\processed\Liocichla phoenicea\2_seg011.wav,Liocichla phoenicea
data\processed\Pellorneum ruficeps\16_seg036.wav,Pellorneum ruficeps
data\processed\noise\Cuculus_micropterus__63__seg006.wav,noise
data\processed\Chloropsis\5_seg000.wav,Chloropsis
data\processed\Mystery mystery\13_seg000.wav,Mystery mystery
data\processed\Halcyon coromanda\2_seg000.wav,Halcyon coromanda
data\processed\Pnoepyga pusilla\1_seg015.wav,Pnoepyga pusilla
data\processed\Mystery mystery\267_seg024.wav,Mystery mystery
data\processed\Cyornis unicolor\19_seg027.wav,Cyornis unicolor
data\processed\Alcippe cinerea\21_seg001.wav,Alcippe cinerea
data\processed\Pnoepyga pusilla\17_seg015.wav,Pnoepyga pusilla
data\processed\Pellorneum ruficeps\85_seg002.wav,Pellorneum ruficeps
data\processed\Rimator malacoptilus\2_seg026.wav,Rimator malacoptilus
data\processed\Mystery mystery\4_seg004.wav,Mystery mystery
data\processed\Pnoepyga pusilla\7_seg010.wav,Pnoepyga pusilla
data\processed\Pellorneum ruficeps\64_seg014.wav,Pellorneum ruficeps
data\processed\Pellorneum ruficeps\102_seg016.wav,Pellorneum ruficeps
data\processed\Mystery mystery\115_seg010.wav,Mystery mystery
data\processed\Todiramphus chloris\13_seg005.wav,Todiramphus chloris
data\processed\Pellorneum ruficeps\91_seg005.wav,Pellorneum ruficeps
data\processed\Paradoxornis guttaticollis\1_seg008.wav,Paradoxornis guttaticollis
data\processed\Pellorneum ruficeps\87_seg007.wav,Pellorneum ruficeps
data\processed\Sturnia malabarica\16_seg025.wav,Sturnia malabarica
data\processed\Cuculus micropterus\60_seg010.wav,Cuculus micropterus
data\processed\Pellorneum ruficeps\5_seg004.wav,Pellorneum ruficeps
data\processed\Pellorneum ruficeps\85_seg001.wav,Pellorneum ruficeps
data\processed\Cuculus micropterus\65_seg004.wav,Cuculus micropterus
data\processed\Chloropsis jerdoni\2_seg001.wav,Chloropsis jerdoni
data\processed\Liocichla phoenicea\14_seg001.wav,Liocichla phoenicea
data\processed\Mystery mystery\428_seg014.wav,Mystery mystery
data\processed\Pellorneum ruficeps\9_seg012.wav,Pellorneum ruficeps
data\processed\Pellorneum ruficeps\51_seg004.wav,Pellorneum ruficeps
data\processed\Loriculus vernalis\10_seg019.wav,Loriculus vernalis
data\processed\Sphenocichla humei\36_seg001.wav,Sphenocichla humei
data\processed\Mystery mystery\85_seg008.wav,Mystery mystery
data\processed\noise\Phylloscopus_forresti__2__seg003.wav,noise
data\processed\noise\Centropus_andamanensis__7__seg005.wav,noise
data\processed\Loriculus vernalis\17_seg000.wav,Loriculus vernalis
data\processed\noise\Arborophila_torqueola__21__seg002.wav,noise
data\processed\Pellorneum ruficeps\75_seg007.wav,Pellorneum ruficeps
data\processed\Mystery mystery\382_seg007.wav,Mystery mystery
data\processed\Iole cacharensis\3_seg001.wav,Iole cacharensis
data\processed\Arborophila torqueola\13_seg004.wav,Arborophila torqueola
data\processed\Mystery mystery\298_seg007.wav,Mystery mystery
data\processed\Mystery mystery\343_seg008.wav,Mystery mystery
data\processed\Pomatorhinus ruficollis\27_seg001.wav,Pomatorhinus ruficollis
data\processed\Liocichla phoenicea\10_seg000.wav,Liocichla phoenicea
data\processed\Chloropsis\10_seg009.wav,Chloropsis
data\processed\Mystery mystery\53_seg003.wav,Mystery mystery
data\processed\Sphenocichla humei\1_seg002.wav,Sphenocichla humei
data\processed\Chloropsis jerdoni\1_seg027.wav,Chloropsis jerdoni
data\processed\Centropus andamanensis\10_seg012.wav,Centropus andamanensis
data\processed\Mystery mystery\125_seg007.wav,Mystery mystery
data\processed\Pellorneum ruficeps\37_seg010.wav,Pellorneum ruficeps
data\processed\Cuculus micropterus\43_seg005.wav,Cuculus micropterus
data\processed\Mystery mystery\107_seg001.wav,Mystery mystery
data\processed\noise\Pellorneum_ruficeps__74__seg018.wav,noise
data\processed\Rimator malacoptilus\3_seg017.wav,Rimator malacoptilus
data\processed\Mystery mystery\223_seg005.wav,Mystery mystery
data\processed\Mystery mystery\343_seg025.wav,Mystery mystery
data\processed\Cyornis unicolor\27_seg004.wav,Cyornis unicolor
data\processed\Argya longirostris\10_seg007.wav,Argya longirostris
data\processed\Mystery mystery\340_seg008.wav,Mystery mystery
data\processed\Cypsiurus balasiensis\5_seg002.wav,Cypsiurus balasiensis
data\processed\Chloropsis\14_seg052.wav,Chloropsis
data\processed\Pellorneum ruficeps\8_seg005.wav,Pellorneum ruficeps
data\processed\noise\Spelaeornis_oatesi__3__seg018.wav,noise
data\processed\noise\Rimator_malacoptilus__7__seg006.wav,noise
data\processed\Pnoepyga pusilla\22_seg005.wav,Pnoepyga pusilla
data\processed\Pomatorhinus ruficollis\9_seg005.wav,Pomatorhinus ruficollis
data\processed\Mystery mystery\16_seg018.wav,Mystery mystery
data\processed\noise\Mystery_mystery__325__seg020.wav,noise
data\processed\Chloropsis\14_seg008.wav,Chloropsis
data\processed\Pluvialis squatarola\2_seg005.wav,Pluvialis squatarola
data\processed\Mystery mystery\11_seg001.wav,Mystery mystery
data\processed\Arborophila torqueola\26_seg018.wav,Arborophila torqueola
data\processed\Pluvialis squatarola\1_seg001.wav,Pluvialis squatarola
data\processed\Mystery mystery\433_seg031.wav,Mystery mystery
data\processed\Mystery mystery\231_seg018.wav,Mystery mystery
data\processed\Mystery mystery\326_seg002.wav,Mystery mystery
data\processed\Pellorneum ruficeps\5_seg005.wav,Pellorneum ruficeps
data\processed\Cyornis unicolor\10_seg005.wav,Cyornis unicolor
data\processed\Mystery mystery\249_seg000.wav,Mystery mystery
data\processed\Mystery mystery\7_seg003.wav,Mystery mystery
data\processed\Mystery mystery\110_seg034.wav,Mystery mystery
data\processed\Pellorneum ruficeps\2_seg004.wav,Pellorneum ruficeps
data\processed\Rimator malacoptilus\2_seg009.wav,Rimator malacoptilus
data\processed\Mystery mystery\80_seg001.wav,Mystery mystery
data\processed\noise\Pellorneum_ruficeps__74__seg043.wav,noise
data\processed\Mystery mystery\300_seg029.wav,Mystery mystery
data\processed\Mystery mystery\300_seg047.wav,Mystery mystery
data\processed\Glaucidium cuculoides\31_seg019.wav,Glaucidium cuculoides
data\processed\Stachyridopsis ambigua\5_seg001.wav,Stachyridopsis ambigua
data\processed\Mystery mystery\410_seg030.wav,Mystery mystery
data\processed\Sphenocichla humei\12_seg009.wav,Sphenocichla humei
data\processed\Mystery mystery\423_seg007.wav,Mystery mystery
data\processed\noise\Sphenocichla_humei__18__seg001.wav,noise
data\processed\Chloropsis jerdoni\13_seg006.wav,Chloropsis jerdoni
data\processed\Pellorneum ruficeps\27_seg004.wav,Pellorneum ruficeps
data\processed\Cyornis unicolor\20_seg013.wav,Cyornis unicolor
data\processed\Cyornis unicolor\11_seg022.wav,Cyornis unicolor
data\processed\Arborophila torqueola\15_seg002.wav,Arborophila torqueola
data\processed\Sphenocichla humei\40_seg001.wav,Sphenocichla humei
data\processed\Mystery mystery\316_seg003.wav,Mystery mystery
data\processed\Mystery mystery\321_seg006.wav,Mystery mystery
data\processed\Mystery mystery\300_seg039.wav,Mystery mystery
data\processed\Arborophila torqueola\4_seg010.wav,Arborophila torqueola
data\processed\Mystery mystery\11_seg014.wav,Mystery mystery
data\processed\Mystery mystery\412_seg007.wav,Mystery mystery
data\processed\Locustella davidi\6_seg001.wav,Locustella davidi
data\processed\Glaucidium cuculoides\35_seg001.wav,Glaucidium cuculoides
data\processed\Polyplectron bicalcaratum\6_seg018.wav,Polyplectron bicalcaratum
data\processed\Argya longirostris\8_seg001.wav,Argya longirostris
data\processed\Arborophila torqueola\9_seg015.wav,Arborophila torqueola
data\processed\Mystery mystery\328_seg016.wav,Mystery mystery
data\processed\Mystery mystery\300_seg000.wav,Mystery mystery
data\processed\Glaucidium cuculoides\31_seg003.wav,Glaucidium cuculoides
data\processed\noise\Mystery_mystery__370__seg004.wav,noise
data\processed\Cuculus micropterus\15_seg002.wav,Cuculus micropterus
data\processed\Phylloscopus inornatus\4_seg004.wav,Phylloscopus inornatus
data\processed\Arachnothera magna\11_seg003.wav,Arachnothera magna
data\processed\Halcyon coromanda\7_seg002.wav,Halcyon coromanda
data\processed\Chelidorhynx hypoxanthus\1_seg008.wav,Chelidorhynx hypoxanthus
data\processed\Mystery mystery\11_seg036.wav,Mystery mystery
data\processed\Mystery mystery\61_seg001.wav,Mystery mystery
data\processed\Pellorneum ruficeps\49_seg001.wav,Pellorneum ruficeps
data\processed\Mystery mystery\62_seg028.wav,Mystery mystery
data\processed\Cuculus micropterus\34_seg000.wav,Cuculus micropterus
data\processed\Mystery mystery\248_seg004.wav,Mystery mystery
data\processed\Dicaeum minullum\1_seg002.wav,Dicaeum minullum
data\processed\Cuculus micropterus\45_seg017.wav,Cuculus micropterus
data\processed\Locustella davidi\5_seg007.wav,Locustella davidi
data\processed\Mystery mystery\224_seg002.wav,Mystery mystery
data\processed\Mystery mystery\84_seg005.wav,Mystery mystery
data\processed\noise\Cyornis_poliogenys__17__seg011.wav,noise
data\processed\Pnoepyga pusilla\17_seg008.wav,Pnoepyga pusilla
data\processed\Pellorneum ruficeps\51_seg003.wav,Pellorneum ruficeps
data\processed\Centropus andamanensis\13_seg008.wav,Centropus andamanensis
data\processed\noise\Mystery_mystery__7__seg001.wav,noise
data\processed\Cyornis unicolor\10_seg020.wav,Cyornis unicolor
data\processed\noise\Pnoepyga_pusilla__25__seg004.wav,noise
data\processed\Mystery mystery\332_seg059.wav,Mystery mystery
data\processed\Cuculus micropterus\27_seg007.wav,Cuculus micropterus
data\processed\Mystery mystery\314_seg006.wav,Mystery mystery
data\processed\Pellorneum ruficeps\91_seg002.wav,Pellorneum ruficeps
data\processed\Mystery mystery\336_seg069.wav,Mystery mystery
data\processed\Mystery mystery\91_seg000.wav,Mystery mystery
data\processed\Liocichla phoenicea\13_seg026.wav,Liocichla phoenicea
data\processed\Macronus gularis\17_seg019.wav,Macronus gularis
data\processed\Mystery mystery\433_seg030.wav,Mystery mystery
data\processed\Macronus gularis\17_seg029.wav,Macronus gularis
data\processed\Stachyridopsis ambigua\10_seg010.wav,Stachyridopsis ambigua
data\processed\Mystery mystery\312_seg006.wav,Mystery mystery
data\processed\Liocichla phoenicea\6_seg010.wav,Liocichla phoenicea
data\processed\Pnoepyga pusilla\2_seg001.wav,Pnoepyga pusilla
data\processed\Mystery mystery\38_seg019.wav,Mystery mystery
data\processed\Mystery mystery\217_seg006.wav,Mystery mystery
data\processed\Pomatorhinus ruficollis\26_seg004.wav,Pomatorhinus ruficollis
data\processed\Psilopogon lineatus\10_seg009.wav,Psilopogon lineatus
data\processed\Psilopogon lineatus\4_seg012.wav,Psilopogon lineatus
data\processed\Dicaeum minullum\4_seg003.wav,Dicaeum minullum
data\processed\Cyornis magnirostris\1_seg008.wav,Cyornis magnirostris
data\processed\Cuculus micropterus\41_seg004.wav,Cuculus micropterus
data\processed\Sphenocichla humei\13_seg005.wav,Sphenocichla humei
data\processed\Mystery mystery\115_seg014.wav,Mystery mystery
data\processed\Pellorneum ruficeps\85_seg006.wav,Pellorneum ruficeps
data\processed\Cyornis unicolor\27_seg011.wav,Cyornis unicolor
data\processed\Arborophila torqueola\2_seg001.wav,Arborophila torqueola
data\processed\Pomatorhinus ruficollis\35_seg004.wav,Pomatorhinus ruficollis
data\processed\Mystery mystery\287_seg010.wav,Mystery mystery
data\processed\Pomatorhinus ruficollis\19_seg003.wav,Pomatorhinus ruficollis
data\processed\noise\Sphenocichla_humei__30__seg005.wav,noise
data\processed\noise\Rimator_malacoptilus__11__seg001.wav,noise
data\processed\Mystery mystery\19_seg043.wav,Mystery mystery
data\processed\Glaucidium cuculoides\30_seg008.wav,Glaucidium cuculoides
data\processed\Mystery mystery\246_seg010.wav,Mystery mystery
data\processed\Dicrurus andamanensis\2_seg016.wav,Dicrurus andamanensis
data\processed\Pellorneum ruficeps\83_seg007.wav,Pellorneum ruficeps
data\processed\Mystery mystery\325_seg009.wav,Mystery mystery
data\processed\Pomatorhinus ruficollis\40_seg007.wav,Pomatorhinus ruficollis
data\processed\Cuculus micropterus\8_seg021.wav,Cuculus micropterus
data\processed\noise\Mystery_mystery__34__seg004.wav,noise
data\processed\Alcippe cinerea\15_seg010.wav,Alcippe cinerea
data\processed\Liocichla phoenicea\23_seg004.wav,Liocichla phoenicea
data\processed\Chelidorhynx hypoxanthus\4_seg008.wav,Chelidorhynx hypoxanthus
data\processed\Mystery mystery\33_seg003.wav,Mystery mystery
data\processed\Mystery mystery\325_seg040.wav,Mystery mystery
data\processed\Mystery mystery\114_seg000.wav,Mystery mystery
data\processed\Sphenocichla humei\31_seg007.wav,Sphenocichla humei
data\processed\Pomatorhinus ruficollis\27_seg012.wav,Pomatorhinus ruficollis
data\processed\Pellorneum ruficeps\62_seg005.wav,Pellorneum ruficeps
data\processed\Pnoepyga pusilla\21_seg007.wav,Pnoepyga pusilla
data\processed\Pomatorhinus ruficollis\34_seg010.wav,Pomatorhinus ruficollis
data\processed\Cuculus micropterus\46_seg003.wav,Cuculus micropterus
data\processed\Dicaeum cruentatum\6_seg006.wav,Dicaeum cruentatum
data\processed\Mystery mystery\9_seg020.wav,Mystery mystery
data\processed\Mystery mystery\32_seg002.wav,Mystery mystery
data\processed\Eurystomus orientalis\1_seg004.wav,Eurystomus orientalis
data\processed\Pellorneum ruficeps\16_seg004.wav,Pellorneum ruficeps
data\processed\Mystery mystery\264_seg004.wav,Mystery mystery
data\processed\Mystery mystery\55_seg015.wav,Mystery mystery
data\processed\Sphenocichla humei\14_seg005.wav,Sphenocichla humei
data\processed\Chelidorhynx hypoxanthus\3_seg004.wav,Chelidorhynx hypoxanthus
data\processed\Mystery mystery\409_seg018.wav,Mystery mystery
data\processed\Pellorneum ruficeps\64_seg002.wav,Pellorneum ruficeps
data\processed\Mystery mystery\340_seg001.wav,Mystery mystery
data\processed\Mystery mystery\173_seg000.wav,Mystery mystery
data\processed\Arborophila torqueola\5_seg005.wav,Arborophila torqueola
data\processed\Liocichla phoenicea\2_seg001.wav,Liocichla phoenicea
data\processed\Mystery mystery\342_seg011.wav,Mystery mystery
data\processed\Dicaeum cruentatum\3_seg007.wav,Dicaeum cruentatum
data\processed\Cyornis poliogenys\12_seg003.wav,Cyornis poliogenys
data\processed\noise\Sphenocichla_humei__20__seg024.wav,noise
data\processed\Pellorneum ruficeps\79_seg002.wav,Pellorneum ruficeps
data\processed\Arborophila torqueola\1_seg004.wav,Arborophila torqueola
data\processed\Mystery mystery\115_seg002.wav,Mystery mystery
data\processed\Mystery mystery\370_seg002.wav,Mystery mystery
data\processed\Mystery mystery\25_seg012.wav,Mystery mystery
data\processed\Mystery mystery\329_seg002.wav,Mystery mystery
data\processed\Mystery mystery\300_seg017.wav,Mystery mystery
data\processed\Chloropsis\10_seg006.wav,Chloropsis
data\processed\Chloropsis jerdoni\10_seg003.wav,Chloropsis jerdoni
data\processed\Cuculus micropterus\13_seg002.wav,Cuculus micropterus
data\processed\Pellorneum ruficeps\69_seg005.wav,Pellorneum ruficeps
data\processed\Chelidorhynx hypoxanthus\9_seg008.wav,Chelidorhynx hypoxanthus
data\processed\Mystery mystery\305_seg015.wav,Mystery mystery
data\processed\Alcippe cinerea\19_seg012.wav,Alcippe cinerea
data\processed\noise\Cuculus_micropterus__19__seg000.wav,noise
data\processed\Macronus gularis\3_seg008.wav,Macronus gularis
data\processed\Mystery mystery\252_seg001.wav,Mystery mystery
data\processed\Mystery mystery\195_seg012.wav,Mystery mystery
data\processed\Cuculus micropterus\31_seg002.wav,Cuculus micropterus
data\processed\Phylloscopus inornatus\8_seg010.wav,Phylloscopus inornatus
data\processed\Mystery mystery\343_seg001.wav,Mystery mystery
data\processed\Mystery mystery\425_seg017.wav,Mystery mystery
data\processed\Centropus andamanensis\2_seg012.wav,Centropus andamanensis
data\processed\Cyornis unicolor\24_seg009.wav,Cyornis unicolor
data\processed\Mystery mystery\369_seg001.wav,Mystery mystery
data\processed\noise\Mystery_mystery__83__seg005.wav,noise
data\processed\Mystery mystery\12_seg000.wav,Mystery mystery
data\processed\Psittacula eupatria\11_seg004.wav,Psittacula eupatria
data\processed\Pellorneum ruficeps\75_seg017.wav,Pellorneum ruficeps
data\processed\Pellorneum ruficeps\22_seg002.wav,Pellorneum ruficeps
data\processed\Cyornis unicolor\15_seg006.wav,Cyornis unicolor
data\processed\Mystery mystery\430_seg001.wav,Mystery mystery
data\processed\noise\Pellorneum_ruficeps__37__seg001.wav,noise
data\processed\Chelidorhynx hypoxanthus\14_seg013.wav,Chelidorhynx hypoxanthus
data\processed\Dicrurus andamanensis\4_seg001.wav,Dicrurus andamanensis
data\processed\Mystery mystery\308_seg000.wav,Mystery mystery
data\processed\noise\Mystery_mystery__123__seg006.wav,noise
data\processed\Glaucidium cuculoides\31_seg046.wav,Glaucidium cuculoides
data\processed\Sphenocichla humei\27_seg002.wav,Sphenocichla humei
data\processed\Pellorneum ruficeps\79_seg001.wav,Pellorneum ruficeps
data\processed\Mystery mystery\216_seg001.wav,Mystery mystery
data\processed\Mystery mystery\426_seg013.wav,Mystery mystery
data\processed\Stachyridopsis ambigua\14_seg006.wav,Stachyridopsis ambigua
data\processed\Centropus andamanensis\7_seg009.wav,Centropus andamanensis
data\processed\Mystery mystery\263_seg000.wav,Mystery mystery
data\processed\Pellorneum ruficeps\23_seg000.wav,Pellorneum ruficeps
data\processed\Pellorneum ruficeps\101_seg001.wav,Pellorneum ruficeps
data\processed\Psilopogon lineatus\4_seg004.wav,Psilopogon lineatus
data\processed\Pluvialis squatarola\1_seg009.wav,Pluvialis squatarola
data\processed\Loriculus vernalis\20_seg002.wav,Loriculus vernalis
data\processed\Mystery mystery\62_seg008.wav,Mystery mystery
data\processed\Pluvialis squatarola\2_seg011.wav,Pluvialis squatarola
data\processed\Mystery mystery\17_seg015.wav,Mystery mystery
data\processed\Pellorneum ruficeps\71_seg004.wav,Pellorneum ruficeps
data\processed\Aethopyga gouldiae\1_seg006.wav,Aethopyga gouldiae
data\processed\Mystery mystery\410_seg007.wav,Mystery mystery
data\processed\noise\Psilopogon_lineatus__13__seg007.wav,noise
data\processed\Chelidorhynx hypoxanthus\15_seg000.wav,Chelidorhynx hypoxanthus
data\processed\Mystery mystery\339_seg002.wav,Mystery mystery
data\processed\Stachyridopsis ambigua\2_seg001.wav,Stachyridopsis ambigua
data\processed\Lanius tephronotus\5_seg002.wav,Lanius tephronotus
data\processed\Mystery mystery\307_seg019.wav,Mystery mystery
data\processed\Argya longirostris\4_seg006.wav,Argya longirostris
data\processed\Rimator malacoptilus\5_seg012.wav,Rimator malacoptilus
data\processed\Alcippe cinerea\4_seg000.wav,Alcippe cinerea
data\processed\Pellorneum ruficeps\82_seg002.wav,Pellorneum ruficeps
data\processed\Pomatorhinus ruficollis\21_seg007.wav,Pomatorhinus ruficollis
data\processed\noise\Pellorneum_ruficeps__74__seg051.wav,noise
data\processed\Acridotheres fuscus\2_seg003.wav,Acridotheres fuscus
data\processed\Acridotheres fuscus\2_seg006.wav,Acridotheres fuscus
data\processed\Mystery mystery\323_seg000.wav,Mystery mystery
data\processed\Mystery mystery\389_seg005.wav,Mystery mystery
data\processed\noise\Spelaeornis_oatesi__5__seg005.wav,noise
data\processed\Motacilla citreola\1_seg003.wav,Motacilla citreola
data\processed\Loriculus vernalis\27_seg020.wav,Loriculus vernalis
data\processed\Arborophila torqueola\28_seg000.wav,Arborophila torqueola
data\processed\Glaucidium cuculoides\1_seg001.wav,Glaucidium cuculoides
data\processed\Cypsiurus balasiensis\5_seg001.wav,Cypsiurus balasiensis
data\processed\Mystery mystery\336_seg072.wav,Mystery mystery
data\processed\Mystery mystery\118_seg000.wav,Mystery mystery
data\processed\Mystery mystery\358_seg002.wav,Mystery mystery
data\processed\Pellorneum ruficeps\102_seg011.wav,Pellorneum ruficeps
data\processed\Psittacula eupatria\20_seg001.wav,Psittacula eupatria
data\processed\Alcippe cinerea\6_seg007.wav,Alcippe cinerea
data\processed\Pellorneum ruficeps\71_seg002.wav,Pellorneum ruficeps
data\processed\Arachnothera magna\3_seg002.wav,Arachnothera magna
data\processed\Cuculus micropterus\46_seg002.wav,Cuculus micropterus
data\processed\Cyornis unicolor\10_seg021.wav,Cyornis unicolor
data\processed\Mystery mystery\373_seg050.wav,Mystery mystery
data\processed\Halcyon coromanda\8_seg001.wav,Halcyon coromanda
data\processed\Chelidorhynx hypoxanthus\9_seg005.wav,Chelidorhynx hypoxanthus
data\processed\Cuculus micropterus\16_seg000.wav,Cuculus micropterus
data\processed\noise\Cyornis_magnirostris__5__seg019.wav,noise
data\processed\Cuculus micropterus\8_seg053.wav,Cuculus micropterus
data\processed\Phylloscopus inornatus\4_seg005.wav,Phylloscopus inornatus
data\processed\Mystery mystery\266_seg006.wav,Mystery mystery
data\processed\Arborophila torqueola\31_seg008.wav,Arborophila torqueola
data\processed\noise\Mystery_mystery__332__seg017.wav,noise
data\processed\Mystery mystery\232_seg004.wav,Mystery mystery
data\processed\Mystery mystery\234_seg010.wav,Mystery mystery
data\processed\Sphenocichla humei\4_seg005.wav,Sphenocichla humei
data\processed\Psilopogon lineatus\10_seg002.wav,Psilopogon lineatus
data\processed\Mystery mystery\336_seg093.wav,Mystery mystery
data\processed\Mystery mystery\267_seg005.wav,Mystery mystery
data\processed\Loriculus vernalis\22_seg007.wav,Loriculus vernalis
data\processed\Mystery mystery\41_seg005.wav,Mystery mystery
data\processed\Pellorneum ruficeps\95_seg004.wav,Pellorneum ruficeps
data\processed\Sphenocichla humei\14_seg000.wav,Sphenocichla humei
data\processed\Pellorneum ruficeps\23_seg015.wav,Pellorneum ruficeps
data\processed\Mystery mystery\240_seg014.wav,Mystery mystery
data\processed\Argya longirostris\4_seg004.wav,Argya longirostris
data\processed\Chloropsis\20_seg000.wav,Chloropsis
data\processed\Cuculus micropterus\60_seg003.wav,Cuculus micropterus
data\processed\Mystery mystery\110_seg007.wav,Mystery mystery
data\processed\Mystery mystery\322_seg013.wav,Mystery mystery
data\processed\Mystery mystery\224_seg000.wav,Mystery mystery
data\processed\Mystery mystery\325_seg044.wav,Mystery mystery
data\processed\Pomatorhinus ruficollis\4_seg031.wav,Pomatorhinus ruficollis
data\processed\Pnoepyga pusilla\17_seg004.wav,Pnoepyga pusilla
data\processed\Sturnia malabarica\4_seg010.wav,Sturnia malabarica
data\processed\Pellorneum ruficeps\8_seg013.wav,Pellorneum ruficeps
data\processed\Cuculus micropterus\27_seg011.wav,Cuculus micropterus
data\processed\Cuculus micropterus\44_seg018.wav,Cuculus micropterus
data\processed\Sturnia malabarica\14_seg003.wav,Sturnia malabarica
data\processed\Paradoxornis guttaticollis\2_seg000.wav,Paradoxornis guttaticollis
data\processed\Cyornis unicolor\5_seg018.wav,Cyornis unicolor
data\processed\Arborophila torqueola\2_seg019.wav,Arborophila torqueola
data\processed\Mystery mystery\230_seg001.wav,Mystery mystery
data\processed\Mystery mystery\286_seg002.wav,Mystery mystery
data\processed\Cyornis unicolor\23_seg005.wav,Cyornis unicolor
data\processed\Alcippe cinerea\24_seg015.wav,Alcippe cinerea
data\processed\Mystery mystery\195_seg010.wav,Mystery mystery
data\processed\Pellorneum ruficeps\44_seg000.wav,Pellorneum ruficeps
data\processed\Mystery mystery\267_seg023.wav,Mystery mystery
data\processed\Arborophila torqueola\1_seg017.wav,Arborophila torqueola
data\processed\Mystery mystery\287_seg008.wav,Mystery mystery
data\processed\Mystery mystery\374_seg016.wav,Mystery mystery
data\processed\Loriculus vernalis\29_seg010.wav,Loriculus vernalis
data\processed\Sphenocichla humei\26_seg010.wav,Sphenocichla humei
data\processed\Cypsiurus balasiensis\7_seg034.wav,Cypsiurus balasiensis
data\processed\Cyornis poliogenys\15_seg005.wav,Cyornis poliogenys
data\processed\Pomatorhinus ruficollis\3_seg004.wav,Pomatorhinus ruficollis
data\processed\noise\Cyornis_magnirostris__6__seg029.wav,noise
data\processed\noise\Rimator_malacoptilus__5__seg013.wav,noise
data\processed\Mystery mystery\23_seg001.wav,Mystery mystery
data\processed\Mystery mystery\38_seg017.wav,Mystery mystery
data\processed\Pomatorhinus ruficollis\10_seg016.wav,Pomatorhinus ruficollis
data\processed\Pellorneum ruficeps\66_seg002.wav,Pellorneum ruficeps
data\processed\Centropus andamanensis\6_seg000.wav,Centropus andamanensis
data\processed\Cuculus micropterus\16_seg004.wav,Cuculus micropterus
data\processed\Alcippe cinerea\3_seg014.wav,Alcippe cinerea
data\processed\noise\Pomatorhinus_ruficollis__18__seg003.wav,noise
data\processed\Rimator malacoptilus\3_seg007.wav,Rimator malacoptilus
data\processed\Mystery mystery\268_seg011.wav,Mystery mystery
data\processed\Pomatorhinus ruficollis\34_seg005.wav,Pomatorhinus ruficollis
data\processed\Psittacula eupatria\2_seg001.wav,Psittacula eupatria
data\processed\Pellorneum ruficeps\102_seg006.wav,Pellorneum ruficeps
data\processed\Pellorneum ruficeps\16_seg024.wav,Pellorneum ruficeps
data\processed\Cyornis unicolor\19_seg025.wav,Cyornis unicolor
data\processed\Glaucidium cuculoides\29_seg016.wav,Glaucidium cuculoides
data\processed\Mystery mystery\311_seg003.wav,Mystery mystery
data\processed\Arborophila torqueola\22_seg005.wav,Arborophila torqueola
data\processed\Mystery mystery\373_seg077.wav,Mystery mystery
data\processed\Alcippe cinerea\15_seg002.wav,Alcippe cinerea
data\processed\Pomatorhinus ruficollis\13_seg009.wav,Pomatorhinus ruficollis
data\processed\Cyornis unicolor\20_seg010.wav,Cyornis unicolor
data\processed\Chloropsis jerdoni\6_seg016.wav,Chloropsis jerdoni
data\processed\Mystery mystery\267_seg008.wav,Mystery mystery
data\processed\Pellorneum ruficeps\32_seg027.wav,Pellorneum ruficeps
data\processed\Mystery mystery\271_seg006.wav,Mystery mystery
data\processed\Pomatorhinus ruficollis\4_seg007.wav,Pomatorhinus ruficollis
data\processed\noise\Sphenocichla_humei__22__seg018.wav,noise
data\processed\Pellorneum ruficeps\74_seg067.wav,Pellorneum ruficeps
data\processed\Glaucidium cuculoides\14_seg006.wav,Glaucidium cuculoides
data\processed\Mystery mystery\297_seg003.wav,Mystery mystery
data\processed\Pellorneum ruficeps\11_seg006.wav,Pellorneum ruficeps
data\processed\Cyornis unicolor\4_seg005.wav,Cyornis unicolor
data\processed\Pellorneum ruficeps\52_seg018.wav,Pellorneum ruficeps
data\processed\Rimator malacoptilus\17_seg007.wav,Rimator malacoptilus
data\processed\Chloropsis\10_seg001.wav,Chloropsis
data\processed\Phylloscopus forresti\2_seg009.wav,Phylloscopus forresti
data\processed\Mystery mystery\228_seg011.wav,Mystery mystery
data\processed\Psilopogon lineatus\6_seg002.wav,Psilopogon lineatus
data\processed\Glaucidium cuculoides\22_seg002.wav,Glaucidium cuculoides
data\processed\Pomatorhinus ruficollis\24_seg012.wav,Pomatorhinus ruficollis
data\processed\Loriculus vernalis\12_seg000.wav,Loriculus vernalis
data\processed\Arborophila torqueola\10_seg010.wav,Arborophila torqueola
data\processed\Cyornis magnirostris\8_seg003.wav,Cyornis magnirostris
data\processed\Pellorneum ruficeps\39_seg005.wav,Pellorneum ruficeps
data\processed\Pnoepyga pusilla\23_seg008.wav,Pnoepyga pusilla
data\processed\Cuculus micropterus\36_seg009.wav,Cuculus micropterus
data\processed\Mystery mystery\58_seg000.wav,Mystery mystery
data\processed\Psittacula eupatria\5_seg006.wav,Psittacula eupatria
data\processed\Sphenocichla humei\29_seg005.wav,Sphenocichla humei
data\processed\Rimator malacoptilus\2_seg017.wav,Rimator malacoptilus
data\processed\Mystery mystery\373_seg002.wav,Mystery mystery
data\processed\Psittacula eupatria\25_seg007.wav,Psittacula eupatria
data\processed\Pomatorhinus ruficollis\1_seg012.wav,Pomatorhinus ruficollis
data\processed\Mystery mystery\430_seg000.wav,Mystery mystery
data\processed\Mystery mystery\312_seg029.wav,Mystery mystery
data\processed\Mystery mystery\84_seg006.wav,Mystery mystery
data\processed\Cyornis unicolor\19_seg001.wav,Cyornis unicolor
data\processed\Mystery mystery\296_seg016.wav,Mystery mystery
data\processed\Mystery mystery\224_seg008.wav,Mystery mystery
data\processed\Mystery mystery\35_seg012.wav,Mystery mystery
data\processed\Mystery mystery\55_seg013.wav,Mystery mystery
data\processed\noise\Pomatorhinus_ruficollis__4__seg008.wav,noise
data\processed\Chloropsis jerdoni\7_seg000.wav,Chloropsis jerdoni
data\processed\Cyornis unicolor\27_seg017.wav,Cyornis unicolor
data\processed\Mystery mystery\332_seg040.wav,Mystery mystery
data\processed\Mystery mystery\16_seg013.wav,Mystery mystery
data\processed\Phylloscopus forresti\5_seg007.wav,Phylloscopus forresti
data\processed\Mystery mystery\285_seg008.wav,Mystery mystery
data\processed\Chloropsis\6_seg002.wav,Chloropsis
data\processed\Arborophila torqueola\1_seg006.wav,Arborophila torqueola
data\processed\Mystery mystery\336_seg024.wav,Mystery mystery
data\processed\Chloropsis\16_seg009.wav,Chloropsis
data\processed\Cuculus micropterus\61_seg003.wav,Cuculus micropterus
data\processed\Pomatorhinus ruficollis\30_seg012.wav,Pomatorhinus ruficollis
data\processed\Glaucidium cuculoides\31_seg077.wav,Glaucidium cuculoides
data\processed\Sphenocichla humei\19_seg003.wav,Sphenocichla humei
data\processed\Pellorneum ruficeps\50_seg008.wav,Pellorneum ruficeps
data\processed\noise\Glaucidium_cuculoides__12__seg015.wav,noise
data\processed\noise\Glaucidium_cuculoides__17__seg006.wav,noise
data\processed\Mystery mystery\60_seg002.wav,Mystery mystery
data\processed\Pomatorhinus ruficollis\24_seg009.wav,Pomatorhinus ruficollis
data\processed\noise\Pnoepyga_pusilla__12__seg007.wav,noise
data\processed\Cyornis concretus\1_seg007.wav,Cyornis concretus
data\processed\Motacilla citreola\5_seg004.wav,Motacilla citreola
data\processed\Mystery mystery\375_seg003.wav,Mystery mystery
data\processed\Mystery mystery\373_seg028.wav,Mystery mystery
data\processed\Chloropsis jerdoni\1_seg026.wav,Chloropsis jerdoni
data\processed\Psilopogon lineatus\20_seg000.wav,Psilopogon lineatus
data\processed\Cyornis poliogenys\4_seg004.wav,Cyornis poliogenys
data\processed\Mystery mystery\96_seg001.wav,Mystery mystery
data\processed\Cyornis poliogenys\22_seg010.wav,Cyornis poliogenys
data\processed\Acridotheres fuscus\4_seg011.wav,Acridotheres fuscus
data\processed\Mystery mystery\38_seg041.wav,Mystery mystery
data\processed\Mystery mystery\369_seg012.wav,Mystery mystery
data\processed\Chelidorhynx hypoxanthus\7_seg005.wav,Chelidorhynx hypoxanthus
data\processed\Mystery mystery\413_seg005.wav,Mystery mystery
data\processed\Mystery mystery\62_seg010.wav,Mystery mystery
data\processed\Pellorneum ruficeps\94_seg000.wav,Pellorneum ruficeps
data\processed\noise\Stachyridopsis_ambigua__11__seg001.wav,noise
data\processed\Pnoepyga pusilla\26_seg001.wav,Pnoepyga pusilla
data\processed\Cyornis poliogenys\26_seg012.wav,Cyornis poliogenys
data\processed\Pellorneum ruficeps\16_seg001.wav,Pellorneum ruficeps
data\processed\noise\Cyornis_magnirostris__6__seg017.wav,noise
data\processed\Chelidorhynx hypoxanthus\9_seg010.wav,Chelidorhynx hypoxanthus
data\processed\noise\Glaucidium_cuculoides__36__seg002.wav,noise
data\processed\noise\Arborophila_torqueola__12__seg000.wav,noise
data\processed\Mystery mystery\56_seg005.wav,Mystery mystery
data\processed\Mystery mystery\6_seg006.wav,Mystery mystery
data\processed\Riparia chinensis\5_seg001.wav,Riparia chinensis
data\processed\Pomatorhinus ruficollis\27_seg010.wav,Pomatorhinus ruficollis
data\processed\Mystery mystery\43_seg033.wav,Mystery mystery
data\processed\noise\Psilopogon_lineatus__13__seg017.wav,noise
data\processed\Mystery mystery\56_seg012.wav,Mystery mystery
data\processed\Pomatorhinus ruficollis\1_seg009.wav,Pomatorhinus ruficollis
data\processed\Mystery mystery\53_seg004.wav,Mystery mystery
data\processed\Iole cacharensis\5_seg000.wav,Iole cacharensis
data\processed\Cuculus micropterus\7_seg000.wav,Cuculus micropterus
data\processed\noise\Pnoepyga_pusilla__22__seg003.wav,noise
data\processed\noise\Pellorneum_ruficeps__74__seg032.wav,noise
data\processed\Arborophila torqueola\32_seg002.wav,Arborophila torqueola
data\processed\Loriculus vernalis\1_seg004.wav,Loriculus vernalis
data\processed\Phylloscopus forresti\1_seg004.wav,Phylloscopus forresti
data\processed\Pellorneum ruficeps\60_seg001.wav,Pellorneum ruficeps
data\processed\Mystery mystery\415_seg000.wav,Mystery mystery
data\processed\Mystery mystery\35_seg034.wav,Mystery mystery
data\processed\Mystery mystery\40_seg004.wav,Mystery mystery
data\processed\noise\Pellorneum_ruficeps__74__seg007.wav,noise
data\processed\Sturnia malabarica\16_seg007.wav,Sturnia malabarica
data\processed\Chloropsis jerdoni\10_seg004.wav,Chloropsis jerdoni
data\processed\Cyornis unicolor\19_seg016.wav,Cyornis unicolor
data\processed\Eurystomus orientalis\1_seg003.wav,Eurystomus orientalis
data\processed\Phylloscopus subaffinis\1_seg005.wav,Phylloscopus subaffinis
data\processed\Rimator malacoptilus\15_seg003.wav,Rimator malacoptilus
data\processed\Pellorneum ruficeps\83_seg004.wav,Pellorneum ruficeps
data\processed\Cyornis unicolor\4_seg019.wav,Cyornis unicolor
data\processed\Pellorneum ruficeps\82_seg001.wav,Pellorneum ruficeps
data\processed\Mystery mystery\295_seg001.wav,Mystery mystery
data\processed\Cyornis poliogenys\25_seg001.wav,Cyornis poliogenys
data\processed\Chloropsis\10_seg000.wav,Chloropsis
data\processed\Lanius tephronotus\5_seg015.wav,Lanius tephronotus
data\processed\Cuculus micropterus\8_seg060.wav,Cuculus micropterus
data\processed\noise\Cyornis_unicolor__22__seg011.wav,noise
data\processed\Mystery mystery\43_seg060.wav,Mystery mystery
data\processed\Rimator malacoptilus\12_seg010.wav,Rimator malacoptilus
data\processed\Polyplectron bicalcaratum\3_seg000.wav,Polyplectron bicalcaratum
data\processed\Chloropsis\8_seg004.wav,Chloropsis
data\processed\Mystery mystery\304_seg007.wav,Mystery mystery
data\processed\Mystery mystery\389_seg004.wav,Mystery mystery
data\processed\Mystery mystery\352_seg002.wav,Mystery mystery
data\processed\Pellorneum ruficeps\64_seg006.wav,Pellorneum ruficeps
data\processed\Mystery mystery\327_seg023.wav,Mystery mystery
data\processed\Pellorneum ruficeps\73_seg015.wav,Pellorneum ruficeps
data\processed\noise\Polyplectron_bicalcaratum__2__seg009.wav,noise
data\processed\Dicrurus andamanensis\11_seg009.wav,Dicrurus andamanensis
data\processed\Mystery mystery\386_seg016.wav,Mystery mystery
data\processed\noise\Mystery_mystery__300__seg068.wav,noise
data\processed\Pnoepyga pusilla\23_seg013.wav,Pnoepyga pusilla
data\processed\noise\Pellorneum_ruficeps__86__seg027.wav,noise
data\processed\Pellorneum ruficeps\8_seg000.wav,Pellorneum ruficeps
data\processed\Mystery mystery\310_seg023.wav,Mystery mystery
data\processed\Mystery mystery\9_seg001.wav,Mystery mystery
data\processed\Mystery mystery\105_seg000.wav,Mystery mystery
data\processed\Alcippe cinerea\17_seg013.wav,Alcippe cinerea
data\processed\Polyplectron bicalcaratum\6_seg005.wav,Polyplectron bicalcaratum
data\processed\Mystery mystery\283_seg002.wav,Mystery mystery
data\processed\Pellorneum ruficeps\59_seg006.wav,Pellorneum ruficeps
data\processed\noise\Chloropsis__14__seg119.wav,noise
data\processed\Mystery mystery\58_seg007.wav,Mystery mystery
data\processed\Mystery mystery\410_seg020.wav,Mystery mystery
data\processed\Cyornis unicolor\10_seg033.wav,Cyornis unicolor
data\processed\Arachnothera magna\9_seg000.wav,Arachnothera magna
data\processed\Mystery mystery\385_seg010.wav,Mystery mystery
data\processed\Motacilla citreola\10_seg007.wav,Motacilla citreola
data\processed\Pellorneum ruficeps\32_seg052.wav,Pellorneum ruficeps
data\processed\Chloropsis jerdoni\6_seg000.wav,Chloropsis jerdoni
data\processed\Chloropsis\2_seg003.wav,Chloropsis
data\processed\noise\Cuculus_micropterus__63__seg005.wav,noise
data\processed\Mystery mystery\336_seg091.wav,Mystery mystery
data\processed\Macronus gularis\24_seg004.wav,Macronus gularis
data\processed\Pellorneum ruficeps\69_seg023.wav,Pellorneum ruficeps
data\processed\Macronus gularis\12_seg001.wav,Macronus gularis
data\processed\noise\Chelidorhynx_hypoxanthus__7__seg006.wav,noise
data\processed\Mystery mystery\327_seg019.wav,Mystery mystery
data\processed\Todiramphus chloris\22_seg001.wav,Todiramphus chloris
data\processed\Mystery mystery\110_seg011.wav,Mystery mystery
data\processed\Polyplectron bicalcaratum\6_seg002.wav,Polyplectron bicalcaratum
data\processed\Psittacula eupatria\11_seg012.wav,Psittacula eupatria
data\processed\Arborophila torqueola\3_seg015.wav,Arborophila torqueola
data\processed\Mystery mystery\162_seg002.wav,Mystery mystery
data\processed\Cyornis poliogenys\19_seg009.wav,Cyornis poliogenys
data\processed\Cyornis unicolor\19_seg017.wav,Cyornis unicolor
data\processed\Cyornis unicolor\10_seg007.wav,Cyornis unicolor
data\processed\noise\Cuculus_micropterus__35__seg019.wav,noise
data\processed\Pomatorhinus ruficollis\1_seg014.wav,Pomatorhinus ruficollis
data\processed\Centropus andamanensis\6_seg016.wav,Centropus andamanensis
data\processed\Mystery mystery\202_seg003.wav,Mystery mystery
data\processed\Glaucidium cuculoides\22_seg001.wav,Glaucidium cuculoides
data\processed\Sphenocichla humei\31_seg005.wav,Sphenocichla humei
data\processed\Dicrurus andamanensis\10_seg006.wav,Dicrurus andamanensis
data\processed\noise\Cuculus_micropterus__30__seg006.wav,noise
data\processed\Mystery mystery\91_seg001.wav,Mystery mystery
data\processed\Psilopogon lineatus\12_seg001.wav,Psilopogon lineatus
data\processed\Mystery mystery\375_seg001.wav,Mystery mystery
data\processed\Mystery mystery\386_seg020.wav,Mystery mystery
data\processed\Arborophila torqueola\11_seg000.wav,Arborophila torqueola
data\processed\Mystery mystery\322_seg005.wav,Mystery mystery
data\processed\Pellorneum ruficeps\93_seg003.wav,Pellorneum ruficeps
data\processed\Mystery mystery\410_seg006.wav,Mystery mystery
data\processed\Mystery mystery\301_seg031.wav,Mystery mystery
data\processed\Argya longirostris\8_seg000.wav,Argya longirostris
data\processed\noise\Psilopogon_lineatus__2__seg004.wav,noise
data\processed\Cuculus micropterus\10_seg008.wav,Cuculus micropterus
data\processed\Pomatorhinus ruficollis\4_seg034.wav,Pomatorhinus ruficollis
data\processed\Arborophila torqueola\18_seg003.wav,Arborophila torqueola
data\processed\Mystery mystery\227_seg001.wav,Mystery mystery
data\processed\Pomatorhinus ruficollis\13_seg011.wav,Pomatorhinus ruficollis
data\processed\Mystery mystery\34_seg009.wav,Mystery mystery
data\processed\Chloropsis\17_seg002.wav,Chloropsis
data\processed\Rimator malacoptilus\20_seg008.wav,Rimator malacoptilus
data\processed\Arborophila torqueola\4_seg017.wav,Arborophila torqueola
data\processed\Alcippe cinerea\10_seg020.wav,Alcippe cinerea
data\processed\Mystery mystery\91_seg006.wav,Mystery mystery
data\processed\Pellorneum ruficeps\35_seg001.wav,Pellorneum ruficeps
data\processed\Mystery mystery\419_seg001.wav,Mystery mystery
data\processed\noise\Mystery_mystery__332__seg013.wav,noise
data\processed\noise\Pomatorhinus_ruficollis__15__seg005.wav,noise
data\processed\Acridotheres fuscus\9_seg009.wav,Acridotheres fuscus
data\processed\Alcippe cinerea\12_seg002.wav,Alcippe cinerea
data\processed\Alcippe cinerea\17_seg008.wav,Alcippe cinerea
data\processed\Dicaeum cruentatum\5_seg001.wav,Dicaeum cruentatum
data\processed\Cyornis poliogenys\25_seg000.wav,Cyornis poliogenys
data\processed\Mystery mystery\110_seg031.wav,Mystery mystery
data\processed\Chloropsis\1_seg008.wav,Chloropsis
data\processed\Mystery mystery\297_seg012.wav,Mystery mystery
data\processed\Cyornis unicolor\26_seg003.wav,Cyornis unicolor
data\processed\Arborophila torqueola\8_seg023.wav,Arborophila torqueola
data\processed\Pnoepyga pusilla\29_seg020.wav,Pnoepyga pusilla
data\processed\Mystery mystery\360_seg032.wav,Mystery mystery
data\processed\Mystery mystery\25_seg018.wav,Mystery mystery
data\processed\Liocichla phoenicea\23_seg010.wav,Liocichla phoenicea
data\processed\noise\Cyornis_magnirostris__6__seg019.wav,noise
data\processed\Liocichla phoenicea\13_seg035.wav,Liocichla phoenicea
data\processed\Mystery mystery\421_seg015.wav,Mystery mystery
data\processed\Mystery mystery\8_seg002.wav,Mystery mystery
data\processed\Mystery mystery\301_seg048.wav,Mystery mystery
data\processed\Mystery mystery\376_seg004.wav,Mystery mystery
data\processed\noise\Liocichla_phoenicea__9__seg008.wav,noise
data\processed\Pellorneum ruficeps\93_seg005.wav,Pellorneum ruficeps
data\processed\Mystery mystery\197_seg002.wav,Mystery mystery
data\processed\Pellorneum ruficeps\23_seg014.wav,Pellorneum ruficeps
data\processed\Psilopogon lineatus\15_seg010.wav,Psilopogon lineatus
data\processed\Macronus gularis\3_seg010.wav,Macronus gularis
data\processed\Sturnia malabarica\5_seg003.wav,Sturnia malabarica
data\processed\Mystery mystery\117_seg008.wav,Mystery mystery
data\processed\Chloropsis jerdoni\9_seg023.wav,Chloropsis jerdoni
data\processed\Pomatorhinus ruficollis\4_seg015.wav,Pomatorhinus ruficollis
data\processed\noise\Mystery_mystery__300__seg018.wav,noise
data\processed\Dicaeum chrysorrheum\1_seg006.wav,Dicaeum chrysorrheum
data\processed\Pnoepyga pusilla\20_seg016.wav,Pnoepyga pusilla
data\processed\Cyornis poliogenys\12_seg005.wav,Cyornis poliogenys
data\processed\Mystery mystery\105_seg002.wav,Mystery mystery
data\processed\Mystery mystery\121_seg006.wav,Mystery mystery
data\processed\Mystery mystery\345_seg016.wav,Mystery mystery
data\processed\Dicaeum cruentatum\8_seg001.wav,Dicaeum cruentatum
data\processed\Pomatorhinus ruficollis\18_seg007.wav,Pomatorhinus ruficollis
data\processed\Mystery mystery\369_seg013.wav,Mystery mystery
data\processed\noise\Rimator_malacoptilus__18__seg003.wav,noise
data\processed\Cuculus micropterus\7_seg011.wav,Cuculus micropterus
data\processed\Arborophila torqueola\10_seg005.wav,Arborophila torqueola
data\processed\Mystery mystery\147_seg001.wav,Mystery mystery
data\processed\noise\Mystery_mystery__17__seg029.wav,noise
data\processed\Mystery mystery\336_seg095.wav,Mystery mystery
data\processed\Arborophila torqueola\13_seg038.wav,Arborophila torqueola
data\processed\Pomatorhinus ruficollis\6_seg006.wav,Pomatorhinus ruficollis
data\processed\Chelidorhynx hypoxanthus\11_seg007.wav,Chelidorhynx hypoxanthus
data\processed\Cuculus micropterus\51_seg000.wav,Cuculus micropterus
data\processed\Mystery mystery\305_seg027.wav,Mystery mystery
data\processed\Chloropsis jerdoni\5_seg026.wav,Chloropsis jerdoni
data\processed\Sphenocichla humei\14_seg002.wav,Sphenocichla humei
data\processed\Arborophila torqueola\5_seg008.wav,Arborophila torqueola
data\processed\Chelidorhynx hypoxanthus\16_seg003.wav,Chelidorhynx hypoxanthus
data\processed\Pellorneum ruficeps\21_seg004.wav,Pellorneum ruficeps
data\processed\Mystery mystery\343_seg038.wav,Mystery mystery
data\processed\Pellorneum ruficeps\32_seg068.wav,Pellorneum ruficeps
data\processed\Mystery mystery\340_seg007.wav,Mystery mystery
data\processed\noise\Pellorneum_ruficeps__102__seg022.wav,noise
data\processed\Pellorneum ruficeps\69_seg030.wav,Pellorneum ruficeps
data\processed\Mystery mystery\341_seg006.wav,Mystery mystery
data\processed\Centropus andamanensis\11_seg006.wav,Centropus andamanensis
data\processed\Psittacula eupatria\25_seg013.wav,Psittacula eupatria
data\processed\noise\Alcippe_cinerea__5__seg003.wav,noise
data\processed\Mystery mystery\377_seg043.wav,Mystery mystery
data\processed\Cuculus micropterus\23_seg005.wav,Cuculus micropterus
data\processed\noise\Glaucidium_cuculoides__12__seg040.wav,noise
data\processed\Chelidorhynx hypoxanthus\14_seg007.wav,Chelidorhynx hypoxanthus
data\processed\Mystery mystery\410_seg003.wav,Mystery mystery
data\processed\Centropus andamanensis\12_seg007.wav,Centropus andamanensis
data\processed\Mystery mystery\415_seg005.wav,Mystery mystery
data\processed\Pellorneum ruficeps\26_seg027.wav,Pellorneum ruficeps
data\processed\noise\Psilopogon_lineatus__21__seg023.wav,noise
data\processed\Mystery mystery\250_seg009.wav,Mystery mystery
data\processed\Psittacula eupatria\8_seg009.wav,Psittacula eupatria
data\processed\Cyornis unicolor\11_seg010.wav,Cyornis unicolor
data\processed\Halcyon coromanda\6_seg000.wav,Halcyon coromanda
data\processed\Rimator malacoptilus\16_seg004.wav,Rimator malacoptilus
data\processed\Alcippe cinerea\3_seg000.wav,Alcippe cinerea
data\processed\Mystery mystery\337_seg000.wav,Mystery mystery
data\processed\Sphenocichla humei\37_seg009.wav,Sphenocichla humei
data\processed\Mystery mystery\341_seg012.wav,Mystery mystery
data\processed\Cyornis poliogenys\4_seg012.wav,Cyornis poliogenys
data\processed\Cyornis unicolor\26_seg006.wav,Cyornis unicolor
data\processed\Mystery mystery\318_seg006.wav,Mystery mystery
data\processed\Liocichla phoenicea\13_seg013.wav,Liocichla phoenicea
data\processed\Mystery mystery\301_seg001.wav,Mystery mystery
data\processed\Pellorneum ruficeps\17_seg020.wav,Pellorneum ruficeps
data\processed\Paradoxornis guttaticollis\1_seg006.wav,Paradoxornis guttaticollis
data\processed\Polyplectron bicalcaratum\5_seg006.wav,Polyplectron bicalcaratum
data\processed\noise\Pellorneum_ruficeps__86__seg055.wav,noise
data\processed\Mystery mystery\280_seg005.wav,Mystery mystery
data\processed\Mystery mystery\426_seg008.wav,Mystery mystery
data\processed\Mystery mystery\217_seg012.wav,Mystery mystery
data\processed\Mystery mystery\115_seg003.wav,Mystery mystery
data\processed\Mystery mystery\43_seg037.wav,Mystery mystery
data\processed\Mystery mystery\242_seg007.wav,Mystery mystery
data\processed\Cypsiurus balasiensis\7_seg024.wav,Cypsiurus balasiensis
data\processed\Mystery mystery\336_seg036.wav,Mystery mystery
data\processed\Mystery mystery\43_seg059.wav,Mystery mystery
data\processed\Mystery mystery\376_seg003.wav,Mystery mystery
data\processed\Phylloscopus inornatus\4_seg009.wav,Phylloscopus inornatus
data\processed\Mystery mystery\376_seg005.wav,Mystery mystery
data\processed\noise\Alcippe_cinerea__10__seg025.wav,noise
data\processed\Mystery mystery\116_seg001.wav,Mystery mystery
data\processed\Mystery mystery\256_seg018.wav,Mystery mystery
data\processed\Polyplectron bicalcaratum\6_seg013.wav,Polyplectron bicalcaratum
data\processed\Pnoepyga pusilla\21_seg006.wav,Pnoepyga pusilla
data\processed\Mystery mystery\308_seg002.wav,Mystery mystery
data\processed\Mystery mystery\14_seg001.wav,Mystery mystery
data\processed\Liocichla phoenicea\2_seg000.wav,Liocichla phoenicea
data\processed\Mystery mystery\19_seg027.wav,Mystery mystery
data\processed\noise\Psilopogon_lineatus__10__seg004.wav,noise
data\processed\Chloropsis\14_seg000.wav,Chloropsis
data\processed\noise\Arborophila_torqueola__28__seg022.wav,noise
data\processed\Cuculus micropterus\17_seg005.wav,Cuculus micropterus
data\processed\noise\Sphenocichla_humei__10__seg001.wav,noise
data\processed\Pellorneum ruficeps\76_seg013.wav,Pellorneum ruficeps
data\processed\Centropus andamanensis\4_seg001.wav,Centropus andamanensis
data\processed\Liocichla phoenicea\11_seg003.wav,Liocichla phoenicea
data\processed\noise\Sphenocichla_humei__20__seg004.wav,noise
data\processed\Mystery mystery\421_seg006.wav,Mystery mystery
data\processed\Mystery mystery\223_seg016.wav,Mystery mystery
data\processed\noise\Mystery_mystery__76__seg002.wav,noise
data\processed\Glaucidium cuculoides\30_seg010.wav,Glaucidium cuculoides
data\processed\Chloropsis jerdoni\1_seg022.wav,Chloropsis jerdoni
data\processed\Pnoepyga pusilla\22_seg016.wav,Pnoepyga pusilla
data\processed\Glaucidium cuculoides\12_seg009.wav,Glaucidium cuculoides
data\processed\Pellorneum ruficeps\40_seg010.wav,Pellorneum ruficeps
data\processed\Pnoepyga pusilla\21_seg009.wav,Pnoepyga pusilla
data\processed\Arborophila torqueola\13_seg012.wav,Arborophila torqueola
data\processed\Mystery mystery\314_seg004.wav,Mystery mystery
data\processed\Chloropsis\8_seg002.wav,Chloropsis
data\processed\noise\Arborophila_torqueola__21__seg000.wav,noise
data\processed\Pellorneum ruficeps\26_seg008.wav,Pellorneum ruficeps
data\processed\Cyornis unicolor\1_seg017.wav,Cyornis unicolor
data\processed\Mystery mystery\124_seg001.wav,Mystery mystery
data\processed\Rimator malacoptilus\11_seg004.wav,Rimator malacoptilus
data\processed\Cuculus micropterus\49_seg006.wav,Cuculus micropterus
data\processed\Mystery mystery\259_seg002.wav,Mystery mystery
data\processed\Mystery mystery\423_seg011.wav,Mystery mystery
data\processed\noise\Pomatorhinus_ruficollis__7__seg011.wav,noise
data\processed\noise\Loriculus_vernalis__25__seg002.wav,noise
data\processed\Chelidorhynx hypoxanthus\8_seg000.wav,Chelidorhynx hypoxanthus
data\processed\Stachyridopsis ambigua\13_seg015.wav,Stachyridopsis ambigua
data\processed\Psilopogon lineatus\16_seg003.wav,Psilopogon lineatus
data\processed\Locustella davidi\4_seg010.wav,Locustella davidi
data\processed\Mystery mystery\25_seg021.wav,Mystery mystery
data\processed\Arborophila torqueola\24_seg011.wav,Arborophila torqueola
data\processed\Psittacula eupatria\25_seg012.wav,Psittacula eupatria
data\processed\Pellorneum ruficeps\90_seg002.wav,Pellorneum ruficeps
data\processed\Rimator malacoptilus\2_seg005.wav,Rimator malacoptilus
data\processed\noise\Rimator_malacoptilus__3__seg020.wav,noise
data\processed\Mystery mystery\345_seg039.wav,Mystery mystery
data\processed\Cuculus micropterus\12_seg011.wav,Cuculus micropterus
data\processed\Chloropsis jerdoni\5_seg007.wav,Chloropsis jerdoni
data\processed\noise\Pellorneum_ruficeps__86__seg036.wav,noise
data\processed\Arachnothera magna\4_seg001.wav,Arachnothera magna
data\processed\Mystery mystery\312_seg026.wav,Mystery mystery
data\processed\Cuculus micropterus\41_seg001.wav,Cuculus micropterus
data\processed\Chloropsis\20_seg003.wav,Chloropsis
data\processed\Chloropsis jerdoni\1_seg023.wav,Chloropsis jerdoni
data\processed\Pellorneum ruficeps\29_seg000.wav,Pellorneum ruficeps
data\processed\Cyornis poliogenys\3_seg010.wav,Cyornis poliogenys
data\processed\Mystery mystery\41_seg016.wav,Mystery mystery
data\processed\Pnoepyga pusilla\29_seg013.wav,Pnoepyga pusilla
data\processed\Mystery mystery\132_seg000.wav,Mystery mystery
data\processed\Sphenocichla humei\40_seg002.wav,Sphenocichla humei
data\processed\Pellorneum ruficeps\80_seg004.wav,Pellorneum ruficeps
data\processed\Sphenocichla humei\13_seg003.wav,Sphenocichla humei
data\processed\Pnoepyga pusilla\23_seg022.wav,Pnoepyga pusilla
data\processed\Chloropsis\7_seg009.wav,Chloropsis
data\processed\noise\Chloropsis__2__seg010.wav,noise
data\processed\Mystery mystery\93_seg003.wav,Mystery mystery
data\processed\Locustella davidi\1_seg008.wav,Locustella davidi
data\processed\Mystery mystery\373_seg008.wav,Mystery mystery
data\processed\Dicrurus andamanensis\9_seg001.wav,Dicrurus andamanensis
data\processed\noise\Mystery_mystery__411__seg003.wav,noise
data\processed\Pnoepyga pusilla\18_seg000.wav,Pnoepyga pusilla
data\processed\Pellorneum ruficeps\97_seg007.wav,Pellorneum ruficeps
data\processed\Cyornis poliogenys\7_seg003.wav,Cyornis poliogenys
data\processed\Sphenocichla humei\22_seg001.wav,Sphenocichla humei
data\processed\Cuculus micropterus\24_seg006.wav,Cuculus micropterus
data\processed\Mystery mystery\442_seg000.wav,Mystery mystery
data\processed\Motacilla citreola\1_seg001.wav,Motacilla citreola
data\processed\Arborophila torqueola\13_seg028.wav,Arborophila torqueola
data\processed\Pellorneum ruficeps\97_seg000.wav,Pellorneum ruficeps
data\processed\Cypsiurus balasiensis\4_seg001.wav,Cypsiurus balasiensis
data\processed\Polyplectron bicalcaratum\11_seg000.wav,Polyplectron bicalcaratum
data\processed\Cuculus micropterus\17_seg001.wav,Cuculus micropterus
data\processed\Pellorneum ruficeps\51_seg005.wav,Pellorneum ruficeps
data\processed\noise\Mystery_mystery__38__seg013.wav,noise
data\processed\Psilopogon lineatus\12_seg010.wav,Psilopogon lineatus
data\processed\Mystery mystery\334_seg004.wav,Mystery mystery
data\processed\Psittacula eupatria\8_seg005.wav,Psittacula eupatria
data\processed\Mystery mystery\280_seg006.wav,Mystery mystery
data\processed\Mystery mystery\370_seg000.wav,Mystery mystery
data\processed\Pellorneum ruficeps\65_seg017.wav,Pellorneum ruficeps
data\processed\Mystery mystery\38_seg022.wav,Mystery mystery
data\processed\Macronus gularis\16_seg004.wav,Macronus gularis
data\processed\Arachnothera magna\8_seg011.wav,Arachnothera magna
data\processed\Mystery mystery\414_seg004.wav,Mystery mystery
data\processed\Pellorneum ruficeps\26_seg020.wav,Pellorneum ruficeps
data\processed\Pellorneum ruficeps\32_seg048.wav,Pellorneum ruficeps
data\processed\Mystery mystery\83_seg001.wav,Mystery mystery
data\processed\Mystery mystery\63_seg004.wav,Mystery mystery
data\processed\Pnoepyga pusilla\9_seg007.wav,Pnoepyga pusilla
data\processed\Arborophila torqueola\31_seg003.wav,Arborophila torqueola
data\processed\Centropus andamanensis\5_seg003.wav,Centropus andamanensis
data\processed\Pomatorhinus ruficollis\6_seg013.wav,Pomatorhinus ruficollis
data\processed\Cuculus micropterus\19_seg004.wav,Cuculus micropterus
data\processed\Mystery mystery\345_seg019.wav,Mystery mystery
data\processed\Arborophila torqueola\23_seg006.wav,Arborophila torqueola
data\processed\Cuculus micropterus\61_seg001.wav,Cuculus micropterus
data\processed\Mystery mystery\421_seg011.wav,Mystery mystery
data\processed\Mystery mystery\414_seg031.wav,Mystery mystery
data\processed\noise\Mystery_mystery__432__seg021.wav,noise
data\processed\Rimator malacoptilus\15_seg014.wav,Rimator malacoptilus
data\processed\Centropus andamanensis\12_seg012.wav,Centropus andamanensis
data\processed\Iole cacharensis\6_seg004.wav,Iole cacharensis
data\processed\Mystery mystery\432_seg008.wav,Mystery mystery
data\processed\Acridotheres fuscus\4_seg003.wav,Acridotheres fuscus
data\processed\Rimator malacoptilus\2_seg025.wav,Rimator malacoptilus
data\processed\Alcippe cinerea\10_seg023.wav,Alcippe cinerea
data\processed\Argya longirostris\2_seg007.wav,Argya longirostris
data\processed\Glaucidium cuculoides\31_seg062.wav,Glaucidium cuculoides
data\processed\Mystery mystery\307_seg005.wav,Mystery mystery
data\processed\Pellorneum ruficeps\89_seg002.wav,Pellorneum ruficeps
data\processed\Mystery mystery\312_seg002.wav,Mystery mystery
data\processed\Cuculus micropterus\47_seg001.wav,Cuculus micropterus
data\processed\Chelidorhynx hypoxanthus\9_seg009.wav,Chelidorhynx hypoxanthus
data\processed\Mystery mystery\56_seg006.wav,Mystery mystery
data\processed\Liocichla phoenicea\9_seg016.wav,Liocichla phoenicea
data\processed\noise\Loriculus_vernalis__10__seg021.wav,noise
data\processed\Mystery mystery\19_seg071.wav,Mystery mystery
data\processed\Argya longirostris\4_seg010.wav,Argya longirostris
data\processed\Pomatorhinus ruficollis\10_seg003.wav,Pomatorhinus ruficollis
data\processed\noise\Glaucidium_cuculoides__12__seg001.wav,noise
data\processed\Mystery mystery\19_seg049.wav,Mystery mystery
data\processed\Psilopogon lineatus\18_seg001.wav,Psilopogon lineatus
data\processed\Loriculus vernalis\30_seg000.wav,Loriculus vernalis
data\processed\noise\Liocichla_phoenicea__2__seg007.wav,noise
data\processed\Arachnothera magna\3_seg003.wav,Arachnothera magna
data\processed\Iole cacharensis\1_seg002.wav,Iole cacharensis
data\processed\Cuculus micropterus\46_seg014.wav,Cuculus micropterus
data\processed\Pellorneum ruficeps\33_seg000.wav,Pellorneum ruficeps
data\processed\Pomatorhinus ruficollis\41_seg008.wav,Pomatorhinus ruficollis
data\processed\Argya longirostris\11_seg007.wav,Argya longirostris
data\processed\Mystery mystery\365_seg000.wav,Mystery mystery
data\processed\Mystery mystery\239_seg005.wav,Mystery mystery
data\processed\Mystery mystery\307_seg008.wav,Mystery mystery
data\processed\Pnoepyga pusilla\6_seg003.wav,Pnoepyga pusilla
data\processed\Liocichla phoenicea\13_seg012.wav,Liocichla phoenicea
data\processed\Cuculus micropterus\4_seg020.wav,Cuculus micropterus
data\processed\Macronus gularis\8_seg002.wav,Macronus gularis
data\processed\noise\Mystery_mystery__251__seg002.wav,noise
data\processed\Mystery mystery\350_seg002.wav,Mystery mystery
data\processed\Cuculus micropterus\62_seg002.wav,Cuculus micropterus
data\processed\Mystery mystery\152_seg001.wav,Mystery mystery
data\processed\Loriculus vernalis\1_seg012.wav,Loriculus vernalis
data\processed\Mystery mystery\116_seg000.wav,Mystery mystery
data\processed\Mystery mystery\433_seg010.wav,Mystery mystery
data\processed\Arachnothera magna\1_seg005.wav,Arachnothera magna
data\processed\noise\Pellorneum_ruficeps__68__seg005.wav,noise
data\processed\Cuculus micropterus\56_seg003.wav,Cuculus micropterus
data\processed\Cuculus micropterus\44_seg013.wav,Cuculus micropterus
data\processed\Mystery mystery\345_seg002.wav,Mystery mystery
data\processed\Loriculus vernalis\27_seg001.wav,Loriculus vernalis
data\processed\Sphenocichla humei\29_seg003.wav,Sphenocichla humei
data\processed\Mystery mystery\25_seg000.wav,Mystery mystery
data\processed\Dicrurus andamanensis\10_seg015.wav,Dicrurus andamanensis
data\processed\Mystery mystery\79_seg000.wav,Mystery mystery
data\processed\Sphenocichla humei\38_seg002.wav,Sphenocichla humei
data\processed\Mystery mystery\91_seg005.wav,Mystery mystery
data\processed\Mystery mystery\194_seg000.wav,Mystery mystery
data\processed\Pomatorhinus ruficollis\28_seg001.wav,Pomatorhinus ruficollis
data\processed\Mystery mystery\16_seg035.wav,Mystery mystery
data\processed\Cuculus micropterus\19_seg005.wav,Cuculus micropterus
data\processed\Mystery mystery\34_seg014.wav,Mystery mystery
data\processed\Cyornis poliogenys\29_seg010.wav,Cyornis poliogenys
data\processed\Mystery mystery\17_seg020.wav,Mystery mystery
data\processed\Cyornis magnirostris\8_seg014.wav,Cyornis magnirostris
data\processed\Liocichla phoenicea\21_seg020.wav,Liocichla phoenicea
data\processed\Mystery mystery\360_seg021.wav,Mystery mystery
data\processed\Mystery mystery\428_seg000.wav,Mystery mystery
data\processed\Pellorneum ruficeps\3_seg004.wav,Pellorneum ruficeps
data\processed\Mystery mystery\442_seg030.wav,Mystery mystery
data\processed\Centropus andamanensis\15_seg002.wav,Centropus andamanensis
data\processed\Chrysococcyx maculatus\2_seg002.wav,Chrysococcyx maculatus
data\processed\Mystery mystery\110_seg026.wav,Mystery mystery
data\processed\Macronus gularis\17_seg005.wav,Macronus gularis
data\processed\Mystery mystery\371_seg017.wav,Mystery mystery
data\processed\Dicaeum minullum\1_seg000.wav,Dicaeum minullum
data\processed\Mystery mystery\343_seg006.wav,Mystery mystery
data\processed\Liocichla phoenicea\2_seg006.wav,Liocichla phoenicea
data\processed\Mystery mystery\75_seg000.wav,Mystery mystery
data\processed\Mystery mystery\391_seg000.wav,Mystery mystery
data\processed\Cypsiurus balasiensis\6_seg013.wav,Cypsiurus balasiensis
data\processed\noise\Psilopogon_lineatus__2__seg005.wav,noise
data\processed\Chloropsis\16_seg011.wav,Chloropsis
data\processed\Mystery mystery\112_seg004.wav,Mystery mystery
data\processed\Stachyridopsis ambigua\13_seg023.wav,Stachyridopsis ambigua
data\processed\Pellorneum ruficeps\8_seg004.wav,Pellorneum ruficeps
data\processed\Mystery mystery\335_seg003.wav,Mystery mystery
data\processed\Chloropsis jerdoni\6_seg017.wav,Chloropsis jerdoni
data\processed\Mystery mystery\433_seg033.wav,Mystery mystery
data\processed\Pomatorhinus ruficollis\1_seg010.wav,Pomatorhinus ruficollis
data\processed\Mystery mystery\409_seg013.wav,Mystery mystery
data\processed\Mystery mystery\296_seg000.wav,Mystery mystery
data\processed\Mystery mystery\371_seg016.wav,Mystery mystery
data\processed\Mystery mystery\389_seg010.wav,Mystery mystery
data\processed\Cuculus micropterus\4_seg006.wav,Cuculus micropterus
data\processed\Mystery mystery\336_seg070.wav,Mystery mystery
data\processed\Pomatorhinus ruficollis\32_seg006.wav,Pomatorhinus ruficollis
data\processed\Cuculus micropterus\6_seg002.wav,Cuculus micropterus
data\processed\Pellorneum ruficeps\69_seg009.wav,Pellorneum ruficeps
data\processed\Mystery mystery\303_seg009.wav,Mystery mystery
data\processed\Pellorneum ruficeps\33_seg003.wav,Pellorneum ruficeps
data\processed\Alcippe cinerea\18_seg000.wav,Alcippe cinerea
data\processed\Glaucidium cuculoides\15_seg004.wav,Glaucidium cuculoides
data\processed\Rimator malacoptilus\15_seg009.wav,Rimator malacoptilus
data\processed\Cyornis unicolor\24_seg010.wav,Cyornis unicolor
data\processed\Mystery mystery\62_seg009.wav,Mystery mystery
data\processed\Mystery mystery\341_seg003.wav,Mystery mystery
data\processed\Cyornis poliogenys\10_seg009.wav,Cyornis poliogenys
data\processed\Argya longirostris\7_seg018.wav,Argya longirostris
data\processed\noise\Pellorneum_ruficeps__74__seg027.wav,noise
data\processed\Pellorneum ruficeps\95_seg005.wav,Pellorneum ruficeps
data\processed\Mystery mystery\257_seg018.wav,Mystery mystery
data\processed\Glaucidium cuculoides\29_seg007.wav,Glaucidium cuculoides
data\processed\Mystery mystery\225_seg003.wav,Mystery mystery
data\processed\Cyornis poliogenys\11_seg006.wav,Cyornis poliogenys
data\processed\Centropus andamanensis\2_seg008.wav,Centropus andamanensis
data\processed\Chloropsis\10_seg012.wav,Chloropsis
data\processed\Mystery mystery\327_seg005.wav,Mystery mystery
data\processed\Mystery mystery\1_seg011.wav,Mystery mystery
data\processed\Sphenocichla humei\13_seg001.wav,Sphenocichla humei
data\processed\Pellorneum ruficeps\90_seg006.wav,Pellorneum ruficeps
data\processed\Glaucidium cuculoides\21_seg003.wav,Glaucidium cuculoides
data\processed\Pnoepyga pusilla\11_seg007.wav,Pnoepyga pusilla
data\processed\Mystery mystery\271_seg000.wav,Mystery mystery
data\processed\Cuculus micropterus\4_seg010.wav,Cuculus micropterus
data\processed\noise\Glaucidium_cuculoides__12__seg028.wav,noise
data\processed\Mystery mystery\297_seg000.wav,Mystery mystery
data\processed\Pellorneum ruficeps\64_seg012.wav,Pellorneum ruficeps
data\processed\Cuculus micropterus\8_seg031.wav,Cuculus micropterus
data\processed\Pellorneum ruficeps\16_seg008.wav,Pellorneum ruficeps
data\processed\Pnoepyga pusilla\4_seg003.wav,Pnoepyga pusilla
data\processed\Mystery mystery\386_seg013.wav,Mystery mystery
data\processed\Glaucidium cuculoides\31_seg042.wav,Glaucidium cuculoides
data\processed\Macronus gularis\23_seg001.wav,Macronus gularis
data\processed\Cyornis poliogenys\9_seg000.wav,Cyornis poliogenys
data\processed\Pellorneum ruficeps\42_seg004.wav,Pellorneum ruficeps
data\processed\Cuculus micropterus\66_seg000.wav,Cuculus micropterus
data\processed\Locustella davidi\5_seg008.wav,Locustella davidi
data\processed\Cuculus micropterus\19_seg008.wav,Cuculus micropterus
data\processed\Mystery mystery\11_seg028.wav,Mystery mystery
data\processed\Psilopogon lineatus\5_seg013.wav,Psilopogon lineatus
data\processed\noise\Sphenocichla_humei__22__seg019.wav,noise
data\processed\Loriculus vernalis\25_seg016.wav,Loriculus vernalis
data\processed\noise\Cyornis_poliogenys__5__seg004.wav,noise
data\processed\Arborophila torqueola\4_seg023.wav,Arborophila torqueola
data\processed\Mystery mystery\82_seg010.wav,Mystery mystery
data\processed\Pomatorhinus ruficollis\37_seg000.wav,Pomatorhinus ruficollis
data\processed\Mystery mystery\124_seg002.wav,Mystery mystery
data\processed\Mystery mystery\442_seg007.wav,Mystery mystery
data\processed\Mystery mystery\70_seg000.wav,Mystery mystery
data\processed\Liocichla phoenicea\21_seg018.wav,Liocichla phoenicea
data\processed\Chloropsis jerdoni\9_seg008.wav,Chloropsis jerdoni
data\processed\Cyornis poliogenys\12_seg000.wav,Cyornis poliogenys
data\processed\Pomatorhinus ruficollis\29_seg001.wav,Pomatorhinus ruficollis
data\processed\Todiramphus chloris\20_seg005.wav,Todiramphus chloris
data\processed\Mystery mystery\115_seg022.wav,Mystery mystery
data\processed\Centropus andamanensis\10_seg001.wav,Centropus andamanensis
data\processed\Mystery mystery\443_seg006.wav,Mystery mystery
data\processed\Cuculus micropterus\31_seg009.wav,Cuculus micropterus
data\processed\Cyornis unicolor\25_seg010.wav,Cyornis unicolor
data\processed\Mystery mystery\392_seg000.wav,Mystery mystery
data\processed\Loriculus vernalis\26_seg004.wav,Loriculus vernalis
data\processed\Pomatorhinus ruficollis\9_seg006.wav,Pomatorhinus ruficollis
data\processed\Pellorneum ruficeps\21_seg003.wav,Pellorneum ruficeps
data\processed\Arborophila torqueola\9_seg003.wav,Arborophila torqueola
data\processed\Chloropsis\14_seg016.wav,Chloropsis
data\processed\Mystery mystery\266_seg004.wav,Mystery mystery
data\processed\Liocichla phoenicea\3_seg002.wav,Liocichla phoenicea
data\processed\Paradoxornis guttaticollis\2_seg005.wav,Paradoxornis guttaticollis
data\processed\Rimator malacoptilus\11_seg009.wav,Rimator malacoptilus
data\processed\Mystery mystery\301_seg033.wav,Mystery mystery
data\processed\Liocichla phoenicea\23_seg001.wav,Liocichla phoenicea
data\processed\Cyornis poliogenys\15_seg002.wav,Cyornis poliogenys
data\processed\Macronus gularis\4_seg000.wav,Macronus gularis
data\processed\Mystery mystery\217_seg001.wav,Mystery mystery
data\processed\Cuculus micropterus\46_seg011.wav,Cuculus micropterus
data\processed\Mystery mystery\62_seg005.wav,Mystery mystery
data\processed\Pnoepyga pusilla\23_seg015.wav,Pnoepyga pusilla
data\processed\Rimator malacoptilus\3_seg024.wav,Rimator malacoptilus
data\processed\Mystery mystery\115_seg013.wav,Mystery mystery
data\processed\Pnoepyga pusilla\19_seg006.wav,Pnoepyga pusilla
data\processed\Cuculus micropterus\8_seg020.wav,Cuculus micropterus
data\processed\Mystery mystery\231_seg009.wav,Mystery mystery
data\processed\noise\Glaucidium_cuculoides__17__seg001.wav,noise
data\processed\Cuculus micropterus\43_seg004.wav,Cuculus micropterus
data\processed\Rimator malacoptilus\14_seg010.wav,Rimator malacoptilus
data\processed\noise\Mystery_mystery__34__seg020.wav,noise
data\processed\Cyornis poliogenys\7_seg005.wav,Cyornis poliogenys
data\processed\Mystery mystery\128_seg014.wav,Mystery mystery
data\processed\Sturnia malabarica\3_seg002.wav,Sturnia malabarica
data\processed\Mystery mystery\425_seg001.wav,Mystery mystery
data\processed\Pnoepyga pusilla\5_seg011.wav,Pnoepyga pusilla
data\processed\Ixobrychus cinnamomeus\4_seg007.wav,Ixobrychus cinnamomeus
data\processed\Cyornis unicolor\11_seg002.wav,Cyornis unicolor
data\processed\Glaucidium cuculoides\1_seg005.wav,Glaucidium cuculoides
data\processed\Pluvialis squatarola\2_seg003.wav,Pluvialis squatarola
data\processed\Mystery mystery\38_seg011.wav,Mystery mystery
data\processed\noise\Mystery_mystery__234__seg008.wav,noise
data\processed\Chloropsis\14_seg004.wav,Chloropsis
data\processed\Chloropsis\14_seg098.wav,Chloropsis
data\processed\Locustella davidi\5_seg000.wav,Locustella davidi
data\processed\Cuculus micropterus\45_seg006.wav,Cuculus micropterus
data\processed\Pellorneum ruficeps\90_seg007.wav,Pellorneum ruficeps
data\processed\Centropus andamanensis\12_seg000.wav,Centropus andamanensis
data\processed\Lanius tephronotus\2_seg007.wav,Lanius tephronotus
data\processed\Todiramphus chloris\4_seg004.wav,Todiramphus chloris
data\processed\Mystery mystery\410_seg010.wav,Mystery mystery
data\processed\Centropus andamanensis\15_seg013.wav,Centropus andamanensis
data\processed\Psilopogon lineatus\16_seg002.wav,Psilopogon lineatus
data\processed\noise\Liocichla_phoenicea__9__seg015.wav,noise
data\processed\Mystery mystery\313_seg000.wav,Mystery mystery
data\processed\Acridotheres fuscus\6_seg000.wav,Acridotheres fuscus
data\processed\noise\Pellorneum_ruficeps__86__seg058.wav,noise
data\processed\Centropus andamanensis\1_seg019.wav,Centropus andamanensis
data\processed\Mystery mystery\146_seg001.wav,Mystery mystery
data\processed\Cuculus micropterus\50_seg000.wav,Cuculus micropterus
data\processed\Mystery mystery\336_seg012.wav,Mystery mystery
data\processed\noise\Mystery_mystery__17__seg026.wav,noise
data\processed\Mystery mystery\274_seg003.wav,Mystery mystery
data\processed\noise\Psittacula_eupatria__5__seg012.wav,noise
data\processed\noise\Dicrurus_andamanensis__18__seg002.wav,noise
data\processed\Arborophila torqueola\32_seg020.wav,Arborophila torqueola
data\processed\Mystery mystery\371_seg005.wav,Mystery mystery
data\processed\Cyornis magnirostris\3_seg005.wav,Cyornis magnirostris
data\processed\Mystery mystery\410_seg018.wav,Mystery mystery
data\processed\noise\Sphenocichla_humei__23__seg009.wav,noise
data\processed\Mystery mystery\5_seg012.wav,Mystery mystery
data\processed\Chelidorhynx hypoxanthus\13_seg003.wav,Chelidorhynx hypoxanthus
data\processed\Cyornis concretus\2_seg004.wav,Cyornis concretus
data\processed\Mystery mystery\19_seg073.wav,Mystery mystery
data\processed\Centropus andamanensis\7_seg004.wav,Centropus andamanensis
data\processed\Mystery mystery\38_seg024.wav,Mystery mystery
data\processed\Pnoepyga pusilla\1_seg019.wav,Pnoepyga pusilla
data\processed\Chloropsis jerdoni\1_seg011.wav,Chloropsis jerdoni
data\processed\Mystery mystery\9_seg012.wav,Mystery mystery
data\processed\Chelidorhynx hypoxanthus\14_seg012.wav,Chelidorhynx hypoxanthus
data\processed\Mystery mystery\337_seg013.wav,Mystery mystery
data\processed\Cyornis magnirostris\6_seg026.wav,Cyornis magnirostris
data\processed\Phylloscopus inornatus\5_seg005.wav,Phylloscopus inornatus
data\processed\Pellorneum ruficeps\90_seg005.wav,Pellorneum ruficeps
data\processed\noise\Mystery_mystery__38__seg030.wav,noise
data\processed\Halcyon coromanda\3_seg001.wav,Halcyon coromanda
data\processed\Centropus andamanensis\16_seg005.wav,Centropus andamanensis
data\processed\Rimator malacoptilus\9_seg009.wav,Rimator malacoptilus
data\processed\Pnoepyga pusilla\17_seg012.wav,Pnoepyga pusilla
data\processed\Pellorneum ruficeps\93_seg014.wav,Pellorneum ruficeps
data\processed\Mystery mystery\107_seg000.wav,Mystery mystery
data\processed\Mystery mystery\378_seg004.wav,Mystery mystery
data\processed\Mystery mystery\312_seg001.wav,Mystery mystery
data\processed\Mystery mystery\336_seg045.wav,Mystery mystery
data\processed\noise\Loriculus_vernalis__10__seg004.wav,noise
data\processed\Pellorneum ruficeps\76_seg015.wav,Pellorneum ruficeps
data\processed\Cyornis concretus\2_seg003.wav,Cyornis concretus
data\processed\Cyornis poliogenys\4_seg001.wav,Cyornis poliogenys
data\processed\Pellorneum ruficeps\75_seg015.wav,Pellorneum ruficeps
data\processed\Mystery mystery\195_seg018.wav,Mystery mystery
data\processed\Pellorneum ruficeps\18_seg000.wav,Pellorneum ruficeps
data\processed\Mystery mystery\87_seg003.wav,Mystery mystery
data\processed\Sphenocichla humei\32_seg012.wav,Sphenocichla humei
data\processed\Chelidorhynx hypoxanthus\9_seg000.wav,Chelidorhynx hypoxanthus
data\processed\Dicrurus andamanensis\10_seg008.wav,Dicrurus andamanensis
data\processed\Cyornis unicolor\24_seg004.wav,Cyornis unicolor
data\processed\Mystery mystery\414_seg016.wav,Mystery mystery
data\processed\Cuculus micropterus\8_seg042.wav,Cuculus micropterus
data\processed\Glaucidium cuculoides\31_seg039.wav,Glaucidium cuculoides
data\processed\Mystery mystery\410_seg012.wav,Mystery mystery
data\processed\Pnoepyga pusilla\23_seg003.wav,Pnoepyga pusilla
data\processed\Cuculus micropterus\57_seg001.wav,Cuculus micropterus
data\processed\Pellorneum ruficeps\8_seg019.wav,Pellorneum ruficeps
data\processed\Arborophila torqueola\8_seg026.wav,Arborophila torqueola
data\processed\Pellorneum ruficeps\25_seg007.wav,Pellorneum ruficeps
data\processed\Psilopogon lineatus\13_seg002.wav,Psilopogon lineatus
data\processed\Rimator malacoptilus\11_seg002.wav,Rimator malacoptilus
data\processed\Chrysococcyx maculatus\2_seg005.wav,Chrysococcyx maculatus
data\processed\Pellorneum ruficeps\75_seg019.wav,Pellorneum ruficeps
data\processed\Mystery mystery\42_seg009.wav,Mystery mystery
data\processed\Mystery mystery\433_seg035.wav,Mystery mystery
data\processed\Cyornis poliogenys\16_seg011.wav,Cyornis poliogenys
data\processed\Pomatorhinus ruficollis\32_seg013.wav,Pomatorhinus ruficollis
data\processed\Phylloscopus forresti\4_seg004.wav,Phylloscopus forresti
data\processed\noise\Pellorneum_ruficeps__86__seg029.wav,noise
data\processed\Iole cacharensis\6_seg000.wav,Iole cacharensis
data\processed\Cuculus micropterus\57_seg004.wav,Cuculus micropterus
data\processed\Mystery mystery\325_seg024.wav,Mystery mystery
data\processed\Mystery mystery\19_seg015.wav,Mystery mystery
data\processed\Mystery mystery\363_seg000.wav,Mystery mystery
data\processed\Chloropsis jerdoni\10_seg005.wav,Chloropsis jerdoni
data\processed\Chelidorhynx hypoxanthus\10_seg006.wav,Chelidorhynx hypoxanthus
data\processed\Mystery mystery\117_seg010.wav,Mystery mystery
data\processed\Mystery mystery\336_seg061.wav,Mystery mystery
data\processed\Cuculus micropterus\61_seg004.wav,Cuculus micropterus
data\processed\Mystery mystery\86_seg007.wav,Mystery mystery
data\processed\Alcippe cinerea\2_seg008.wav,Alcippe cinerea
data\processed\Mystery mystery\4_seg001.wav,Mystery mystery
data\processed\Argya longirostris\4_seg000.wav,Argya longirostris
data\processed\Pomatorhinus ruficollis\17_seg010.wav,Pomatorhinus ruficollis
data\processed\Mystery mystery\257_seg008.wav,Mystery mystery
data\processed\Mystery mystery\271_seg009.wav,Mystery mystery
data\processed\Chloropsis jerdoni\6_seg020.wav,Chloropsis jerdoni
data\processed\Mystery mystery\195_seg003.wav,Mystery mystery
data\processed\Mystery mystery\307_seg015.wav,Mystery mystery
data\processed\Mystery mystery\350_seg000.wav,Mystery mystery
data\processed\Cyornis concretus\1_seg008.wav,Cyornis concretus
data\processed\Mystery mystery\43_seg000.wav,Mystery mystery
data\processed\Mystery mystery\155_seg000.wav,Mystery mystery
data\processed\Todiramphus chloris\4_seg003.wav,Todiramphus chloris
data\processed\Mystery mystery\336_seg081.wav,Mystery mystery
data\processed\Cyornis poliogenys\2_seg006.wav,Cyornis poliogenys
data\processed\Mystery mystery\332_seg052.wav,Mystery mystery
data\processed\Mystery mystery\171_seg001.wav,Mystery mystery
data\processed\Mystery mystery\371_seg014.wav,Mystery mystery
data\processed\Dicrurus andamanensis\10_seg018.wav,Dicrurus andamanensis
data\processed\Loriculus vernalis\27_seg000.wav,Loriculus vernalis
data\processed\Arachnothera magna\8_seg003.wav,Arachnothera magna
data\processed\Macronus gularis\17_seg025.wav,Macronus gularis
data\processed\Argya longirostris\11_seg005.wav,Argya longirostris
data\processed\Acridotheres fuscus\4_seg010.wav,Acridotheres fuscus
data\processed\Mystery mystery\71_seg002.wav,Mystery mystery
data\processed\Arborophila torqueola\9_seg008.wav,Arborophila torqueola
data\processed\Arborophila torqueola\12_seg017.wav,Arborophila torqueola
data\processed\Sphenocichla humei\40_seg000.wav,Sphenocichla humei
data\processed\Arborophila torqueola\8_seg000.wav,Arborophila torqueola
data\processed\noise\Spelaeornis_oatesi__3__seg019.wav,noise
data\processed\Mystery mystery\371_seg007.wav,Mystery mystery
data\processed\Dicaeum chrysorrheum\1_seg003.wav,Dicaeum chrysorrheum
data\processed\Mystery mystery\306_seg006.wav,Mystery mystery
data\processed\Rimator malacoptilus\8_seg000.wav,Rimator malacoptilus
data\processed\Sturnia malabarica\14_seg006.wav,Sturnia malabarica
data\processed\Cyornis unicolor\27_seg000.wav,Cyornis unicolor
data\processed\Arachnothera magna\8_seg010.wav,Arachnothera magna
data\processed\Mystery mystery\336_seg033.wav,Mystery mystery
data\processed\Glaucidium cuculoides\31_seg055.wav,Glaucidium cuculoides
data\processed\Todiramphus chloris\20_seg000.wav,Todiramphus chloris
data\processed\Cyornis unicolor\10_seg013.wav,Cyornis unicolor
data\processed\Psilopogon lineatus\11_seg009.wav,Psilopogon lineatus
data\processed\Mystery mystery\261_seg009.wav,Mystery mystery
data\processed\Cyornis unicolor\9_seg007.wav,Cyornis unicolor
data\processed\noise\Alcippe_cinerea__18__seg010.wav,noise
data\processed\Pomatorhinus ruficollis\38_seg005.wav,Pomatorhinus ruficollis
data\processed\noise\Psittacula_eupatria__22__seg006.wav,noise
data\processed\Mystery mystery\47_seg002.wav,Mystery mystery
data\processed\Mystery mystery\330_seg001.wav,Mystery mystery
data\processed\Mystery mystery\226_seg000.wav,Mystery mystery
data\processed\Pnoepyga pusilla\22_seg011.wav,Pnoepyga pusilla
data\processed\Pellorneum ruficeps\26_seg015.wav,Pellorneum ruficeps
data\processed\Mystery mystery\116_seg020.wav,Mystery mystery
data\processed\Mystery mystery\297_seg010.wav,Mystery mystery
data\processed\Pellorneum ruficeps\91_seg000.wav,Pellorneum ruficeps
data\processed\Cyornis poliogenys\3_seg000.wav,Cyornis poliogenys
data\processed\Arborophila torqueola\25_seg001.wav,Arborophila torqueola
data\processed\Cuculus micropterus\47_seg002.wav,Cuculus micropterus
data\processed\noise\Chloropsis__14__seg110.wav,noise
data\processed\Mystery mystery\309_seg011.wav,Mystery mystery
data\processed\Psilopogon lineatus\13_seg011.wav,Psilopogon lineatus
data\processed\Mystery mystery\336_seg013.wav,Mystery mystery
data\processed\Mystery mystery\8_seg000.wav,Mystery mystery
data\processed\Stachyridopsis ambigua\4_seg003.wav,Stachyridopsis ambigua
data\processed\Chelidorhynx hypoxanthus\1_seg004.wav,Chelidorhynx hypoxanthus
data\processed\Cyornis unicolor\27_seg003.wav,Cyornis unicolor
data\processed\Mystery mystery\118_seg007.wav,Mystery mystery
data\processed\noise\Cyornis_magnirostris__5__seg016.wav,noise
data\processed\Cyornis poliogenys\16_seg008.wav,Cyornis poliogenys
data\processed\Arborophila torqueola\5_seg003.wav,Arborophila torqueola
data\processed\Mystery mystery\267_seg011.wav,Mystery mystery
data\processed\Pellorneum ruficeps\89_seg007.wav,Pellorneum ruficeps
data\processed\noise\Mystery_mystery__39__seg033.wav,noise
data\processed\Mystery mystery\19_seg026.wav,Mystery mystery
data\processed\noise\Pellorneum_ruficeps__74__seg035.wav,noise
data\processed\Sturnia malabarica\11_seg001.wav,Sturnia malabarica
data\processed\Chelidorhynx hypoxanthus\5_seg002.wav,Chelidorhynx hypoxanthus
data\processed\Arborophila torqueola\1_seg003.wav,Arborophila torqueola
data\processed\Mystery mystery\95_seg002.wav,Mystery mystery
data\processed\Chloropsis jerdoni\6_seg008.wav,Chloropsis jerdoni
data\processed\Cypsiurus balasiensis\7_seg004.wav,Cypsiurus balasiensis
data\processed\Cyornis unicolor\8_seg005.wav,Cyornis unicolor
data\processed\Alcippe cinerea\23_seg001.wav,Alcippe cinerea
data\processed\Alcippe cinerea\13_seg000.wav,Alcippe cinerea
data\processed\Halcyon coromanda\6_seg001.wav,Halcyon coromanda
data\processed\Cyornis unicolor\16_seg026.wav,Cyornis unicolor
data\processed\noise\Mystery_mystery__369__seg014.wav,noise
data\processed\Cyornis unicolor\4_seg015.wav,Cyornis unicolor
data\processed\Phylloscopus forresti\3_seg010.wav,Phylloscopus forresti
data\processed\Arborophila torqueola\2_seg031.wav,Arborophila torqueola
data\processed\Dicrurus andamanensis\7_seg009.wav,Dicrurus andamanensis
data\processed\Mystery mystery\303_seg000.wav,Mystery mystery
data\processed\Arborophila torqueola\13_seg017.wav,Arborophila torqueola
data\processed\Pomatorhinus ruficollis\1_seg016.wav,Pomatorhinus ruficollis
data\processed\Dicaeum cruentatum\1_seg013.wav,Dicaeum cruentatum
data\processed\Cyornis poliogenys\6_seg001.wav,Cyornis poliogenys
data\processed\noise\Mystery_mystery__325__seg059.wav,noise
data\processed\Psilopogon lineatus\6_seg001.wav,Psilopogon lineatus
data\processed\noise\Cyornis_poliogenys__18__seg009.wav,noise
data\processed\Mystery mystery\414_seg023.wav,Mystery mystery
data\processed\Chelidorhynx hypoxanthus\12_seg006.wav,Chelidorhynx hypoxanthus
data\processed\noise\Psittacula_eupatria__5__seg014.wav,noise
data\processed\Mystery mystery\362_seg003.wav,Mystery mystery
data\processed\Arborophila torqueola\28_seg030.wav,Arborophila torqueola
data\processed\noise\Pellorneum_ruficeps__75__seg006.wav,noise
data\processed\Alcippe cinerea\3_seg003.wav,Alcippe cinerea
data\processed\Cyornis unicolor\23_seg002.wav,Cyornis unicolor
data\processed\Psilopogon lineatus\10_seg012.wav,Psilopogon lineatus
data\processed\Mystery mystery\327_seg029.wav,Mystery mystery
data\processed\Cyornis unicolor\1_seg013.wav,Cyornis unicolor
data\processed\Cuculus micropterus\38_seg002.wav,Cuculus micropterus
data\processed\Cyornis unicolor\15_seg002.wav,Cyornis unicolor
data\processed\noise\Cyornis_magnirostris__6__seg002.wav,noise
data\processed\Mystery mystery\1_seg000.wav,Mystery mystery
data\processed\Alcippe cinerea\3_seg015.wav,Alcippe cinerea
data\processed\Mystery mystery\41_seg010.wav,Mystery mystery
data\processed\Centropus andamanensis\15_seg017.wav,Centropus andamanensis
data\processed\Sturnia malabarica\8_seg002.wav,Sturnia malabarica
data\processed\Mystery mystery\336_seg011.wav,Mystery mystery
data\processed\Pnoepyga pusilla\12_seg005.wav,Pnoepyga pusilla
data\processed\Mystery mystery\77_seg003.wav,Mystery mystery
data\processed\Mystery mystery\410_seg022.wav,Mystery mystery
data\processed\Mystery mystery\325_seg052.wav,Mystery mystery
data\processed\Loriculus vernalis\27_seg008.wav,Loriculus vernalis
data\processed\Psilopogon lineatus\21_seg010.wav,Psilopogon lineatus
data\processed\Mystery mystery\36_seg001.wav,Mystery mystery
data\processed\Centropus andamanensis\15_seg001.wav,Centropus andamanensis
data\processed\Mystery mystery\377_seg004.wav,Mystery mystery
data\processed\Mystery mystery\240_seg006.wav,Mystery mystery
data\processed\Mystery mystery\4_seg002.wav,Mystery mystery
data\processed\Mystery mystery\408_seg001.wav,Mystery mystery
data\processed\Psittacula eupatria\25_seg011.wav,Psittacula eupatria
data\processed\noise\Pellorneum_ruficeps__86__seg020.wav,noise
data\processed\Arborophila torqueola\13_seg005.wav,Arborophila torqueola
data\processed\Loriculus vernalis\27_seg029.wav,Loriculus vernalis
data\processed\Todiramphus chloris\3_seg004.wav,Todiramphus chloris
data\processed\Mystery mystery\425_seg003.wav,Mystery mystery
data\processed\Sphenocichla humei\39_seg001.wav,Sphenocichla humei
data\processed\Mystery mystery\325_seg054.wav,Mystery mystery
data\processed\Pellorneum ruficeps\74_seg069.wav,Pellorneum ruficeps
data\processed\Phylloscopus subaffinis\2_seg000.wav,Phylloscopus subaffinis
data\processed\Glaucidium cuculoides\32_seg001.wav,Glaucidium cuculoides
data\processed\Pellorneum ruficeps\97_seg005.wav,Pellorneum ruficeps
data\processed\Mystery mystery\93_seg016.wav,Mystery mystery
data\processed\Dicrurus andamanensis\2_seg000.wav,Dicrurus andamanensis
data\processed\Mystery mystery\407_seg001.wav,Mystery mystery
data\processed\Acridotheres fuscus\14_seg001.wav,Acridotheres fuscus
data\processed\Pellorneum ruficeps\50_seg010.wav,Pellorneum ruficeps
data\processed\Loriculus vernalis\27_seg005.wav,Loriculus vernalis
data\processed\Mystery mystery\300_seg048.wav,Mystery mystery
data\processed\Mystery mystery\325_seg049.wav,Mystery mystery
data\processed\Pellorneum ruficeps\90_seg004.wav,Pellorneum ruficeps
data\processed\Glaucidium cuculoides\30_seg019.wav,Glaucidium cuculoides
data\processed\Sphenocichla humei\12_seg021.wav,Sphenocichla humei
data\processed\Pomatorhinus ruficollis\18_seg022.wav,Pomatorhinus ruficollis
data\processed\Glaucidium cuculoides\37_seg001.wav,Glaucidium cuculoides
data\processed\Phylloscopus forresti\5_seg012.wav,Phylloscopus forresti
data\processed\Psittacula eupatria\6_seg015.wav,Psittacula eupatria
data\processed\Mystery mystery\341_seg019.wav,Mystery mystery
data\processed\Macronus gularis\21_seg006.wav,Macronus gularis
data\processed\Mystery mystery\116_seg016.wav,Mystery mystery
data\processed\Mystery mystery\205_seg000.wav,Mystery mystery
data\processed\Pnoepyga pusilla\11_seg004.wav,Pnoepyga pusilla
data\processed\Mystery mystery\435_seg000.wav,Mystery mystery
data\processed\Sphenocichla humei\18_seg004.wav,Sphenocichla humei
data\processed\Mystery mystery\373_seg052.wav,Mystery mystery
data\processed\noise\Mystery_mystery__249__seg006.wav,noise
data\processed\Mystery mystery\279_seg000.wav,Mystery mystery
data\processed\Polyplectron bicalcaratum\7_seg001.wav,Polyplectron bicalcaratum
data\processed\Pomatorhinus ruficollis\13_seg012.wav,Pomatorhinus ruficollis
data\processed\Mystery mystery\149_seg000.wav,Mystery mystery
data\processed\Psilopogon lineatus\3_seg004.wav,Psilopogon lineatus
data\processed\Cuculus micropterus\8_seg003.wav,Cuculus micropterus
data\processed\Chloropsis\12_seg000.wav,Chloropsis
data\processed\Cuculus micropterus\14_seg000.wav,Cuculus micropterus
data\processed\Glaucidium cuculoides\29_seg004.wav,Glaucidium cuculoides
data\processed\Mystery mystery\409_seg016.wav,Mystery mystery
data\processed\Mystery mystery\115_seg005.wav,Mystery mystery
data\processed\Mystery mystery\89_seg000.wav,Mystery mystery
data\processed\Rimator malacoptilus\5_seg019.wav,Rimator malacoptilus
data\processed\Argya longirostris\1_seg025.wav,Argya longirostris
data\processed\Liocichla phoenicea\12_seg012.wav,Liocichla phoenicea
data\processed\Mystery mystery\311_seg021.wav,Mystery mystery
data\processed\Pellorneum ruficeps\9_seg011.wav,Pellorneum ruficeps
data\processed\Pnoepyga pusilla\23_seg009.wav,Pnoepyga pusilla
data\processed\Dicaeum minullum\4_seg004.wav,Dicaeum minullum
data\processed\Todiramphus chloris\5_seg005.wav,Todiramphus chloris
data\processed\Dicrurus andamanensis\19_seg004.wav,Dicrurus andamanensis
data\processed\Pellorneum ruficeps\16_seg028.wav,Pellorneum ruficeps
data\processed\Mystery mystery\266_seg002.wav,Mystery mystery
data\processed\Pellorneum ruficeps\14_seg002.wav,Pellorneum ruficeps
data\processed\Pnoepyga pusilla\6_seg004.wav,Pnoepyga pusilla
data\processed\Mystery mystery\19_seg062.wav,Mystery mystery
data\processed\Pnoepyga pusilla\7_seg015.wav,Pnoepyga pusilla
data\processed\Mystery mystery\20_seg013.wav,Mystery mystery
data\processed\Pellorneum ruficeps\17_seg018.wav,Pellorneum ruficeps
data\processed\Pellorneum ruficeps\8_seg021.wav,Pellorneum ruficeps
data\processed\Dicaeum minullum\3_seg000.wav,Dicaeum minullum
data\processed\Chloropsis\7_seg008.wav,Chloropsis
data\processed\Pellorneum ruficeps\15_seg002.wav,Pellorneum ruficeps
data\processed\Arborophila torqueola\15_seg003.wav,Arborophila torqueola
data\processed\Pellorneum ruficeps\52_seg019.wav,Pellorneum ruficeps
data\processed\Mystery mystery\373_seg030.wav,Mystery mystery
data\processed\Mystery mystery\426_seg024.wav,Mystery mystery
data\processed\Mystery mystery\125_seg008.wav,Mystery mystery
data\processed\Mystery mystery\19_seg040.wav,Mystery mystery
data\processed\Alcippe cinerea\14_seg006.wav,Alcippe cinerea
data\processed\Psittacula eupatria\11_seg005.wav,Psittacula eupatria
data\processed\Cyornis magnirostris\6_seg018.wav,Cyornis magnirostris
data\processed\noise\Mystery_mystery__34__seg008.wav,noise
data\processed\Cuculus micropterus\66_seg003.wav,Cuculus micropterus
data\processed\noise\Argya_longirostris__4__seg005.wav,noise
data\processed\Mystery mystery\301_seg003.wav,Mystery mystery
data\processed\Pluvialis squatarola\1_seg002.wav,Pluvialis squatarola
data\processed\Mystery mystery\328_seg014.wav,Mystery mystery
data\processed\Sphenocichla humei\6_seg000.wav,Sphenocichla humei
data\processed\Mystery mystery\2_seg000.wav,Mystery mystery
data\processed\noise\Pellorneum_ruficeps__86__seg053.wav,noise
data\processed\noise\Cyornis_magnirostris__5__seg023.wav,noise
data\processed\Mystery mystery\35_seg011.wav,Mystery mystery
data\processed\Cyornis poliogenys\8_seg001.wav,Cyornis poliogenys
data\processed\Pnoepyga pusilla\1_seg011.wav,Pnoepyga pusilla
data\processed\Mystery mystery\257_seg001.wav,Mystery mystery
data\processed\Macronus gularis\16_seg010.wav,Macronus gularis
data\processed\Chelidorhynx hypoxanthus\12_seg017.wav,Chelidorhynx hypoxanthus
data\processed\Mystery mystery\305_seg016.wav,Mystery mystery
data\processed\Pellorneum ruficeps\100_seg001.wav,Pellorneum ruficeps
data\processed\Pellorneum ruficeps\32_seg022.wav,Pellorneum ruficeps
data\processed\Mystery mystery\127_seg015.wav,Mystery mystery
data\processed\Mystery mystery\124_seg012.wav,Mystery mystery
data\processed\Motacilla citreola\16_seg003.wav,Motacilla citreola
data\processed\Mystery mystery\373_seg027.wav,Mystery mystery
data\processed\Pellorneum ruficeps\26_seg021.wav,Pellorneum ruficeps
data\processed\Locustella davidi\7_seg000.wav,Locustella davidi
data\processed\noise\Mystery_mystery__297__seg028.wav,noise
data\processed\Psilopogon lineatus\7_seg005.wav,Psilopogon lineatus
data\processed\Chloropsis jerdoni\9_seg007.wav,Chloropsis jerdoni
data\processed\Cyornis poliogenys\5_seg009.wav,Cyornis poliogenys
data\processed\Rimator malacoptilus\13_seg019.wav,Rimator malacoptilus
data\processed\Pellorneum ruficeps\74_seg001.wav,Pellorneum ruficeps
data\processed\Mystery mystery\310_seg008.wav,Mystery mystery
data\processed\Todiramphus chloris\23_seg012.wav,Todiramphus chloris
data\processed\Arborophila torqueola\29_seg002.wav,Arborophila torqueola
data\processed\Cuculus micropterus\8_seg052.wav,Cuculus micropterus
data\processed\Acridotheres fuscus\10_seg001.wav,Acridotheres fuscus
data\processed\Chelidorhynx hypoxanthus\11_seg000.wav,Chelidorhynx hypoxanthus
data\processed\Rimator malacoptilus\2_seg029.wav,Rimator malacoptilus
data\processed\Arborophila torqueola\31_seg004.wav,Arborophila torqueola
data\processed\Arborophila torqueola\28_seg011.wav,Arborophila torqueola
data\processed\noise\Sphenocichla_humei__12__seg020.wav,noise
data\processed\Mystery mystery\296_seg023.wav,Mystery mystery
data\processed\Mystery mystery\373_seg043.wav,Mystery mystery
data\processed\Mystery mystery\17_seg002.wav,Mystery mystery
data\processed\Cyornis unicolor\6_seg005.wav,Cyornis unicolor
data\processed\Pellorneum ruficeps\76_seg016.wav,Pellorneum ruficeps
data\processed\Mystery mystery\20_seg007.wav,Mystery mystery
data\processed\Argya longirostris\10_seg000.wav,Argya longirostris
data\processed\Phylloscopus forresti\2_seg004.wav,Phylloscopus forresti
data\processed\Chloropsis\14_seg045.wav,Chloropsis
data\processed\Mystery mystery\225_seg002.wav,Mystery mystery
data\processed\Cuculus micropterus\31_seg005.wav,Cuculus micropterus
data\processed\Sphenocichla humei\12_seg017.wav,Sphenocichla humei
data\processed\Chloropsis\18_seg004.wav,Chloropsis
data\processed\Lanius tephronotus\5_seg000.wav,Lanius tephronotus
data\processed\Sturnia malabarica\2_seg002.wav,Sturnia malabarica
data\processed\Pomatorhinus ruficollis\31_seg010.wav,Pomatorhinus ruficollis
data\processed\Phylloscopus forresti\1_seg008.wav,Phylloscopus forresti
data\processed\Mystery mystery\373_seg033.wav,Mystery mystery
data\processed\Chloropsis cochinchinensis\1_seg002.wav,Chloropsis cochinchinensis
data\processed\Cyornis poliogenys\8_seg002.wav,Cyornis poliogenys
data\processed\Mystery mystery\127_seg055.wav,Mystery mystery
data\processed\Mystery mystery\389_seg002.wav,Mystery mystery
data\processed\Chelidorhynx hypoxanthus\11_seg006.wav,Chelidorhynx hypoxanthus
data\processed\Argya longirostris\11_seg004.wav,Argya longirostris
data\processed\Mystery mystery\345_seg021.wav,Mystery mystery
data\processed\Macronus gularis\17_seg018.wav,Macronus gularis
data\processed\Cuculus micropterus\20_seg000.wav,Cuculus micropterus
data\processed\Mystery mystery\415_seg004.wav,Mystery mystery
data\processed\Cypsiurus balasiensis\7_seg019.wav,Cypsiurus balasiensis
data\processed\Pellorneum ruficeps\25_seg005.wav,Pellorneum ruficeps
data\processed\Liocichla phoenicea\13_seg000.wav,Liocichla phoenicea
data\processed\Mystery mystery\287_seg003.wav,Mystery mystery
data\processed\Aethopyga gouldiae\1_seg013.wav,Aethopyga gouldiae
data\processed\Psittacula eupatria\27_seg006.wav,Psittacula eupatria
data\processed\Mystery mystery\246_seg019.wav,Mystery mystery
data\processed\Mystery mystery\92_seg006.wav,Mystery mystery
data\processed\Psilopogon lineatus\18_seg003.wav,Psilopogon lineatus
data\processed\Pellorneum ruficeps\48_seg006.wav,Pellorneum ruficeps
data\processed\Mystery mystery\43_seg027.wav,Mystery mystery
data\processed\Mystery mystery\379_seg001.wav,Mystery mystery
data\processed\Glaucidium cuculoides\37_seg002.wav,Glaucidium cuculoides
data\processed\Cuculus micropterus\26_seg001.wav,Cuculus micropterus
data\processed\Pellorneum ruficeps\102_seg020.wav,Pellorneum ruficeps
data\processed\Mystery mystery\40_seg005.wav,Mystery mystery
data\processed\Psittacula eupatria\23_seg007.wav,Psittacula eupatria
data\processed\Mystery mystery\86_seg015.wav,Mystery mystery
data\processed\Sturnia malabarica\4_seg011.wav,Sturnia malabarica
data\processed\noise\Pomatorhinus_ruficollis__36__seg000.wav,noise
data\processed\Paradoxornis guttaticollis\1_seg019.wav,Paradoxornis guttaticollis
data\processed\Mystery mystery\298_seg006.wav,Mystery mystery
data\processed\Motacilla citreola\18_seg000.wav,Motacilla citreola
data\processed\Arborophila torqueola\4_seg006.wav,Arborophila torqueola
data\processed\Mystery mystery\16_seg034.wav,Mystery mystery
data\processed\Mystery mystery\39_seg005.wav,Mystery mystery
data\processed\Mystery mystery\305_seg017.wav,Mystery mystery
data\processed\Pomatorhinus ruficollis\34_seg000.wav,Pomatorhinus ruficollis
data\processed\noise\Centropus_andamanensis__1__seg010.wav,noise
data\processed\Pnoepyga pusilla\3_seg000.wav,Pnoepyga pusilla
data\processed\Mystery mystery\325_seg027.wav,Mystery mystery
data\processed\Mystery mystery\303_seg005.wav,Mystery mystery
data\processed\Mystery mystery\29_seg001.wav,Mystery mystery
data\processed\Motacilla citreola\14_seg028.wav,Motacilla citreola
data\processed\Aethopyga gouldiae\1_seg004.wav,Aethopyga gouldiae
data\processed\Lanius tephronotus\4_seg008.wav,Lanius tephronotus
data\processed\Mystery mystery\431_seg018.wav,Mystery mystery
data\processed\Mystery mystery\382_seg011.wav,Mystery mystery
data\processed\Pellorneum ruficeps\68_seg003.wav,Pellorneum ruficeps
data\processed\Cyornis poliogenys\26_seg008.wav,Cyornis poliogenys
data\processed\Mystery mystery\384_seg012.wav,Mystery mystery
data\processed\Mystery mystery\1_seg023.wav,Mystery mystery
data\processed\Pomatorhinus ruficollis\23_seg001.wav,Pomatorhinus ruficollis
data\processed\Arborophila torqueola\18_seg004.wav,Arborophila torqueola
data\processed\Pellorneum ruficeps\100_seg012.wav,Pellorneum ruficeps
data\processed\Acridotheres fuscus\9_seg004.wav,Acridotheres fuscus
data\processed\Glaucidium cuculoides\7_seg001.wav,Glaucidium cuculoides
data\processed\Pomatorhinus ruficollis\22_seg002.wav,Pomatorhinus ruficollis
data\processed\Mystery mystery\229_seg003.wav,Mystery mystery
data\processed\Mystery mystery\5_seg009.wav,Mystery mystery
data\processed\Cuculus micropterus\10_seg014.wav,Cuculus micropterus
data\processed\Arachnothera magna\1_seg014.wav,Arachnothera magna
data\processed\Cuculus micropterus\40_seg006.wav,Cuculus micropterus
data\processed\Mystery mystery\212_seg000.wav,Mystery mystery
data\processed\Acridotheres fuscus\4_seg009.wav,Acridotheres fuscus
data\processed\Todiramphus chloris\5_seg006.wav,Todiramphus chloris
data\processed\Stachyridopsis ambigua\14_seg007.wav,Stachyridopsis ambigua
data\processed\Cyornis magnirostris\6_seg001.wav,Cyornis magnirostris
data\processed\Pnoepyga pusilla\12_seg000.wav,Pnoepyga pusilla
data\processed\Mystery mystery\327_seg003.wav,Mystery mystery
data\processed\Cuculus micropterus\17_seg004.wav,Cuculus micropterus
data\processed\Mystery mystery\90_seg000.wav,Mystery mystery
data\processed\Phylloscopus forresti\3_seg022.wav,Phylloscopus forresti
data\processed\noise\Cyornis_poliogenys__11__seg008.wav,noise
data\processed\Stachyridopsis ambigua\10_seg011.wav,Stachyridopsis ambigua
data\processed\Pnoepyga pusilla\7_seg009.wav,Pnoepyga pusilla
data\processed\Psilopogon lineatus\15_seg006.wav,Psilopogon lineatus
data\processed\Pomatorhinus ruficollis\35_seg014.wav,Pomatorhinus ruficollis
data\processed\noise\Centropus_andamanensis__1__seg009.wav,noise
data\processed\Mystery mystery\38_seg020.wav,Mystery mystery
data\processed\Cyornis unicolor\10_seg001.wav,Cyornis unicolor
data\processed\Psilopogon lineatus\21_seg004.wav,Psilopogon lineatus
data\processed\Mystery mystery\386_seg012.wav,Mystery mystery
data\processed\Mystery mystery\309_seg010.wav,Mystery mystery
data\processed\Mystery mystery\379_seg009.wav,Mystery mystery
data\processed\Sphenocichla humei\19_seg006.wav,Sphenocichla humei
data\processed\Mystery mystery\301_seg032.wav,Mystery mystery
data\processed\Loriculus vernalis\28_seg020.wav,Loriculus vernalis
data\processed\Pnoepyga pusilla\15_seg002.wav,Pnoepyga pusilla
data\processed\Mystery mystery\121_seg008.wav,Mystery mystery
data\processed\Pellorneum ruficeps\26_seg005.wav,Pellorneum ruficeps
data\processed\Mystery mystery\325_seg000.wav,Mystery mystery
data\processed\Halcyon coromanda\5_seg000.wav,Halcyon coromanda
data\processed\Alcippe cinerea\4_seg009.wav,Alcippe cinerea
data\processed\Dicaeum chrysorrheum\1_seg018.wav,Dicaeum chrysorrheum
data\processed\Mystery mystery\266_seg000.wav,Mystery mystery
data\processed\Arachnothera magna\4_seg000.wav,Arachnothera magna
data\processed\Loriculus vernalis\20_seg003.wav,Loriculus vernalis
data\processed\noise\Alcippe_cinerea__10__seg011.wav,noise
data\processed\Sphenocichla humei\5_seg003.wav,Sphenocichla humei
data\processed\Cyornis unicolor\5_seg001.wav,Cyornis unicolor
data\processed\Mystery mystery\354_seg004.wav,Mystery mystery
data\processed\Mystery mystery\300_seg064.wav,Mystery mystery
data\processed\Mystery mystery\238_seg006.wav,Mystery mystery
data\processed\Mystery mystery\80_seg004.wav,Mystery mystery
data\processed\Arachnothera magna\3_seg004.wav,Arachnothera magna
data\processed\Psilopogon lineatus\2_seg000.wav,Psilopogon lineatus
data\processed\Mystery mystery\224_seg003.wav,Mystery mystery
data\processed\Mystery mystery\369_seg000.wav,Mystery mystery
data\processed\noise\Mystery_mystery__369__seg005.wav,noise
data\processed\Cuculus micropterus\60_seg002.wav,Cuculus micropterus
data\processed\Mystery mystery\360_seg016.wav,Mystery mystery
data\processed\Rimator malacoptilus\7_seg002.wav,Rimator malacoptilus
data\processed\Mystery mystery\110_seg015.wav,Mystery mystery
data\processed\Mystery mystery\301_seg029.wav,Mystery mystery
data\processed\Pellorneum ruficeps\37_seg000.wav,Pellorneum ruficeps
data\processed\Mystery mystery\432_seg014.wav,Mystery mystery
data\processed\Cyornis poliogenys\25_seg003.wav,Cyornis poliogenys
data\processed\Mystery mystery\288_seg000.wav,Mystery mystery
data\processed\Mystery mystery\377_seg038.wav,Mystery mystery
data\processed\Mystery mystery\360_seg002.wav,Mystery mystery
data\processed\Mystery mystery\332_seg035.wav,Mystery mystery
data\processed\Psilopogon lineatus\1_seg002.wav,Psilopogon lineatus
data\processed\Dicaeum chrysorrheum\1_seg011.wav,Dicaeum chrysorrheum
data\processed\noise\Mystery_mystery__341__seg017.wav,noise
data\processed\Cuculus micropterus\56_seg002.wav,Cuculus micropterus
data\processed\Cuculus micropterus\10_seg003.wav,Cuculus micropterus
data\processed\noise\Pellorneum_ruficeps__73__seg005.wav,noise
data\processed\Pnoepyga pusilla\15_seg001.wav,Pnoepyga pusilla
data\processed\Mystery mystery\413_seg009.wav,Mystery mystery
data\processed\Macronus gularis\8_seg008.wav,Macronus gularis
data\processed\Argya longirostris\3_seg001.wav,Argya longirostris
data\processed\Acridotheres fuscus\5_seg004.wav,Acridotheres fuscus
data\processed\Dicaeum cruentatum\1_seg020.wav,Dicaeum cruentatum
data\processed\Mystery mystery\285_seg004.wav,Mystery mystery
data\processed\Pellorneum ruficeps\50_seg017.wav,Pellorneum ruficeps
data\processed\Mystery mystery\310_seg015.wav,Mystery mystery
data\processed\Dicaeum minullum\2_seg003.wav,Dicaeum minullum
data\processed\Mystery mystery\415_seg017.wav,Mystery mystery
data\processed\Stachyridopsis ambigua\1_seg000.wav,Stachyridopsis ambigua
data\processed\Mystery mystery\343_seg031.wav,Mystery mystery
data\processed\Acridotheres fuscus\11_seg000.wav,Acridotheres fuscus
data\processed\Mystery mystery\11_seg024.wav,Mystery mystery
data\processed\Pnoepyga pusilla\22_seg007.wav,Pnoepyga pusilla
data\processed\Liocichla phoenicea\13_seg046.wav,Liocichla phoenicea
data\processed\noise\Chloropsis__2__seg006.wav,noise
data\processed\noise\Mystery_mystery__418__seg007.wav,noise
data\processed\noise\Mystery_mystery__332__seg002.wav,noise
data\processed\Cyornis poliogenys\1_seg001.wav,Cyornis poliogenys
data\processed\Macronus gularis\16_seg006.wav,Macronus gularis
data\processed\noise\Mystery_mystery__332__seg012.wav,noise
data\processed\Mystery mystery\336_seg039.wav,Mystery mystery
data\processed\Cuculus micropterus\9_seg003.wav,Cuculus micropterus
data\processed\Chelidorhynx hypoxanthus\14_seg002.wav,Chelidorhynx hypoxanthus
data\processed\Arachnothera magna\8_seg008.wav,Arachnothera magna
data\processed\Sturnia malabarica\9_seg004.wav,Sturnia malabarica
data\processed\Dicaeum cruentatum\5_seg002.wav,Dicaeum cruentatum
data\processed\Macronus gularis\24_seg000.wav,Macronus gularis
data\processed\Mystery mystery\110_seg006.wav,Mystery mystery
data\processed\Mystery mystery\341_seg009.wav,Mystery mystery
data\processed\Cyornis magnirostris\3_seg003.wav,Cyornis magnirostris
data\processed\Chloropsis\8_seg007.wav,Chloropsis
data\processed\Mystery mystery\351_seg008.wav,Mystery mystery
data\processed\Acridotheres fuscus\9_seg014.wav,Acridotheres fuscus
data\processed\Chloropsis jerdoni\1_seg013.wav,Chloropsis jerdoni
data\processed\Mystery mystery\223_seg009.wav,Mystery mystery
data\processed\Mystery mystery\267_seg003.wav,Mystery mystery
data\processed\Mystery mystery\230_seg000.wav,Mystery mystery
data\processed\Cyornis unicolor\15_seg020.wav,Cyornis unicolor
data\processed\Mystery mystery\442_seg037.wav,Mystery mystery
data\processed\Pellorneum ruficeps\83_seg018.wav,Pellorneum ruficeps
data\processed\Mystery mystery\377_seg005.wav,Mystery mystery
data\processed\Mystery mystery\313_seg008.wav,Mystery mystery
data\processed\Cypsiurus balasiensis\1_seg000.wav,Cypsiurus balasiensis
data\processed\Mystery mystery\19_seg046.wav,Mystery mystery
data\processed\Chelidorhynx hypoxanthus\2_seg001.wav,Chelidorhynx hypoxanthus
data\processed\Psilopogon lineatus\9_seg002.wav,Psilopogon lineatus
data\processed\Cyornis unicolor\19_seg010.wav,Cyornis unicolor
data\processed\noise\Psittacula_eupatria__27__seg009.wav,noise
data\processed\Mystery mystery\373_seg073.wav,Mystery mystery
data\processed\Glaucidium cuculoides\23_seg003.wav,Glaucidium cuculoides
data\processed\Mystery mystery\327_seg043.wav,Mystery mystery
data\processed\Sphenocichla humei\40_seg006.wav,Sphenocichla humei
data\processed\Pomatorhinus ruficollis\31_seg008.wav,Pomatorhinus ruficollis
data\processed\Mystery mystery\129_seg001.wav,Mystery mystery
data\processed\Chloropsis jerdoni\1_seg012.wav,Chloropsis jerdoni
data\processed\Sphenocichla humei\41_seg002.wav,Sphenocichla humei
data\processed\noise\Dicrurus_andamanensis__7__seg005.wav,noise
data\processed\Mystery mystery\179_seg000.wav,Mystery mystery
data\processed\Mystery mystery\280_seg001.wav,Mystery mystery
data\processed\Alcippe cinerea\14_seg003.wav,Alcippe cinerea
data\processed\Arborophila torqueola\32_seg016.wav,Arborophila torqueola
data\processed\noise\Pellorneum_ruficeps__75__seg011.wav,noise
data\processed\Dicrurus andamanensis\20_seg001.wav,Dicrurus andamanensis
data\processed\Cuculus micropterus\35_seg002.wav,Cuculus micropterus
data\processed\Mystery mystery\325_seg031.wav,Mystery mystery
data\processed\Chloropsis\6_seg008.wav,Chloropsis
data\processed\Eurystomus orientalis\5_seg001.wav,Eurystomus orientalis
data\processed\Pellorneum ruficeps\94_seg002.wav,Pellorneum ruficeps
data\processed\Mystery mystery\336_seg029.wav,Mystery mystery
data\processed\Mystery mystery\76_seg000.wav,Mystery mystery
data\processed\Cuculus micropterus\10_seg011.wav,Cuculus micropterus
data\processed\Mystery mystery\421_seg010.wav,Mystery mystery
data\processed\Cyornis unicolor\19_seg006.wav,Cyornis unicolor
data\processed\Mystery mystery\75_seg002.wav,Mystery mystery
data\processed\Mystery mystery\196_seg000.wav,Mystery mystery
data\processed\Sphenocichla humei\15_seg005.wav,Sphenocichla humei
data\processed\Pellorneum ruficeps\15_seg001.wav,Pellorneum ruficeps
data\processed\Mystery mystery\327_seg013.wav,Mystery mystery
data\processed\Mystery mystery\231_seg001.wav,Mystery mystery
data\processed\Chelidorhynx hypoxanthus\10_seg007.wav,Chelidorhynx hypoxanthus
data\processed\Iole cacharensis\1_seg000.wav,Iole cacharensis
data\processed\Liocichla phoenicea\11_seg006.wav,Liocichla phoenicea
data\processed\Macronus gularis\20_seg005.wav,Macronus gularis
data\processed\Mystery mystery\328_seg011.wav,Mystery mystery
data\processed\noise\Sphenocichla_humei__19__seg002.wav,noise
data\processed\Pellorneum ruficeps\9_seg001.wav,Pellorneum ruficeps
data\processed\Cyornis unicolor\1_seg012.wav,Cyornis unicolor
data\processed\Pnoepyga pusilla\17_seg009.wav,Pnoepyga pusilla
data\processed\Dicaeum chrysorrheum\1_seg009.wav,Dicaeum chrysorrheum
data\processed\Mystery mystery\442_seg009.wav,Mystery mystery
data\processed\Cyornis poliogenys\19_seg003.wav,Cyornis poliogenys
data\processed\Mystery mystery\413_seg008.wav,Mystery mystery
data\processed\Pluvialis squatarola\1_seg014.wav,Pluvialis squatarola
data\processed\Chloropsis\14_seg093.wav,Chloropsis
data\processed\Chelidorhynx hypoxanthus\5_seg004.wav,Chelidorhynx hypoxanthus
data\processed\Psilopogon lineatus\21_seg000.wav,Psilopogon lineatus
data\processed\Centropus andamanensis\15_seg004.wav,Centropus andamanensis
data\processed\Chloropsis\8_seg009.wav,Chloropsis
data\processed\Centropus andamanensis\10_seg000.wav,Centropus andamanensis
data\processed\Mystery mystery\384_seg007.wav,Mystery mystery
data\processed\Arborophila torqueola\13_seg033.wav,Arborophila torqueola
data\processed\Arborophila torqueola\6_seg009.wav,Arborophila torqueola
data\processed\Alcippe cinerea\11_seg000.wav,Alcippe cinerea
data\processed\Chloropsis\7_seg006.wav,Chloropsis
data\processed\Mystery mystery\342_seg002.wav,Mystery mystery
data\processed\Chloropsis\18_seg005.wav,Chloropsis
data\processed\Loriculus vernalis\25_seg005.wav,Loriculus vernalis
data\processed\Pellorneum ruficeps\87_seg023.wav,Pellorneum ruficeps
data\processed\Psittacula eupatria\6_seg014.wav,Psittacula eupatria
data\processed\Mystery mystery\336_seg086.wav,Mystery mystery
data\processed\Mystery mystery\216_seg002.wav,Mystery mystery
data\processed\Cyornis unicolor\24_seg008.wav,Cyornis unicolor
data\processed\Mystery mystery\333_seg000.wav,Mystery mystery
data\processed\Mystery mystery\328_seg020.wav,Mystery mystery
data\processed\Mystery mystery\124_seg004.wav,Mystery mystery
data\processed\Mystery mystery\360_seg036.wav,Mystery mystery
data\processed\Liocichla phoenicea\19_seg003.wav,Liocichla phoenicea
data\processed\Glaucidium cuculoides\15_seg011.wav,Glaucidium cuculoides
data\processed\Mystery mystery\415_seg006.wav,Mystery mystery
data\processed\Mystery mystery\256_seg003.wav,Mystery mystery
data\processed\Mystery mystery\365_seg008.wav,Mystery mystery
data\processed\Cyornis unicolor\12_seg002.wav,Cyornis unicolor
data\processed\Cyornis unicolor\5_seg008.wav,Cyornis unicolor
data\processed\Mystery mystery\62_seg020.wav,Mystery mystery
data\processed\Pomatorhinus ruficollis\21_seg000.wav,Pomatorhinus ruficollis
data\processed\Psittacula eupatria\18_seg004.wav,Psittacula eupatria
data\processed\Mystery mystery\307_seg011.wav,Mystery mystery
data\processed\Loriculus vernalis\15_seg005.wav,Loriculus vernalis
data\processed\Pellorneum ruficeps\20_seg004.wav,Pellorneum ruficeps
data\processed\Chloropsis\14_seg024.wav,Chloropsis
data\processed\Mystery mystery\377_seg020.wav,Mystery mystery
data\processed\noise\Pellorneum_ruficeps__86__seg040.wav,noise
data\processed\Mystery mystery\300_seg010.wav,Mystery mystery
data\processed\Glaucidium cuculoides\31_seg081.wav,Glaucidium cuculoides
data\processed\Alcippe cinerea\14_seg007.wav,Alcippe cinerea
data\processed\Cyornis poliogenys\19_seg007.wav,Cyornis poliogenys
data\processed\Mystery mystery\341_seg015.wav,Mystery mystery
data\processed\Pellorneum ruficeps\87_seg018.wav,Pellorneum ruficeps
data\processed\Psittacula eupatria\28_seg008.wav,Psittacula eupatria
data\processed\Phylloscopus forresti\3_seg000.wav,Phylloscopus forresti
data\processed\Arborophila torqueola\9_seg012.wav,Arborophila torqueola
data\processed\Mystery mystery\239_seg011.wav,Mystery mystery
data\processed\Mystery mystery\431_seg007.wav,Mystery mystery
data\processed\Mystery mystery\11_seg020.wav,Mystery mystery
data\processed\Mystery mystery\246_seg011.wav,Mystery mystery
data\processed\Pellorneum ruficeps\17_seg003.wav,Pellorneum ruficeps
data\processed\Cyornis poliogenys\24_seg010.wav,Cyornis poliogenys
data\processed\noise\Pellorneum_ruficeps__86__seg060.wav,noise
data\processed\Mystery mystery\60_seg004.wav,Mystery mystery
data\processed\Loriculus vernalis\32_seg002.wav,Loriculus vernalis
data\processed\Arborophila torqueola\6_seg004.wav,Arborophila torqueola
data\processed\Chelidorhynx hypoxanthus\8_seg003.wav,Chelidorhynx hypoxanthus
data\processed\Cyornis unicolor\4_seg020.wav,Cyornis unicolor
data\processed\Mystery mystery\384_seg006.wav,Mystery mystery
data\processed\Mystery mystery\300_seg052.wav,Mystery mystery
data\processed\Arborophila torqueola\8_seg013.wav,Arborophila torqueola
data\processed\Mystery mystery\48_seg001.wav,Mystery mystery
data\processed\Mystery mystery\319_seg000.wav,Mystery mystery
data\processed\Mystery mystery\369_seg010.wav,Mystery mystery
data\processed\Mystery mystery\19_seg010.wav,Mystery mystery
data\processed\Mystery mystery\403_seg001.wav,Mystery mystery
data\processed\Cyornis poliogenys\29_seg008.wav,Cyornis poliogenys
data\processed\Rimator malacoptilus\16_seg002.wav,Rimator malacoptilus
data\processed\Sphenocichla humei\22_seg020.wav,Sphenocichla humei
data\processed\Mystery mystery\217_seg009.wav,Mystery mystery
data\processed\Pellorneum ruficeps\76_seg010.wav,Pellorneum ruficeps
data\processed\Pnoepyga pusilla\1_seg007.wav,Pnoepyga pusilla
data\processed\Mystery mystery\269_seg009.wav,Mystery mystery
data\processed\Cuculus micropterus\22_seg001.wav,Cuculus micropterus
data\processed\Mystery mystery\258_seg000.wav,Mystery mystery
data\processed\Acridotheres fuscus\7_seg008.wav,Acridotheres fuscus
data\processed\Mystery mystery\2_seg004.wav,Mystery mystery
data\processed\Arachnothera magna\1_seg004.wav,Arachnothera magna
data\processed\Pellorneum ruficeps\25_seg001.wav,Pellorneum ruficeps
data\processed\Pomatorhinus ruficollis\41_seg000.wav,Pomatorhinus ruficollis
data\processed\Sphenocichla humei\30_seg004.wav,Sphenocichla humei
data\processed\Argya longirostris\9_seg000.wav,Argya longirostris
data\processed\Sphenocichla humei\40_seg005.wav,Sphenocichla humei
data\processed\Cyornis unicolor\10_seg035.wav,Cyornis unicolor
data\processed\noise\Mystery_mystery__250__seg017.wav,noise
data\processed\Mystery mystery\305_seg011.wav,Mystery mystery
data\processed\Pomatorhinus ruficollis\10_seg006.wav,Pomatorhinus ruficollis
data\processed\Mystery mystery\250_seg014.wav,Mystery mystery
data\processed\Sphenocichla humei\27_seg001.wav,Sphenocichla humei
data\processed\noise\Cyornis_magnirostris__5__seg021.wav,noise
data\processed\Mystery mystery\443_seg009.wav,Mystery mystery
data\processed\Mystery mystery\46_seg005.wav,Mystery mystery
data\processed\Mystery mystery\43_seg046.wav,Mystery mystery
data\processed\Mystery mystery\62_seg023.wav,Mystery mystery
data\processed\noise\Mystery_mystery__250__seg019.wav,noise
data\processed\Mystery mystery\296_seg029.wav,Mystery mystery
data\processed\Pellorneum ruficeps\86_seg005.wav,Pellorneum ruficeps
data\processed\noise\Pellorneum_ruficeps__74__seg042.wav,noise
data\processed\Alcippe cinerea\13_seg002.wav,Alcippe cinerea
data\processed\Chloropsis jerdoni\5_seg021.wav,Chloropsis jerdoni
data\processed\Loriculus vernalis\28_seg014.wav,Loriculus vernalis
data\processed\Acridotheres fuscus\9_seg010.wav,Acridotheres fuscus
data\processed\Mystery mystery\16_seg032.wav,Mystery mystery
data\processed\Psilopogon lineatus\15_seg011.wav,Psilopogon lineatus
data\processed\Pellorneum ruficeps\26_seg025.wav,Pellorneum ruficeps
data\processed\Pellorneum ruficeps\19_seg003.wav,Pellorneum ruficeps
data\processed\Mystery mystery\359_seg000.wav,Mystery mystery
data\processed\Mystery mystery\433_seg034.wav,Mystery mystery
data\processed\Pellorneum ruficeps\25_seg008.wav,Pellorneum ruficeps
data\processed\Macronus gularis\10_seg001.wav,Macronus gularis
data\processed\Liocichla phoenicea\21_seg007.wav,Liocichla phoenicea
data\processed\Mystery mystery\43_seg003.wav,Mystery mystery
data\processed\Chloropsis\14_seg046.wav,Chloropsis
data\processed\Acridotheres fuscus\1_seg003.wav,Acridotheres fuscus
data\processed\Mystery mystery\310_seg020.wav,Mystery mystery
data\processed\noise\Pomatorhinus_ruficollis__9__seg010.wav,noise
data\processed\Arborophila torqueola\25_seg011.wav,Arborophila torqueola
data\processed\Pomatorhinus ruficollis\31_seg005.wav,Pomatorhinus ruficollis
data\processed\Argya longirostris\2_seg005.wav,Argya longirostris
data\processed\Arborophila torqueola\8_seg014.wav,Arborophila torqueola
data\processed\Mystery mystery\429_seg002.wav,Mystery mystery
data\processed\Glaucidium cuculoides\29_seg001.wav,Glaucidium cuculoides
data\processed\Pnoepyga pusilla\5_seg001.wav,Pnoepyga pusilla
data\processed\noise\Sphenocichla_humei__19__seg000.wav,noise
data\processed\Mystery mystery\406_seg003.wav,Mystery mystery
data\processed\Chloropsis\15_seg001.wav,Chloropsis
data\processed\Dicaeum cruentatum\1_seg008.wav,Dicaeum cruentatum
data\processed\Chloropsis\17_seg001.wav,Chloropsis
data\processed\noise\Dicrurus_andamanensis__18__seg004.wav,noise
data\processed\Mystery mystery\409_seg030.wav,Mystery mystery
data\processed\Pellorneum ruficeps\39_seg008.wav,Pellorneum ruficeps
data\processed\Cyornis unicolor\27_seg009.wav,Cyornis unicolor
data\processed\noise\Rimator_malacoptilus__5__seg010.wav,noise
data\processed\Mystery mystery\25_seg016.wav,Mystery mystery
data\processed\Liocichla phoenicea\13_seg027.wav,Liocichla phoenicea
data\processed\noise\Mystery_mystery__17__seg005.wav,noise
data\processed\Pnoepyga pusilla\2_seg003.wav,Pnoepyga pusilla
data\processed\noise\Argya_longirostris__7__seg006.wav,noise
data\processed\Spelaeornis oatesi\4_seg000.wav,Spelaeornis oatesi
data\processed\Macronus gularis\17_seg003.wav,Macronus gularis
data\processed\Macronus gularis\5_seg000.wav,Macronus gularis
data\processed\Psittacula eupatria\2_seg002.wav,Psittacula eupatria
data\processed\Pnoepyga pusilla\5_seg005.wav,Pnoepyga pusilla
data\processed\Centropus andamanensis\4_seg015.wav,Centropus andamanensis
data\processed\Glaucidium cuculoides\29_seg019.wav,Glaucidium cuculoides
data\processed\Pnoepyga pusilla\1_seg008.wav,Pnoepyga pusilla
data\processed\Alcippe cinerea\1_seg005.wav,Alcippe cinerea
data\processed\Loriculus vernalis\5_seg003.wav,Loriculus vernalis
data\processed\noise\Mystery_mystery__387__seg001.wav,noise
data\processed\Chloropsis\15_seg000.wav,Chloropsis
data\processed\Liocichla phoenicea\13_seg043.wav,Liocichla phoenicea
data\processed\Mystery mystery\16_seg011.wav,Mystery mystery
data\processed\Halcyon coromanda\6_seg003.wav,Halcyon coromanda
data\processed\Liocichla phoenicea\12_seg015.wav,Liocichla phoenicea
data\processed\Todiramphus chloris\1_seg003.wav,Todiramphus chloris
data\processed\Pellorneum ruficeps\63_seg003.wav,Pellorneum ruficeps
data\processed\Pellorneum ruficeps\101_seg003.wav,Pellorneum ruficeps
data\processed\Pellorneum ruficeps\17_seg025.wav,Pellorneum ruficeps
data\processed\Mystery mystery\291_seg001.wav,Mystery mystery
data\processed\Macronus gularis\22_seg001.wav,Macronus gularis
data\processed\Mystery mystery\277_seg001.wav,Mystery mystery
data\processed\Chloropsis\5_seg012.wav,Chloropsis
data\processed\Cuculus micropterus\30_seg008.wav,Cuculus micropterus
data\processed\Arborophila torqueola\7_seg005.wav,Arborophila torqueola
data\processed\Cyornis unicolor\20_seg012.wav,Cyornis unicolor
data\processed\Psittacula eupatria\16_seg001.wav,Psittacula eupatria
data\processed\Pellorneum ruficeps\62_seg000.wav,Pellorneum ruficeps
data\processed\Stachyridopsis ambigua\15_seg008.wav,Stachyridopsis ambigua
data\processed\Glaucidium cuculoides\25_seg001.wav,Glaucidium cuculoides
data\processed\Pellorneum ruficeps\20_seg001.wav,Pellorneum ruficeps
data\processed\Pellorneum ruficeps\65_seg021.wav,Pellorneum ruficeps
data\processed\Dicrurus andamanensis\9_seg006.wav,Dicrurus andamanensis
data\processed\Mystery mystery\24_seg009.wav,Mystery mystery
data\processed\Rimator malacoptilus\12_seg000.wav,Rimator malacoptilus
data\processed\Rimator malacoptilus\13_seg000.wav,Rimator malacoptilus
data\processed\Argya longirostris\9_seg003.wav,Argya longirostris
data\processed\Chloropsis\10_seg010.wav,Chloropsis
data\processed\Loriculus vernalis\16_seg008.wav,Loriculus vernalis
data\processed\Mystery mystery\217_seg004.wav,Mystery mystery
data\processed\Cuculus micropterus\66_seg009.wav,Cuculus micropterus
data\processed\Mystery mystery\306_seg017.wav,Mystery mystery
data\processed\Mystery mystery\306_seg000.wav,Mystery mystery
data\processed\Sturnia malabarica\9_seg005.wav,Sturnia malabarica
data\processed\Stachyridopsis ambigua\7_seg003.wav,Stachyridopsis ambigua
data\processed\Sphenocichla humei\38_seg008.wav,Sphenocichla humei
data\processed\noise\Sphenocichla_humei__22__seg012.wav,noise
data\processed\Argya longirostris\6_seg002.wav,Argya longirostris
data\processed\Cyornis magnirostris\5_seg002.wav,Cyornis magnirostris
data\processed\noise\Mystery_mystery__400__seg003.wav,noise
data\processed\Psittacula eupatria\5_seg009.wav,Psittacula eupatria
data\processed\Pellorneum ruficeps\48_seg003.wav,Pellorneum ruficeps
data\processed\Mystery mystery\116_seg009.wav,Mystery mystery
data\processed\Mystery mystery\414_seg029.wav,Mystery mystery
data\processed\Halcyon coromanda\7_seg004.wav,Halcyon coromanda
data\processed\Mystery mystery\39_seg035.wav,Mystery mystery
data\processed\noise\Mystery_mystery__325__seg029.wav,noise
data\processed\Cyornis unicolor\27_seg002.wav,Cyornis unicolor
data\processed\Mystery mystery\146_seg004.wav,Mystery mystery
data\processed\Cypsiurus balasiensis\8_seg006.wav,Cypsiurus balasiensis
data\processed\Cyornis poliogenys\15_seg000.wav,Cyornis poliogenys
data\processed\Macronus gularis\24_seg003.wav,Macronus gularis
data\processed\Pnoepyga pusilla\12_seg008.wav,Pnoepyga pusilla
data\processed\Alcippe cinerea\19_seg007.wav,Alcippe cinerea
data\processed\Mystery mystery\259_seg001.wav,Mystery mystery
data\processed\Cuculus micropterus\3_seg001.wav,Cuculus micropterus
data\processed\Cuculus micropterus\48_seg000.wav,Cuculus micropterus
data\processed\Mystery mystery\41_seg000.wav,Mystery mystery
data\processed\Mystery mystery\415_seg015.wav,Mystery mystery
data\processed\Mystery mystery\5_seg003.wav,Mystery mystery
data\processed\Pellorneum ruficeps\13_seg002.wav,Pellorneum ruficeps
data\processed\Mystery mystery\110_seg044.wav,Mystery mystery
data\processed\noise\Loriculus_vernalis__10__seg002.wav,noise
data\processed\Sturnia malabarica\4_seg008.wav,Sturnia malabarica
data\processed\noise\Liocichla_phoenicea__4__seg013.wav,noise
data\processed\Mystery mystery\300_seg016.wav,Mystery mystery
data\processed\Psittacula eupatria\28_seg006.wav,Psittacula eupatria
data\processed\Mystery mystery\119_seg001.wav,Mystery mystery
data\processed\noise\Cyornis_poliogenys__22__seg009.wav,noise
data\processed\Mystery mystery\343_seg007.wav,Mystery mystery
data\processed\Psilopogon lineatus\21_seg021.wav,Psilopogon lineatus
data\processed\Mystery mystery\442_seg046.wav,Mystery mystery
data\processed\Mystery mystery\85_seg001.wav,Mystery mystery
data\processed\noise\Mystery_mystery__122__seg003.wav,noise
data\processed\Mystery mystery\363_seg003.wav,Mystery mystery
data\processed\Pnoepyga pusilla\10_seg004.wav,Pnoepyga pusilla
data\processed\Mystery mystery\217_seg007.wav,Mystery mystery
data\processed\Mystery mystery\39_seg008.wav,Mystery mystery
data\processed\Mystery mystery\328_seg021.wav,Mystery mystery
data\processed\Cyornis poliogenys\18_seg012.wav,Cyornis poliogenys
data\processed\Loriculus vernalis\15_seg000.wav,Loriculus vernalis
data\processed\Rimator malacoptilus\16_seg003.wav,Rimator malacoptilus
data\processed\noise\Cyornis_magnirostris__6__seg014.wav,noise
data\processed\Pomatorhinus ruficollis\26_seg002.wav,Pomatorhinus ruficollis
data\processed\Mystery mystery\388_seg001.wav,Mystery mystery
data\processed\Pomatorhinus ruficollis\38_seg002.wav,Pomatorhinus ruficollis
data\processed\Sturnia malabarica\10_seg002.wav,Sturnia malabarica
data\processed\Pellorneum ruficeps\17_seg024.wav,Pellorneum ruficeps
data\processed\noise\Pomatorhinus_ruficollis__11__seg005.wav,noise
data\processed\Arborophila torqueola\2_seg017.wav,Arborophila torqueola
data\processed\Centropus andamanensis\16_seg001.wav,Centropus andamanensis
data\processed\noise\Glaucidium_cuculoides__25__seg004.wav,noise
data\processed\Mystery mystery\377_seg009.wav,Mystery mystery
data\processed\noise\Liocichla_phoenicea__21__seg019.wav,noise
data\processed\Loriculus vernalis\1_seg003.wav,Loriculus vernalis
data\processed\Cuculus micropterus\60_seg018.wav,Cuculus micropterus
data\processed\Arborophila torqueola\13_seg011.wav,Arborophila torqueola
data\processed\Sphenocichla humei\1_seg010.wav,Sphenocichla humei
data\processed\Sphenocichla humei\4_seg003.wav,Sphenocichla humei
data\processed\noise\Sturnia_malabarica__16__seg012.wav,noise
data\processed\Cyornis poliogenys\23_seg000.wav,Cyornis poliogenys
data\processed\noise\Mystery_mystery__38__seg034.wav,noise
data\processed\Mystery mystery\428_seg020.wav,Mystery mystery
data\processed\Chloropsis\11_seg006.wav,Chloropsis
data\processed\Arborophila torqueola\19_seg001.wav,Arborophila torqueola
data\processed\Mystery mystery\443_seg017.wav,Mystery mystery
data\processed\Cuculus micropterus\39_seg005.wav,Cuculus micropterus
data\processed\Mystery mystery\425_seg015.wav,Mystery mystery
data\processed\Pellorneum ruficeps\45_seg000.wav,Pellorneum ruficeps
data\processed\Pellorneum ruficeps\6_seg001.wav,Pellorneum ruficeps
data\processed\Liocichla phoenicea\12_seg003.wav,Liocichla phoenicea
data\processed\Pellorneum ruficeps\16_seg022.wav,Pellorneum ruficeps
data\processed\Mystery mystery\297_seg021.wav,Mystery mystery
data\processed\Mystery mystery\423_seg008.wav,Mystery mystery
data\processed\Mystery mystery\38_seg038.wav,Mystery mystery
data\processed\Psittacula eupatria\8_seg029.wav,Psittacula eupatria
data\processed\Cuculus micropterus\6_seg001.wav,Cuculus micropterus
data\processed\Mystery mystery\336_seg006.wav,Mystery mystery
data\processed\noise\Sphenocichla_humei__22__seg013.wav,noise
data\processed\Pellorneum ruficeps\27_seg006.wav,Pellorneum ruficeps
data\processed\Pomatorhinus ruficollis\24_seg011.wav,Pomatorhinus ruficollis
data\processed\Pellorneum ruficeps\70_seg006.wav,Pellorneum ruficeps
data\processed\Cyornis unicolor\15_seg000.wav,Cyornis unicolor
data\processed\Arachnothera magna\1_seg012.wav,Arachnothera magna
data\processed\Polyplectron bicalcaratum\6_seg003.wav,Polyplectron bicalcaratum
data\processed\Cuculus micropterus\58_seg001.wav,Cuculus micropterus
data\processed\Glaucidium cuculoides\30_seg025.wav,Glaucidium cuculoides
data\processed\Cyornis poliogenys\8_seg000.wav,Cyornis poliogenys
data\processed\Sphenocichla humei\38_seg010.wav,Sphenocichla humei
data\processed\Mystery mystery\36_seg002.wav,Mystery mystery
data\processed\Arborophila torqueola\3_seg014.wav,Arborophila torqueola
data\processed\Cuculus micropterus\58_seg006.wav,Cuculus micropterus
data\processed\Mystery mystery\246_seg012.wav,Mystery mystery
data\processed\Chloropsis\2_seg014.wav,Chloropsis
data\processed\Chloropsis\14_seg033.wav,Chloropsis
data\processed\Cyornis poliogenys\13_seg005.wav,Cyornis poliogenys
data\processed\noise\Centropus_andamanensis__6__seg003.wav,noise
data\processed\Mystery mystery\110_seg019.wav,Mystery mystery
data\processed\Mystery mystery\312_seg025.wav,Mystery mystery
data\processed\Liocichla phoenicea\23_seg000.wav,Liocichla phoenicea
data\processed\noise\Pomatorhinus_ruficollis__14__seg003.wav,noise
data\processed\Mystery mystery\312_seg014.wav,Mystery mystery
data\processed\Cypsiurus balasiensis\8_seg000.wav,Cypsiurus balasiensis
data\processed\Glaucidium cuculoides\13_seg004.wav,Glaucidium cuculoides
data\processed\Mystery mystery\62_seg027.wav,Mystery mystery
data\processed\Chloropsis\14_seg035.wav,Chloropsis
data\processed\Mystery mystery\333_seg005.wav,Mystery mystery
data\processed\Mystery mystery\19_seg072.wav,Mystery mystery
data\processed\noise\Cyornis_poliogenys__6__seg004.wav,noise
data\processed\Psittacula eupatria\8_seg006.wav,Psittacula eupatria
data\processed\Mystery mystery\142_seg000.wav,Mystery mystery
data\processed\Mystery mystery\371_seg013.wav,Mystery mystery
data\processed\Sphenocichla humei\4_seg004.wav,Sphenocichla humei
data\processed\noise\Motacilla_citreola__14__seg001.wav,noise
data\processed\noise\Mystery_mystery__337__seg012.wav,noise
data\processed\Mystery mystery\432_seg013.wav,Mystery mystery
data\processed\Mystery mystery\287_seg007.wav,Mystery mystery
data\processed\Mystery mystery\328_seg024.wav,Mystery mystery
data\processed\noise\Mystery_mystery__337__seg011.wav,noise
data\processed\Mystery mystery\410_seg031.wav,Mystery mystery
data\processed\Liocichla phoenicea\10_seg008.wav,Liocichla phoenicea
data\processed\Mystery mystery\297_seg024.wav,Mystery mystery
data\processed\Chelidorhynx hypoxanthus\9_seg018.wav,Chelidorhynx hypoxanthus
data\processed\Pellorneum ruficeps\16_seg025.wav,Pellorneum ruficeps
data\processed\Pellorneum ruficeps\80_seg006.wav,Pellorneum ruficeps
data\processed\Pellorneum ruficeps\20_seg005.wav,Pellorneum ruficeps
data\processed\Pellorneum ruficeps\50_seg003.wav,Pellorneum ruficeps
data\processed\Pomatorhinus ruficollis\27_seg003.wav,Pomatorhinus ruficollis
data\processed\Cyornis unicolor\27_seg007.wav,Cyornis unicolor
data\processed\Rimator malacoptilus\7_seg003.wav,Rimator malacoptilus
data\processed\Mystery mystery\273_seg002.wav,Mystery mystery
data\processed\Dicrurus andamanensis\15_seg016.wav,Dicrurus andamanensis
data\processed\noise\Pnoepyga_pusilla__9__seg005.wav,noise
data\processed\Mystery mystery\226_seg005.wav,Mystery mystery
data\processed\Mystery mystery\412_seg013.wav,Mystery mystery
data\processed\Dicaeum chrysorrheum\1_seg002.wav,Dicaeum chrysorrheum
data\processed\Rimator malacoptilus\14_seg013.wav,Rimator malacoptilus
data\processed\Locustella davidi\8_seg001.wav,Locustella davidi
data\processed\Pellorneum ruficeps\23_seg005.wav,Pellorneum ruficeps
data\processed\noise\Sturnia_malabarica__16__seg001.wav,noise
data\processed\Sphenocichla humei\29_seg009.wav,Sphenocichla humei
data\processed\Rimator malacoptilus\2_seg031.wav,Rimator malacoptilus
data\processed\Pomatorhinus ruficollis\30_seg011.wav,Pomatorhinus ruficollis
data\processed\Psilopogon lineatus\19_seg005.wav,Psilopogon lineatus
data\processed\noise\Sphenocichla_humei__22__seg023.wav,noise
data\processed\Pnoepyga pusilla\24_seg005.wav,Pnoepyga pusilla
data\processed\Cyornis poliogenys\27_seg003.wav,Cyornis poliogenys
data\processed\Mystery mystery\223_seg014.wav,Mystery mystery
data\processed\Mystery mystery\377_seg042.wav,Mystery mystery
data\processed\Mystery mystery\307_seg010.wav,Mystery mystery
data\processed\noise\Eurystomus_orientalis__1__seg007.wav,noise
data\processed\Mystery mystery\285_seg005.wav,Mystery mystery
data\processed\Acridotheres fuscus\10_seg000.wav,Acridotheres fuscus
data\processed\Pellorneum ruficeps\67_seg012.wav,Pellorneum ruficeps
data\processed\Mystery mystery\343_seg036.wav,Mystery mystery
data\processed\Cyornis unicolor\16_seg014.wav,Cyornis unicolor
data\processed\Cuculus micropterus\8_seg000.wav,Cuculus micropterus
data\processed\Cypsiurus balasiensis\4_seg004.wav,Cypsiurus balasiensis
data\processed\Dicrurus andamanensis\10_seg009.wav,Dicrurus andamanensis
data\processed\Arborophila torqueola\2_seg030.wav,Arborophila torqueola
data\processed\Macronus gularis\21_seg018.wav,Macronus gularis
data\processed\Pnoepyga pusilla\7_seg002.wav,Pnoepyga pusilla
data\processed\Mystery mystery\373_seg039.wav,Mystery mystery
data\processed\Arachnothera magna\9_seg001.wav,Arachnothera magna
data\processed\Macronus gularis\17_seg020.wav,Macronus gularis
data\processed\Mystery mystery\433_seg018.wav,Mystery mystery
data\processed\Pellorneum ruficeps\78_seg009.wav,Pellorneum ruficeps
data\processed\Pellorneum ruficeps\59_seg005.wav,Pellorneum ruficeps
data\processed\Pomatorhinus ruficollis\24_seg019.wav,Pomatorhinus ruficollis
data\processed\Cyornis unicolor\8_seg006.wav,Cyornis unicolor
data\processed\Mystery mystery\150_seg000.wav,Mystery mystery
data\processed\noise\Pellorneum_ruficeps__48__seg002.wav,noise
data\processed\Liocichla phoenicea\12_seg006.wav,Liocichla phoenicea
data\processed\Mystery mystery\428_seg001.wav,Mystery mystery
data\processed\Mystery mystery\124_seg000.wav,Mystery mystery
data\processed\Mystery mystery\438_seg000.wav,Mystery mystery
data\processed\Glaucidium cuculoides\31_seg067.wav,Glaucidium cuculoides
data\processed\Mystery mystery\298_seg005.wav,Mystery mystery
data\processed\noise\Pellorneum_ruficeps__74__seg023.wav,noise
data\processed\Arborophila torqueola\1_seg014.wav,Arborophila torqueola
data\processed\Pomatorhinus ruficollis\4_seg010.wav,Pomatorhinus ruficollis
data\processed\Cyornis unicolor\1_seg010.wav,Cyornis unicolor
data\processed\Argya longirostris\1_seg024.wav,Argya longirostris
data\processed\Mystery mystery\41_seg014.wav,Mystery mystery
data\processed\Pellorneum ruficeps\8_seg010.wav,Pellorneum ruficeps
data\processed\Pellorneum ruficeps\16_seg030.wav,Pellorneum ruficeps
data\processed\Cuculus micropterus\41_seg000.wav,Cuculus micropterus
data\processed\Psilopogon lineatus\21_seg009.wav,Psilopogon lineatus
data\processed\Lanius tephronotus\2_seg000.wav,Lanius tephronotus
data\processed\Chelidorhynx hypoxanthus\11_seg009.wav,Chelidorhynx hypoxanthus
data\processed\Loriculus vernalis\23_seg000.wav,Loriculus vernalis
data\processed\noise\Pellorneum_ruficeps__78__seg002.wav,noise
data\processed\Mystery mystery\312_seg010.wav,Mystery mystery
data\processed\Glaucidium cuculoides\30_seg004.wav,Glaucidium cuculoides
data\processed\Pomatorhinus ruficollis\31_seg001.wav,Pomatorhinus ruficollis
data\processed\Mystery mystery\162_seg004.wav,Mystery mystery
data\processed\Loriculus vernalis\18_seg002.wav,Loriculus vernalis
data\processed\Pnoepyga pusilla\19_seg011.wav,Pnoepyga pusilla
data\processed\Macronus gularis\3_seg003.wav,Macronus gularis
data\processed\Cyornis magnirostris\1_seg014.wav,Cyornis magnirostris
data\processed\Liocichla phoenicea\5_seg006.wav,Liocichla phoenicea
data\processed\noise\Pellorneum_ruficeps__86__seg028.wav,noise
data\processed\Mystery mystery\425_seg022.wav,Mystery mystery
data\processed\Alcippe cinerea\4_seg004.wav,Alcippe cinerea
data\processed\Chloropsis\14_seg086.wav,Chloropsis
data\processed\Cuculus micropterus\12_seg010.wav,Cuculus micropterus
data\processed\Glaucidium cuculoides\31_seg015.wav,Glaucidium cuculoides
data\processed\Cyornis unicolor\25_seg015.wav,Cyornis unicolor
data\processed\Mystery mystery\7_seg017.wav,Mystery mystery
data\processed\Sphenocichla humei\7_seg000.wav,Sphenocichla humei
data\processed\Chelidorhynx hypoxanthus\13_seg005.wav,Chelidorhynx hypoxanthus
data\processed\Mystery mystery\343_seg026.wav,Mystery mystery
data\processed\Pnoepyga pusilla\23_seg018.wav,Pnoepyga pusilla
data\processed\noise\Spelaeornis_oatesi__5__seg018.wav,noise
data\processed\Mystery mystery\38_seg006.wav,Mystery mystery
data\processed\Mystery mystery\258_seg009.wav,Mystery mystery
data\processed\Locustella davidi\1_seg011.wav,Locustella davidi
data\processed\Chloropsis\3_seg008.wav,Chloropsis
data\processed\Mystery mystery\327_seg011.wav,Mystery mystery
data\processed\Mystery mystery\222_seg002.wav,Mystery mystery
data\processed\Pellorneum ruficeps\100_seg000.wav,Pellorneum ruficeps
data\processed\noise\Spelaeornis_oatesi__5__seg013.wav,noise
data\processed\Pellorneum ruficeps\102_seg004.wav,Pellorneum ruficeps
data\processed\Aethopyga gouldiae\1_seg012.wav,Aethopyga gouldiae
data\processed\Pnoepyga pusilla\12_seg002.wav,Pnoepyga pusilla
data\processed\Cuculus micropterus\35_seg016.wav,Cuculus micropterus
data\processed\Macronus gularis\3_seg001.wav,Macronus gularis
data\processed\Cyornis unicolor\6_seg002.wav,Cyornis unicolor
data\processed\Alcippe cinerea\2_seg006.wav,Alcippe cinerea
data\processed\Glaucidium cuculoides\17_seg000.wav,Glaucidium cuculoides
data\processed\Cyornis unicolor\20_seg006.wav,Cyornis unicolor
data\processed\noise\Pellorneum_ruficeps__74__seg033.wav,noise
data\processed\Glaucidium cuculoides\26_seg003.wav,Glaucidium cuculoides
data\processed\noise\Todiramphus_chloris__4__seg006.wav,noise
data\processed\Mystery mystery\35_seg032.wav,Mystery mystery
data\processed\Mystery mystery\384_seg004.wav,Mystery mystery
data\processed\Centropus andamanensis\12_seg008.wav,Centropus andamanensis
data\processed\Cyornis unicolor\20_seg007.wav,Cyornis unicolor
data\processed\noise\Psilopogon_lineatus__13__seg018.wav,noise
data\processed\Eurystomus orientalis\1_seg008.wav,Eurystomus orientalis
data\processed\Pellorneum ruficeps\46_seg001.wav,Pellorneum ruficeps
data\processed\noise\Rimator_malacoptilus__17__seg001.wav,noise
data\processed\Cuculus micropterus\32_seg002.wav,Cuculus micropterus
data\processed\Alcippe cinerea\4_seg006.wav,Alcippe cinerea
data\processed\Mystery mystery\255_seg006.wav,Mystery mystery
data\processed\Phylloscopus inornatus\8_seg009.wav,Phylloscopus inornatus
data\processed\Sphenocichla humei\41_seg000.wav,Sphenocichla humei
data\processed\Pnoepyga pusilla\22_seg008.wav,Pnoepyga pusilla
data\processed\Motacilla citreola\13_seg003.wav,Motacilla citreola
data\processed\Chloropsis\16_seg010.wav,Chloropsis
data\processed\Halcyon coromanda\4_seg003.wav,Halcyon coromanda
data\processed\Mystery mystery\381_seg005.wav,Mystery mystery
data\processed\Cyornis magnirostris\8_seg013.wav,Cyornis magnirostris
data\processed\Psilopogon lineatus\12_seg013.wav,Psilopogon lineatus
data\processed\noise\Centropus_andamanensis__5__seg004.wav,noise
data\processed\Mystery mystery\325_seg056.wav,Mystery mystery
data\processed\Mystery mystery\370_seg001.wav,Mystery mystery
data\processed\Mystery mystery\162_seg003.wav,Mystery mystery
data\processed\Mystery mystery\378_seg005.wav,Mystery mystery
data\processed\noise\Polyplectron_bicalcaratum__3__seg006.wav,noise
data\processed\noise\Arborophila_torqueola__25__seg010.wav,noise
data\processed\Dicrurus andamanensis\15_seg017.wav,Dicrurus andamanensis
data\processed\Mystery mystery\231_seg015.wav,Mystery mystery
data\processed\noise\Mystery_mystery__125__seg016.wav,noise
data\processed\Loriculus vernalis\25_seg008.wav,Loriculus vernalis
data\processed\Mystery mystery\313_seg003.wav,Mystery mystery
data\processed\Phylloscopus forresti\4_seg007.wav,Phylloscopus forresti
data\processed\Glaucidium cuculoides\14_seg011.wav,Glaucidium cuculoides
data\processed\Mystery mystery\433_seg027.wav,Mystery mystery
data\processed\Pellorneum ruficeps\23_seg013.wav,Pellorneum ruficeps
data\processed\Mystery mystery\327_seg004.wav,Mystery mystery
data\processed\Glaucidium cuculoides\39_seg009.wav,Glaucidium cuculoides
data\processed\Pomatorhinus ruficollis\34_seg007.wav,Pomatorhinus ruficollis
data\processed\Mystery mystery\231_seg006.wav,Mystery mystery
data\processed\Macronus gularis\8_seg010.wav,Macronus gularis
data\processed\Phylloscopus inornatus\4_seg002.wav,Phylloscopus inornatus
data\processed\Mystery mystery\93_seg002.wav,Mystery mystery
data\processed\Loriculus vernalis\27_seg023.wav,Loriculus vernalis
data\processed\Cyornis unicolor\11_seg013.wav,Cyornis unicolor
data\processed\Pellorneum ruficeps\17_seg028.wav,Pellorneum ruficeps
data\processed\Pellorneum ruficeps\32_seg051.wav,Pellorneum ruficeps
data\processed\Glaucidium cuculoides\19_seg001.wav,Glaucidium cuculoides
data\processed\noise\Cyornis_poliogenys__19__seg014.wav,noise
data\processed\Arachnothera magna\2_seg002.wav,Arachnothera magna
data\processed\Mystery mystery\28_seg000.wav,Mystery mystery
data\processed\Pellorneum ruficeps\40_seg009.wav,Pellorneum ruficeps
data\processed\Phylloscopus forresti\1_seg001.wav,Phylloscopus forresti
data\processed\Pellorneum ruficeps\73_seg008.wav,Pellorneum ruficeps
data\processed\Cyornis concretus\1_seg019.wav,Cyornis concretus
data\processed\Pnoepyga pusilla\1_seg017.wav,Pnoepyga pusilla
data\processed\Centropus andamanensis\2_seg011.wav,Centropus andamanensis
data\processed\Pomatorhinus ruficollis\6_seg002.wav,Pomatorhinus ruficollis
data\processed\Chloropsis jerdoni\1_seg021.wav,Chloropsis jerdoni
data\processed\Loriculus vernalis\10_seg012.wav,Loriculus vernalis
data\processed\Cuculus micropterus\35_seg006.wav,Cuculus micropterus
data\processed\Loriculus vernalis\6_seg002.wav,Loriculus vernalis
data\processed\Cyornis poliogenys\7_seg002.wav,Cyornis poliogenys
data\processed\Mystery mystery\215_seg003.wav,Mystery mystery
data\processed\Mystery mystery\351_seg005.wav,Mystery mystery
data\processed\Eurystomus orientalis\4_seg002.wav,Eurystomus orientalis
data\processed\Sphenocichla humei\40_seg003.wav,Sphenocichla humei
data\processed\Mystery mystery\91_seg008.wav,Mystery mystery
data\processed\Pomatorhinus ruficollis\31_seg002.wav,Pomatorhinus ruficollis
data\processed\Cuculus micropterus\19_seg012.wav,Cuculus micropterus
data\processed\Chelidorhynx hypoxanthus\4_seg007.wav,Chelidorhynx hypoxanthus
data\processed\Mystery mystery\409_seg022.wav,Mystery mystery
data\processed\Chloropsis\14_seg010.wav,Chloropsis
data\processed\Loriculus vernalis\18_seg000.wav,Loriculus vernalis
data\processed\Pellorneum ruficeps\83_seg006.wav,Pellorneum ruficeps
data\processed\Chloropsis\16_seg007.wav,Chloropsis
data\processed\Chelidorhynx hypoxanthus\15_seg015.wav,Chelidorhynx hypoxanthus
data\processed\Stachyridopsis ambigua\13_seg001.wav,Stachyridopsis ambigua
data\processed\Arborophila torqueola\32_seg000.wav,Arborophila torqueola
data\processed\Mystery mystery\332_seg039.wav,Mystery mystery
data\processed\Motacilla citreola\14_seg017.wav,Motacilla citreola
data\processed\Motacilla citreola\5_seg003.wav,Motacilla citreola
data\processed\Mystery mystery\110_seg020.wav,Mystery mystery
data\processed\Mystery mystery\409_seg027.wav,Mystery mystery
data\processed\Mystery mystery\432_seg015.wav,Mystery mystery
data\processed\noise\Argya_longirostris__7__seg008.wav,noise
data\processed\Mystery mystery\425_seg007.wav,Mystery mystery
data\processed\noise\Psittacula_eupatria__23__seg008.wav,noise
data\processed\Pellorneum ruficeps\43_seg006.wav,Pellorneum ruficeps
data\processed\Pellorneum ruficeps\16_seg010.wav,Pellorneum ruficeps
data\processed\Acridotheres fuscus\6_seg001.wav,Acridotheres fuscus
data\processed\Pellorneum ruficeps\5_seg016.wav,Pellorneum ruficeps
data\processed\Pellorneum ruficeps\64_seg001.wav,Pellorneum ruficeps
data\processed\Pellorneum ruficeps\77_seg008.wav,Pellorneum ruficeps
data\processed\Mystery mystery\75_seg006.wav,Mystery mystery
data\processed\Chloropsis\14_seg055.wav,Chloropsis
data\processed\Pellorneum ruficeps\42_seg002.wav,Pellorneum ruficeps
data\processed\Mystery mystery\386_seg017.wav,Mystery mystery
data\processed\Pomatorhinus ruficollis\19_seg006.wav,Pomatorhinus ruficollis
data\processed\Rimator malacoptilus\7_seg005.wav,Rimator malacoptilus
data\processed\Mystery mystery\320_seg001.wav,Mystery mystery
data\processed\Loriculus vernalis\22_seg004.wav,Loriculus vernalis
data\processed\Phylloscopus forresti\5_seg013.wav,Phylloscopus forresti
data\processed\Chelidorhynx hypoxanthus\5_seg009.wav,Chelidorhynx hypoxanthus
data\processed\Mystery mystery\252_seg002.wav,Mystery mystery
data\processed\Chloropsis jerdoni\2_seg002.wav,Chloropsis jerdoni
data\processed\Mystery mystery\394_seg000.wav,Mystery mystery
data\processed\Mystery mystery\47_seg001.wav,Mystery mystery
data\processed\Mystery mystery\16_seg033.wav,Mystery mystery
data\processed\Pellorneum ruficeps\52_seg017.wav,Pellorneum ruficeps
data\processed\Pellorneum ruficeps\67_seg004.wav,Pellorneum ruficeps
data\processed\Arborophila torqueola\6_seg000.wav,Arborophila torqueola
data\processed\Arborophila torqueola\25_seg003.wav,Arborophila torqueola
data\processed\Pellorneum ruficeps\73_seg018.wav,Pellorneum ruficeps
data\processed\noise\Cuculus_micropterus__19__seg001.wav,noise
data\processed\Cuculus micropterus\9_seg010.wav,Cuculus micropterus
data\processed\Psittacula eupatria\8_seg014.wav,Psittacula eupatria
data\processed\Alcippe cinerea\15_seg009.wav,Alcippe cinerea
data\processed\Cuculus micropterus\34_seg005.wav,Cuculus micropterus
data\processed\noise\Mystery_mystery__203__seg001.wav,noise
data\processed\Mystery mystery\413_seg007.wav,Mystery mystery
data\processed\Pnoepyga pusilla\5_seg009.wav,Pnoepyga pusilla
data\processed\noise\Dicrurus_andamanensis__8__seg001.wav,noise
data\processed\Sphenocichla humei\15_seg008.wav,Sphenocichla humei
data\processed\Cyornis unicolor\11_seg015.wav,Cyornis unicolor
data\processed\Sphenocichla humei\29_seg011.wav,Sphenocichla humei
data\processed\Mystery mystery\39_seg012.wav,Mystery mystery
data\processed\Mystery mystery\93_seg001.wav,Mystery mystery
data\processed\Pellorneum ruficeps\28_seg003.wav,Pellorneum ruficeps
data\processed\Mystery mystery\373_seg035.wav,Mystery mystery
data\processed\Mystery mystery\306_seg011.wav,Mystery mystery
data\processed\Mystery mystery\381_seg004.wav,Mystery mystery
data\processed\Todiramphus chloris\10_seg000.wav,Todiramphus chloris
data\processed\Arborophila torqueola\19_seg003.wav,Arborophila torqueola
data\processed\Mystery mystery\106_seg002.wav,Mystery mystery
data\processed\Arborophila torqueola\12_seg009.wav,Arborophila torqueola
data\processed\Mystery mystery\9_seg050.wav,Mystery mystery
data\processed\noise\Spelaeornis_oatesi__3__seg006.wav,noise
data\processed\Pellorneum ruficeps\93_seg000.wav,Pellorneum ruficeps
data\processed\Mystery mystery\4_seg006.wav,Mystery mystery
data\processed\Chloropsis\14_seg099.wav,Chloropsis
data\processed\Cyornis unicolor\5_seg009.wav,Cyornis unicolor
data\processed\Iole cacharensis\2_seg005.wav,Iole cacharensis
data\processed\Cuculus micropterus\7_seg010.wav,Cuculus micropterus
data\processed\Chloropsis jerdoni\11_seg003.wav,Chloropsis jerdoni
data\processed\Mystery mystery\351_seg000.wav,Mystery mystery
data\processed\Mystery mystery\42_seg000.wav,Mystery mystery
data\processed\Pellorneum ruficeps\96_seg001.wav,Pellorneum ruficeps
data\processed\Liocichla phoenicea\13_seg042.wav,Liocichla phoenicea
data\processed\Mystery mystery\124_seg011.wav,Mystery mystery
data\processed\Chloropsis\14_seg020.wav,Chloropsis
data\processed\Cyornis unicolor\2_seg002.wav,Cyornis unicolor
data\processed\Chloropsis\12_seg001.wav,Chloropsis
data\processed\Loriculus vernalis\22_seg010.wav,Loriculus vernalis
data\processed\Cyornis magnirostris\5_seg008.wav,Cyornis magnirostris
data\processed\Pellorneum ruficeps\10_seg006.wav,Pellorneum ruficeps
data\processed\Arborophila torqueola\10_seg013.wav,Arborophila torqueola
data\processed\Cyornis magnirostris\6_seg010.wav,Cyornis magnirostris
data\processed\Arborophila torqueola\8_seg017.wav,Arborophila torqueola
data\processed\Mystery mystery\83_seg003.wav,Mystery mystery
data\processed\Mystery mystery\301_seg035.wav,Mystery mystery
data\processed\Mystery mystery\55_seg004.wav,Mystery mystery
data\processed\Arborophila torqueola\9_seg009.wav,Arborophila torqueola
data\processed\Chloropsis\14_seg082.wav,Chloropsis
data\processed\Mystery mystery\322_seg010.wav,Mystery mystery
data\processed\Mystery mystery\332_seg044.wav,Mystery mystery
data\processed\Arborophila torqueola\32_seg019.wav,Arborophila torqueola
data\processed\Mystery mystery\429_seg006.wav,Mystery mystery
data\processed\Mystery mystery\378_seg008.wav,Mystery mystery
data\processed\Arborophila torqueola\22_seg003.wav,Arborophila torqueola
data\processed\Eurystomus orientalis\3_seg003.wav,Eurystomus orientalis
data\processed\Glaucidium cuculoides\2_seg014.wav,Glaucidium cuculoides
data\processed\Alcippe cinerea\6_seg014.wav,Alcippe cinerea
data\processed\Mystery mystery\256_seg006.wav,Mystery mystery
data\processed\Cuculus micropterus\66_seg001.wav,Cuculus micropterus
data\processed\Mystery mystery\415_seg008.wav,Mystery mystery
data\processed\Mystery mystery\303_seg016.wav,Mystery mystery
data\processed\Mystery mystery\434_seg003.wav,Mystery mystery
data\processed\Mystery mystery\410_seg033.wav,Mystery mystery
data\processed\Mystery mystery\413_seg006.wav,Mystery mystery
data\processed\Mystery mystery\59_seg000.wav,Mystery mystery
data\processed\Mystery mystery\341_seg029.wav,Mystery mystery
data\processed\Cuculus micropterus\24_seg003.wav,Cuculus micropterus
data\processed\Chloropsis cochinchinensis\1_seg004.wav,Chloropsis cochinchinensis
data\processed\Chloropsis\2_seg017.wav,Chloropsis
data\processed\Pellorneum ruficeps\34_seg000.wav,Pellorneum ruficeps
data\processed\noise\Cyornis_poliogenys__1__seg013.wav,noise
data\processed\Mystery mystery\178_seg003.wav,Mystery mystery
data\processed\Pellorneum ruficeps\73_seg017.wav,Pellorneum ruficeps
data\processed\Cyornis poliogenys\3_seg008.wav,Cyornis poliogenys
data\processed\Cuculus micropterus\63_seg000.wav,Cuculus micropterus
data\processed\Dicrurus andamanensis\17_seg000.wav,Dicrurus andamanensis
data\processed\Cyornis magnirostris\3_seg004.wav,Cyornis magnirostris
data\processed\Liocichla phoenicea\4_seg010.wav,Liocichla phoenicea
data\processed\Pomatorhinus ruficollis\7_seg016.wav,Pomatorhinus ruficollis
data\processed\Liocichla phoenicea\12_seg016.wav,Liocichla phoenicea
data\processed\Mystery mystery\11_seg010.wav,Mystery mystery
data\processed\Rimator malacoptilus\1_seg000.wav,Rimator malacoptilus
data\processed\noise\Mystery_mystery__38__seg037.wav,noise
data\processed\Pomatorhinus ruficollis\4_seg016.wav,Pomatorhinus ruficollis
data\processed\Macronus gularis\21_seg013.wav,Macronus gularis
data\processed\Pomatorhinus ruficollis\13_seg001.wav,Pomatorhinus ruficollis
data\processed\Glaucidium cuculoides\34_seg001.wav,Glaucidium cuculoides
data\processed\Dicrurus andamanensis\10_seg017.wav,Dicrurus andamanensis
data\processed\noise\Pellorneum_ruficeps__86__seg052.wav,noise
data\processed\Mystery mystery\240_seg008.wav,Mystery mystery
data\processed\Glaucidium cuculoides\11_seg000.wav,Glaucidium cuculoides
data\processed\Alcippe cinerea\2_seg002.wav,Alcippe cinerea
data\processed\Todiramphus chloris\13_seg000.wav,Todiramphus chloris
data\processed\Mystery mystery\246_seg027.wav,Mystery mystery
data\processed\Locustella davidi\1_seg003.wav,Locustella davidi
data\processed\Todiramphus chloris\13_seg009.wav,Todiramphus chloris
data\processed\Mystery mystery\386_seg022.wav,Mystery mystery
data\processed\Todiramphus chloris\12_seg004.wav,Todiramphus chloris
data\processed\Cuculus micropterus\12_seg008.wav,Cuculus micropterus
data\processed\Pnoepyga pusilla\5_seg014.wav,Pnoepyga pusilla
data\processed\Mystery mystery\421_seg004.wav,Mystery mystery
data\processed\Alcippe cinerea\1_seg002.wav,Alcippe cinerea
data\processed\Pellorneum ruficeps\16_seg012.wav,Pellorneum ruficeps
data\processed\Pomatorhinus ruficollis\17_seg007.wav,Pomatorhinus ruficollis
data\processed\Pellorneum ruficeps\32_seg011.wav,Pellorneum ruficeps
data\processed\Glaucidium cuculoides\34_seg000.wav,Glaucidium cuculoides
data\processed\Cuculus micropterus\43_seg018.wav,Cuculus micropterus
data\processed\Mystery mystery\55_seg003.wav,Mystery mystery
data\processed\Todiramphus chloris\5_seg003.wav,Todiramphus chloris
data\processed\Mystery mystery\19_seg070.wav,Mystery mystery
data\processed\Cyornis concretus\2_seg001.wav,Cyornis concretus
data\processed\Cyornis poliogenys\17_seg006.wav,Cyornis poliogenys
data\processed\Stachyridopsis ambigua\15_seg007.wav,Stachyridopsis ambigua
data\processed\noise\Mystery_mystery__17__seg006.wav,noise
data\processed\Sphenocichla humei\1_seg009.wav,Sphenocichla humei
data\processed\noise\Alcippe_cinerea__13__seg001.wav,noise
data\processed\Cuculus micropterus\43_seg017.wav,Cuculus micropterus
data\processed\Glaucidium cuculoides\31_seg031.wav,Glaucidium cuculoides
data\processed\Mystery mystery\334_seg005.wav,Mystery mystery
data\processed\Chloropsis cochinchinensis\1_seg009.wav,Chloropsis cochinchinensis
data\processed\Glaucidium cuculoides\31_seg075.wav,Glaucidium cuculoides
data\processed\noise\Glaucidium_cuculoides__25__seg016.wav,noise
data\processed\Pellorneum ruficeps\14_seg022.wav,Pellorneum ruficeps
data\processed\Mystery mystery\398_seg003.wav,Mystery mystery
data\processed\Mystery mystery\19_seg029.wav,Mystery mystery
data\processed\Pellorneum ruficeps\14_seg018.wav,Pellorneum ruficeps
data\processed\Mystery mystery\429_seg005.wav,Mystery mystery
data\processed\Pellorneum ruficeps\88_seg001.wav,Pellorneum ruficeps
data\processed\Glaucidium cuculoides\38_seg002.wav,Glaucidium cuculoides
data\processed\Cuculus micropterus\46_seg010.wav,Cuculus micropterus
data\processed\Pnoepyga pusilla\19_seg005.wav,Pnoepyga pusilla
data\processed\Liocichla phoenicea\4_seg000.wav,Liocichla phoenicea
data\processed\Mystery mystery\256_seg017.wav,Mystery mystery
data\processed\Pellorneum ruficeps\102_seg024.wav,Pellorneum ruficeps
data\processed\Mystery mystery\340_seg010.wav,Mystery mystery
data\processed\noise\Cyornis_poliogenys__10__seg014.wav,noise
data\processed\Motacilla citreola\14_seg019.wav,Motacilla citreola
data\processed\Alcippe cinerea\8_seg001.wav,Alcippe cinerea
data\processed\Cyornis unicolor\16_seg024.wav,Cyornis unicolor
data\processed\Dicaeum minullum\3_seg005.wav,Dicaeum minullum
data\processed\Mystery mystery\301_seg039.wav,Mystery mystery
data\processed\noise\Mystery_mystery__38__seg027.wav,noise
data\processed\Mystery mystery\303_seg002.wav,Mystery mystery
data\processed\Todiramphus chloris\18_seg008.wav,Todiramphus chloris
data\processed\Pomatorhinus ruficollis\25_seg005.wav,Pomatorhinus ruficollis
data\processed\Mystery mystery\300_seg013.wav,Mystery mystery
data\processed\Mystery mystery\35_seg013.wav,Mystery mystery
data\processed\Cuculus micropterus\8_seg024.wav,Cuculus micropterus
data\processed\Cyornis poliogenys\13_seg002.wav,Cyornis poliogenys
data\processed\Mystery mystery\341_seg011.wav,Mystery mystery
data\processed\Mystery mystery\421_seg009.wav,Mystery mystery
data\processed\Pellorneum ruficeps\83_seg003.wav,Pellorneum ruficeps
data\processed\Glaucidium cuculoides\30_seg002.wav,Glaucidium cuculoides
data\processed\Mystery mystery\429_seg010.wav,Mystery mystery
data\processed\noise\Rimator_malacoptilus__10__seg013.wav,noise
data\processed\Sphenocichla humei\33_seg002.wav,Sphenocichla humei
data\processed\Pomatorhinus ruficollis\6_seg003.wav,Pomatorhinus ruficollis
data\processed\Mystery mystery\348_seg006.wav,Mystery mystery
data\processed\Mystery mystery\121_seg004.wav,Mystery mystery
data\processed\Chloropsis\11_seg019.wav,Chloropsis
data\processed\noise\Sphenocichla_humei__7__seg001.wav,noise
data\processed\Liocichla phoenicea\3_seg001.wav,Liocichla phoenicea
data\processed\Mystery mystery\423_seg009.wav,Mystery mystery
data\processed\Pellorneum ruficeps\28_seg004.wav,Pellorneum ruficeps
data\processed\Psilopogon lineatus\4_seg013.wav,Psilopogon lineatus
data\processed\Pellorneum ruficeps\95_seg003.wav,Pellorneum ruficeps
data\processed\Argya longirostris\1_seg000.wav,Argya longirostris
data\processed\Todiramphus chloris\7_seg003.wav,Todiramphus chloris
data\processed\Pellorneum ruficeps\69_seg012.wav,Pellorneum ruficeps
data\processed\Pellorneum ruficeps\26_seg024.wav,Pellorneum ruficeps
data\processed\Glaucidium cuculoides\29_seg005.wav,Glaucidium cuculoides
data\processed\Mystery mystery\28_seg001.wav,Mystery mystery
data\processed\Rimator malacoptilus\14_seg002.wav,Rimator malacoptilus
data\processed\Mystery mystery\17_seg012.wav,Mystery mystery
data\processed\Mystery mystery\120_seg006.wav,Mystery mystery
data\processed\Liocichla phoenicea\13_seg025.wav,Liocichla phoenicea
data\processed\Cyornis unicolor\15_seg014.wav,Cyornis unicolor
data\processed\Mystery mystery\88_seg002.wav,Mystery mystery
data\processed\noise\Stachyridopsis_ambigua__13__seg008.wav,noise
data\processed\Acridotheres fuscus\7_seg002.wav,Acridotheres fuscus
data\processed\Centropus andamanensis\15_seg011.wav,Centropus andamanensis
data\processed\Cyornis poliogenys\22_seg002.wav,Cyornis poliogenys
data\processed\Pellorneum ruficeps\14_seg001.wav,Pellorneum ruficeps
data\processed\Mystery mystery\85_seg004.wav,Mystery mystery
data\processed\Chloropsis jerdoni\9_seg005.wav,Chloropsis jerdoni
data\processed\Pluvialis squatarola\1_seg012.wav,Pluvialis squatarola
data\processed\noise\Cyornis_poliogenys__23__seg008.wav,noise
data\processed\Mystery mystery\323_seg003.wav,Mystery mystery
data\processed\Loriculus vernalis\27_seg025.wav,Loriculus vernalis
data\processed\Todiramphus chloris\23_seg006.wav,Todiramphus chloris
data\processed\Cuculus micropterus\57_seg002.wav,Cuculus micropterus
data\processed\Pellorneum ruficeps\94_seg004.wav,Pellorneum ruficeps
data\processed\Pellorneum ruficeps\67_seg003.wav,Pellorneum ruficeps
data\processed\Cuculus micropterus\4_seg014.wav,Cuculus micropterus
data\processed\Psilopogon lineatus\21_seg017.wav,Psilopogon lineatus
data\processed\Chelidorhynx hypoxanthus\10_seg025.wav,Chelidorhynx hypoxanthus
data\processed\Sphenocichla humei\39_seg008.wav,Sphenocichla humei
data\processed\Mystery mystery\119_seg000.wav,Mystery mystery
data\processed\Cyornis poliogenys\6_seg006.wav,Cyornis poliogenys
data\processed\Psittacula eupatria\8_seg027.wav,Psittacula eupatria
data\processed\Pomatorhinus ruficollis\12_seg000.wav,Pomatorhinus ruficollis
data\processed\Mystery mystery\386_seg015.wav,Mystery mystery
data\processed\Arborophila torqueola\17_seg006.wav,Arborophila torqueola
data\processed\Chloropsis\20_seg004.wav,Chloropsis
data\processed\Pnoepyga pusilla\8_seg000.wav,Pnoepyga pusilla
data\processed\Mystery mystery\56_seg010.wav,Mystery mystery
data\processed\Mystery mystery\264_seg006.wav,Mystery mystery
data\processed\Cuculus micropterus\9_seg019.wav,Cuculus micropterus
data\processed\noise\Eurystomus_orientalis__1__seg001.wav,noise
data\processed\Mystery mystery\325_seg026.wav,Mystery mystery
data\processed\Mystery mystery\373_seg051.wav,Mystery mystery
data\processed\Chloropsis jerdoni\1_seg024.wav,Chloropsis jerdoni
data\processed\Cuculus micropterus\60_seg000.wav,Cuculus micropterus
data\processed\Polyplectron bicalcaratum\1_seg001.wav,Polyplectron bicalcaratum
data\processed\Cyornis unicolor\17_seg004.wav,Cyornis unicolor
data\processed\Mystery mystery\300_seg042.wav,Mystery mystery
data\processed\noise\Rimator_malacoptilus__20__seg005.wav,noise
data\processed\Alcippe cinerea\15_seg004.wav,Alcippe cinerea
data\processed\Chloropsis\14_seg021.wav,Chloropsis
data\processed\Cuculus micropterus\34_seg004.wav,Cuculus micropterus
data\processed\Mystery mystery\293_seg003.wav,Mystery mystery
data\processed\Dicrurus andamanensis\13_seg004.wav,Dicrurus andamanensis
data\processed\Mystery mystery\336_seg067.wav,Mystery mystery
data\processed\Rimator malacoptilus\3_seg008.wav,Rimator malacoptilus
data\processed\Cyornis poliogenys\11_seg003.wav,Cyornis poliogenys
data\processed\Mystery mystery\304_seg014.wav,Mystery mystery
data\processed\Mystery mystery\110_seg002.wav,Mystery mystery
data\processed\Mystery mystery\364_seg009.wav,Mystery mystery
data\processed\Mystery mystery\268_seg008.wav,Mystery mystery
data\processed\Cuculus micropterus\25_seg002.wav,Cuculus micropterus
data\processed\Pellorneum ruficeps\21_seg005.wav,Pellorneum ruficeps
data\processed\Sphenocichla humei\37_seg008.wav,Sphenocichla humei
data\processed\Liocichla phoenicea\13_seg018.wav,Liocichla phoenicea
data\processed\Cyornis poliogenys\15_seg001.wav,Cyornis poliogenys
data\processed\Todiramphus chloris\13_seg017.wav,Todiramphus chloris
data\processed\Mystery mystery\43_seg001.wav,Mystery mystery
data\processed\noise\Sphenocichla_humei__20__seg021.wav,noise
data\processed\Dicaeum cruentatum\1_seg011.wav,Dicaeum cruentatum
data\processed\Centropus andamanensis\12_seg003.wav,Centropus andamanensis
data\processed\Acridotheres fuscus\3_seg000.wav,Acridotheres fuscus
data\processed\Arborophila torqueola\28_seg006.wav,Arborophila torqueola
data\processed\Mystery mystery\432_seg012.wav,Mystery mystery
data\processed\noise\Cyornis_unicolor__25__seg020.wav,noise
data\processed\Mystery mystery\9_seg015.wav,Mystery mystery
data\processed\Pellorneum ruficeps\102_seg013.wav,Pellorneum ruficeps
data\processed\Cuculus micropterus\28_seg000.wav,Cuculus micropterus
data\processed\Sturnia malabarica\8_seg001.wav,Sturnia malabarica
data\processed\Mystery mystery\305_seg012.wav,Mystery mystery
data\processed\Mystery mystery\306_seg002.wav,Mystery mystery
data\processed\noise\Pellorneum_ruficeps__102__seg019.wav,noise
data\processed\Pomatorhinus ruficollis\18_seg016.wav,Pomatorhinus ruficollis
data\processed\Mystery mystery\127_seg041.wav,Mystery mystery
data\processed\Pellorneum ruficeps\16_seg032.wav,Pellorneum ruficeps
data\processed\Cyornis poliogenys\25_seg005.wav,Cyornis poliogenys
data\processed\Mystery mystery\62_seg026.wav,Mystery mystery
data\processed\Pellorneum ruficeps\33_seg002.wav,Pellorneum ruficeps
data\processed\Centropus andamanensis\2_seg004.wav,Centropus andamanensis
data\processed\Pellorneum ruficeps\23_seg009.wav,Pellorneum ruficeps
data\processed\Arborophila torqueola\26_seg010.wav,Arborophila torqueola
data\processed\Mystery mystery\117_seg000.wav,Mystery mystery
data\processed\Arachnothera magna\1_seg007.wav,Arachnothera magna
data\processed\Arborophila torqueola\24_seg013.wav,Arborophila torqueola
data\processed\Mystery mystery\309_seg012.wav,Mystery mystery
data\processed\Pnoepyga pusilla\14_seg005.wav,Pnoepyga pusilla
data\processed\Dicrurus andamanensis\2_seg014.wav,Dicrurus andamanensis
data\processed\Chelidorhynx hypoxanthus\15_seg012.wav,Chelidorhynx hypoxanthus
data\processed\Psilopogon lineatus\19_seg004.wav,Psilopogon lineatus
data\processed\Todiramphus chloris\1_seg000.wav,Todiramphus chloris
data\processed\Centropus andamanensis\7_seg000.wav,Centropus andamanensis
data\processed\Cyornis unicolor\15_seg011.wav,Cyornis unicolor
data\processed\Glaucidium cuculoides\25_seg002.wav,Glaucidium cuculoides
data\processed\Liocichla phoenicea\12_seg004.wav,Liocichla phoenicea
data\processed\Macronus gularis\7_seg003.wav,Macronus gularis
data\processed\Centropus andamanensis\2_seg005.wav,Centropus andamanensis
data\processed\Mystery mystery\428_seg034.wav,Mystery mystery
data\processed\Macronus gularis\7_seg005.wav,Macronus gularis
data\processed\Mystery mystery\327_seg001.wav,Mystery mystery
data\processed\Liocichla phoenicea\9_seg007.wav,Liocichla phoenicea
data\processed\Pellorneum ruficeps\5_seg010.wav,Pellorneum ruficeps
data\processed\Cyornis poliogenys\17_seg008.wav,Cyornis poliogenys
data\processed\Cuculus micropterus\46_seg009.wav,Cuculus micropterus
data\processed\Pnoepyga pusilla\17_seg000.wav,Pnoepyga pusilla
data\processed\Mystery mystery\371_seg001.wav,Mystery mystery
data\processed\Mystery mystery\306_seg018.wav,Mystery mystery
data\processed\Pomatorhinus ruficollis\16_seg008.wav,Pomatorhinus ruficollis
data\processed\Mystery mystery\261_seg013.wav,Mystery mystery
data\processed\Pomatorhinus ruficollis\40_seg010.wav,Pomatorhinus ruficollis
data\processed\Sphenocichla humei\39_seg000.wav,Sphenocichla humei
data\processed\noise\Mystery_mystery__418__seg000.wav,noise
data\processed\Pellorneum ruficeps\8_seg018.wav,Pellorneum ruficeps
data\processed\Macronus gularis\5_seg004.wav,Macronus gularis
data\processed\Todiramphus chloris\1_seg001.wav,Todiramphus chloris
data\processed\Cyornis magnirostris\3_seg006.wav,Cyornis magnirostris
data\processed\Pellorneum ruficeps\17_seg009.wav,Pellorneum ruficeps
data\processed\Mystery mystery\320_seg004.wav,Mystery mystery
data\processed\Cuculus micropterus\9_seg015.wav,Cuculus micropterus
data\processed\Arborophila torqueola\6_seg006.wav,Arborophila torqueola
data\processed\noise\Rimator_malacoptilus__2__seg021.wav,noise
data\processed\Glaucidium cuculoides\12_seg042.wav,Glaucidium cuculoides
data\processed\Mystery mystery\223_seg010.wav,Mystery mystery
data\processed\Mystery mystery\56_seg011.wav,Mystery mystery
data\processed\Pomatorhinus ruficollis\24_seg039.wav,Pomatorhinus ruficollis
data\processed\Chelidorhynx hypoxanthus\12_seg000.wav,Chelidorhynx hypoxanthus
data\processed\Psittacula eupatria\8_seg017.wav,Psittacula eupatria
data\processed\Arborophila torqueola\32_seg017.wav,Arborophila torqueola
data\processed\Mystery mystery\19_seg008.wav,Mystery mystery
data\processed\Rimator malacoptilus\19_seg000.wav,Rimator malacoptilus
data\processed\Chloropsis\10_seg004.wav,Chloropsis
data\processed\Dicaeum minullum\6_seg000.wav,Dicaeum minullum
data\processed\Mystery mystery\332_seg014.wav,Mystery mystery
data\processed\Pellorneum ruficeps\28_seg000.wav,Pellorneum ruficeps
data\processed\Mystery mystery\364_seg008.wav,Mystery mystery
data\processed\Mystery mystery\373_seg063.wav,Mystery mystery
data\processed\noise\Sphenocichla_humei__23__seg007.wav,noise
data\processed\Mystery mystery\343_seg037.wav,Mystery mystery
data\processed\Macronus gularis\17_seg024.wav,Macronus gularis
data\processed\noise\Mystery_mystery__376__seg012.wav,noise
data\processed\Cuculus micropterus\31_seg012.wav,Cuculus micropterus
data\processed\Glaucidium cuculoides\31_seg036.wav,Glaucidium cuculoides
data\processed\Pellorneum ruficeps\61_seg002.wav,Pellorneum ruficeps
data\processed\Mystery mystery\25_seg008.wav,Mystery mystery
data\processed\Sphenocichla humei\20_seg001.wav,Sphenocichla humei
data\processed\Todiramphus chloris\20_seg004.wav,Todiramphus chloris
data\processed\Chloropsis jerdoni\9_seg011.wav,Chloropsis jerdoni
data\processed\Dicaeum cruentatum\6_seg002.wav,Dicaeum cruentatum
data\processed\Pnoepyga pusilla\4_seg006.wav,Pnoepyga pusilla
data\processed\Phylloscopus subaffinis\1_seg000.wav,Phylloscopus subaffinis
data\processed\Pnoepyga pusilla\19_seg008.wav,Pnoepyga pusilla
data\processed\Mystery mystery\75_seg003.wav,Mystery mystery
data\processed\Cuculus micropterus\12_seg003.wav,Cuculus micropterus
data\processed\Pellorneum ruficeps\1_seg003.wav,Pellorneum ruficeps
data\processed\Mystery mystery\332_seg056.wav,Mystery mystery
data\processed\Pellorneum ruficeps\26_seg029.wav,Pellorneum ruficeps
data\processed\Pomatorhinus ruficollis\35_seg015.wav,Pomatorhinus ruficollis
data\processed\Mystery mystery\442_seg001.wav,Mystery mystery
data\processed\noise\Chloropsis__5__seg008.wav,noise
data\processed\Pomatorhinus ruficollis\35_seg021.wav,Pomatorhinus ruficollis
data\processed\Chloropsis jerdoni\6_seg013.wav,Chloropsis jerdoni
data\processed\Todiramphus chloris\13_seg013.wav,Todiramphus chloris
data\processed\Mystery mystery\85_seg009.wav,Mystery mystery
data\processed\Loriculus vernalis\27_seg021.wav,Loriculus vernalis
data\processed\Mystery mystery\365_seg017.wav,Mystery mystery
data\processed\Cuculus micropterus\59_seg002.wav,Cuculus micropterus
data\processed\Cyornis unicolor\27_seg005.wav,Cyornis unicolor
data\processed\Mystery mystery\343_seg018.wav,Mystery mystery
data\processed\Mystery mystery\182_seg001.wav,Mystery mystery
data\processed\Mystery mystery\332_seg041.wav,Mystery mystery
data\processed\Sphenocichla humei\12_seg012.wav,Sphenocichla humei
data\processed\Mystery mystery\314_seg005.wav,Mystery mystery
data\processed\Mystery mystery\307_seg003.wav,Mystery mystery
data\processed\Cuculus micropterus\18_seg003.wav,Cuculus micropterus
data\processed\noise\Chloropsis__5__seg007.wav,noise
data\processed\Mystery mystery\425_seg010.wav,Mystery mystery
data\processed\Mystery mystery\237_seg004.wav,Mystery mystery
data\processed\Todiramphus chloris\5_seg001.wav,Todiramphus chloris
data\processed\Pellorneum ruficeps\57_seg002.wav,Pellorneum ruficeps
data\processed\Mystery mystery\4_seg007.wav,Mystery mystery
data\processed\Mystery mystery\340_seg002.wav,Mystery mystery
data\processed\Pellorneum ruficeps\11_seg002.wav,Pellorneum ruficeps
data\processed\Mystery mystery\338_seg023.wav,Mystery mystery
data\processed\Pomatorhinus ruficollis\10_seg014.wav,Pomatorhinus ruficollis
data\processed\Mystery mystery\1_seg019.wav,Mystery mystery
data\processed\Pellorneum ruficeps\41_seg006.wav,Pellorneum ruficeps
data\processed\Liocichla phoenicea\14_seg005.wav,Liocichla phoenicea
data\processed\Sphenocichla humei\29_seg000.wav,Sphenocichla humei
data\processed\Cyornis poliogenys\1_seg011.wav,Cyornis poliogenys
data\processed\Cyornis poliogenys\3_seg006.wav,Cyornis poliogenys
data\processed\Ixobrychus cinnamomeus\4_seg006.wav,Ixobrychus cinnamomeus
data\processed\Mystery mystery\377_seg011.wav,Mystery mystery
data\processed\Mystery mystery\284_seg000.wav,Mystery mystery
data\processed\Dicaeum cruentatum\1_seg010.wav,Dicaeum cruentatum
data\processed\Sturnia malabarica\3_seg005.wav,Sturnia malabarica
data\processed\Cuculus micropterus\7_seg005.wav,Cuculus micropterus
data\processed\Polyplectron bicalcaratum\3_seg012.wav,Polyplectron bicalcaratum
data\processed\Dicrurus andamanensis\10_seg005.wav,Dicrurus andamanensis
data\processed\Phylloscopus forresti\5_seg004.wav,Phylloscopus forresti
data\processed\Mystery mystery\410_seg017.wav,Mystery mystery
data\processed\Cuculus micropterus\62_seg004.wav,Cuculus micropterus
data\processed\Mystery mystery\377_seg052.wav,Mystery mystery
data\processed\noise\Cyornis_poliogenys__11__seg001.wav,noise
data\processed\Mystery mystery\125_seg005.wav,Mystery mystery
data\processed\Mystery mystery\250_seg027.wav,Mystery mystery
data\processed\Cyornis unicolor\23_seg000.wav,Cyornis unicolor
data\processed\Cuculus micropterus\47_seg004.wav,Cuculus micropterus
data\processed\Mystery mystery\311_seg007.wav,Mystery mystery
data\processed\Mystery mystery\442_seg021.wav,Mystery mystery
data\processed\Cyornis unicolor\12_seg006.wav,Cyornis unicolor
data\processed\Mystery mystery\111_seg004.wav,Mystery mystery
data\processed\Cyornis poliogenys\25_seg002.wav,Cyornis poliogenys
data\processed\Mystery mystery\296_seg026.wav,Mystery mystery
data\processed\Cyornis poliogenys\24_seg011.wav,Cyornis poliogenys
data\processed\Mystery mystery\276_seg002.wav,Mystery mystery
data\processed\Rimator malacoptilus\15_seg006.wav,Rimator malacoptilus
data\processed\noise\Mystery_mystery__125__seg015.wav,noise
data\processed\Mystery mystery\217_seg002.wav,Mystery mystery
data\processed\Mystery mystery\127_seg042.wav,Mystery mystery
data\processed\Mystery mystery\286_seg000.wav,Mystery mystery
data\processed\Mystery mystery\406_seg007.wav,Mystery mystery
data\processed\Dicaeum minullum\5_seg000.wav,Dicaeum minullum
data\processed\Todiramphus chloris\3_seg002.wav,Todiramphus chloris
data\processed\Mystery mystery\345_seg028.wav,Mystery mystery
data\processed\Arborophila torqueola\33_seg008.wav,Arborophila torqueola
data\processed\Psilopogon lineatus\4_seg014.wav,Psilopogon lineatus
data\processed\Loriculus vernalis\16_seg002.wav,Loriculus vernalis
data\processed\Chelidorhynx hypoxanthus\14_seg010.wav,Chelidorhynx hypoxanthus
data\processed\Mystery mystery\16_seg002.wav,Mystery mystery
data\processed\Mystery mystery\442_seg044.wav,Mystery mystery
data\processed\Mystery mystery\109_seg006.wav,Mystery mystery
data\processed\Sphenocichla humei\20_seg017.wav,Sphenocichla humei
data\processed\noise\Todiramphus_chloris__23__seg000.wav,noise
data\processed\Phylloscopus inornatus\5_seg006.wav,Phylloscopus inornatus
data\processed\Mystery mystery\121_seg001.wav,Mystery mystery
data\processed\Sphenocichla humei\30_seg000.wav,Sphenocichla humei
data\processed\Pomatorhinus ruficollis\18_seg030.wav,Pomatorhinus ruficollis
data\processed\Sphenocichla humei\6_seg002.wav,Sphenocichla humei
data\processed\Pluvialis squatarola\4_seg000.wav,Pluvialis squatarola
data\processed\Mystery mystery\336_seg015.wav,Mystery mystery
data\processed\Mystery mystery\428_seg016.wav,Mystery mystery
data\processed\Mystery mystery\197_seg003.wav,Mystery mystery
data\processed\noise\Mystery_mystery__300__seg044.wav,noise
data\processed\Macronus gularis\3_seg002.wav,Macronus gularis
data\processed\noise\Chloropsis__2__seg013.wav,noise
data\processed\Loriculus vernalis\22_seg005.wav,Loriculus vernalis
data\processed\Pellorneum ruficeps\84_seg002.wav,Pellorneum ruficeps
data\processed\Mystery mystery\76_seg004.wav,Mystery mystery
data\processed\Cyornis unicolor\10_seg019.wav,Cyornis unicolor
data\processed\Mystery mystery\256_seg042.wav,Mystery mystery
data\processed\noise\Pellorneum_ruficeps__74__seg016.wav,noise
data\processed\Mystery mystery\116_seg012.wav,Mystery mystery
data\processed\Mystery mystery\336_seg027.wav,Mystery mystery
data\processed\Pellorneum ruficeps\37_seg009.wav,Pellorneum ruficeps
data\processed\Psittacula eupatria\28_seg021.wav,Psittacula eupatria
data\processed\noise\Sturnia_malabarica__16__seg003.wav,noise
data\processed\Mystery mystery\305_seg019.wav,Mystery mystery
data\processed\Mystery mystery\250_seg005.wav,Mystery mystery
data\processed\Mystery mystery\109_seg009.wav,Mystery mystery
data\processed\Loriculus vernalis\19_seg005.wav,Loriculus vernalis
data\processed\Psittacula eupatria\27_seg000.wav,Psittacula eupatria
data\processed\Glaucidium cuculoides\2_seg007.wav,Glaucidium cuculoides
data\processed\noise\Pellorneum_ruficeps__86__seg046.wav,noise
data\processed\Glaucidium cuculoides\31_seg029.wav,Glaucidium cuculoides
data\processed\Arachnothera magna\1_seg009.wav,Arachnothera magna
data\processed\Pellorneum ruficeps\69_seg022.wav,Pellorneum ruficeps
data\processed\Mystery mystery\326_seg001.wav,Mystery mystery
data\processed\Chloropsis\14_seg096.wav,Chloropsis
data\processed\Mystery mystery\256_seg019.wav,Mystery mystery
data\processed\Sphenocichla humei\18_seg003.wav,Sphenocichla humei
data\processed\Mystery mystery\313_seg001.wav,Mystery mystery
data\processed\Arborophila torqueola\20_seg002.wav,Arborophila torqueola
data\processed\Pellorneum ruficeps\43_seg005.wav,Pellorneum ruficeps
data\processed\Arborophila torqueola\9_seg019.wav,Arborophila torqueola
data\processed\Lanius tephronotus\5_seg005.wav,Lanius tephronotus
data\processed\Alcippe cinerea\3_seg006.wav,Alcippe cinerea
data\processed\Mystery mystery\371_seg003.wav,Mystery mystery
data\processed\Pellorneum ruficeps\53_seg007.wav,Pellorneum ruficeps
data\processed\Arborophila torqueola\2_seg002.wav,Arborophila torqueola
data\processed\Mystery mystery\312_seg027.wav,Mystery mystery
data\processed\Psittacula eupatria\21_seg004.wav,Psittacula eupatria
data\processed\Cyornis unicolor\27_seg006.wav,Cyornis unicolor
data\processed\Mystery mystery\296_seg007.wav,Mystery mystery
data\processed\Mystery mystery\377_seg045.wav,Mystery mystery
data\processed\Cuculus micropterus\60_seg012.wav,Cuculus micropterus
data\processed\Chloropsis\14_seg005.wav,Chloropsis
data\processed\Mystery mystery\121_seg007.wav,Mystery mystery
data\processed\Mystery mystery\258_seg011.wav,Mystery mystery
data\processed\Pomatorhinus ruficollis\41_seg007.wav,Pomatorhinus ruficollis
data\processed\Mystery mystery\108_seg001.wav,Mystery mystery
data\processed\Halcyon coromanda\6_seg005.wav,Halcyon coromanda
data\processed\noise\Sphenocichla_humei__37__seg012.wav,noise
data\processed\Mystery mystery\20_seg001.wav,Mystery mystery
data\processed\Mystery mystery\305_seg010.wav,Mystery mystery
data\processed\Pellorneum ruficeps\11_seg013.wav,Pellorneum ruficeps
data\processed\Mystery mystery\368_seg001.wav,Mystery mystery
data\processed\Macronus gularis\21_seg017.wav,Macronus gularis
data\processed\Stachyridopsis ambigua\14_seg005.wav,Stachyridopsis ambigua
data\processed\Mystery mystery\121_seg005.wav,Mystery mystery
data\processed\Rimator malacoptilus\14_seg007.wav,Rimator malacoptilus
data\processed\noise\Cyornis_magnirostris__6__seg025.wav,noise
data\processed\noise\Argya_longirostris__7__seg011.wav,noise
data\processed\Todiramphus chloris\20_seg003.wav,Todiramphus chloris
data\processed\noise\Mystery_mystery__325__seg041.wav,noise
data\processed\Locustella davidi\4_seg001.wav,Locustella davidi
data\processed\Glaucidium cuculoides\25_seg009.wav,Glaucidium cuculoides
data\processed\Glaucidium cuculoides\2_seg008.wav,Glaucidium cuculoides
data\processed\Mystery mystery\360_seg034.wav,Mystery mystery
data\processed\Mystery mystery\143_seg000.wav,Mystery mystery
data\processed\Mystery mystery\273_seg009.wav,Mystery mystery
data\processed\Cuculus micropterus\14_seg002.wav,Cuculus micropterus
data\processed\Alcippe cinerea\15_seg000.wav,Alcippe cinerea
data\processed\Pnoepyga pusilla\7_seg012.wav,Pnoepyga pusilla
data\processed\Mystery mystery\35_seg006.wav,Mystery mystery
data\processed\Psittacula eupatria\25_seg009.wav,Psittacula eupatria
data\processed\Pellorneum ruficeps\32_seg062.wav,Pellorneum ruficeps
data\processed\Pnoepyga pusilla\29_seg025.wav,Pnoepyga pusilla
data\processed\Liocichla phoenicea\18_seg003.wav,Liocichla phoenicea
data\processed\Mystery mystery\442_seg013.wav,Mystery mystery
data\processed\Arborophila torqueola\2_seg028.wav,Arborophila torqueola
data\processed\Halcyon coromanda\6_seg002.wav,Halcyon coromanda
data\processed\Cyornis poliogenys\1_seg019.wav,Cyornis poliogenys
data\processed\noise\Mystery_mystery__324__seg001.wav,noise
data\processed\Pellorneum ruficeps\61_seg000.wav,Pellorneum ruficeps
data\processed\Mystery mystery\303_seg017.wav,Mystery mystery
data\processed\Dicrurus andamanensis\8_seg004.wav,Dicrurus andamanensis
data\processed\Mystery mystery\38_seg012.wav,Mystery mystery
data\processed\Rimator malacoptilus\10_seg000.wav,Rimator malacoptilus
data\processed\Pomatorhinus ruficollis\24_seg045.wav,Pomatorhinus ruficollis
data\processed\Mystery mystery\217_seg003.wav,Mystery mystery
data\processed\Phylloscopus forresti\3_seg013.wav,Phylloscopus forresti
data\processed\noise\Centropus_andamanensis__1__seg015.wav,noise
data\processed\Pomatorhinus ruficollis\28_seg002.wav,Pomatorhinus ruficollis
data\processed\Mystery mystery\360_seg014.wav,Mystery mystery
data\processed\Arborophila torqueola\2_seg038.wav,Arborophila torqueola
data\processed\Mystery mystery\66_seg004.wav,Mystery mystery
data\processed\Macronus gularis\3_seg000.wav,Macronus gularis
data\processed\Arborophila torqueola\2_seg032.wav,Arborophila torqueola
data\processed\Mystery mystery\124_seg022.wav,Mystery mystery
data\processed\Mystery mystery\305_seg018.wav,Mystery mystery
data\processed\Chloropsis\14_seg018.wav,Chloropsis
data\processed\Mystery mystery\428_seg040.wav,Mystery mystery
data\processed\Mystery mystery\373_seg032.wav,Mystery mystery
data\processed\Chelidorhynx hypoxanthus\16_seg006.wav,Chelidorhynx hypoxanthus
data\processed\Mystery mystery\296_seg013.wav,Mystery mystery
data\processed\Spelaeornis oatesi\3_seg002.wav,Spelaeornis oatesi
data\processed\Arborophila torqueola\6_seg013.wav,Arborophila torqueola
data\processed\Pomatorhinus ruficollis\1_seg023.wav,Pomatorhinus ruficollis
data\processed\Mystery mystery\395_seg007.wav,Mystery mystery
data\processed\Sphenocichla humei\32_seg008.wav,Sphenocichla humei
data\processed\noise\Motacilla_citreola__14__seg011.wav,noise
data\processed\Mystery mystery\328_seg006.wav,Mystery mystery
data\processed\Mystery mystery\426_seg007.wav,Mystery mystery
data\processed\Glaucidium cuculoides\35_seg000.wav,Glaucidium cuculoides
data\processed\Chloropsis jerdoni\12_seg004.wav,Chloropsis jerdoni
data\processed\Argya longirostris\5_seg003.wav,Argya longirostris
data\processed\Cuculus micropterus\8_seg041.wav,Cuculus micropterus
data\processed\Macronus gularis\21_seg008.wav,Macronus gularis
data\processed\Macronus gularis\19_seg003.wav,Macronus gularis
data\processed\Loriculus vernalis\18_seg001.wav,Loriculus vernalis
data\processed\Mystery mystery\327_seg034.wav,Mystery mystery
data\processed\Cuculus micropterus\36_seg006.wav,Cuculus micropterus
data\processed\Cuculus micropterus\39_seg002.wav,Cuculus micropterus
data\processed\Mystery mystery\433_seg029.wav,Mystery mystery
data\processed\Macronus gularis\5_seg005.wav,Macronus gularis
data\processed\Mystery mystery\184_seg002.wav,Mystery mystery
data\processed\Rimator malacoptilus\5_seg014.wav,Rimator malacoptilus
data\processed\noise\Alcippe_cinerea__18__seg009.wav,noise
data\processed\Cyornis unicolor\8_seg009.wav,Cyornis unicolor
data\processed\Chelidorhynx hypoxanthus\9_seg015.wav,Chelidorhynx hypoxanthus
data\processed\Mystery mystery\55_seg002.wav,Mystery mystery
data\processed\Psilopogon lineatus\14_seg004.wav,Psilopogon lineatus
data\processed\Cyornis unicolor\15_seg003.wav,Cyornis unicolor
data\processed\Acridotheres fuscus\12_seg003.wav,Acridotheres fuscus
data\processed\Mystery mystery\25_seg007.wav,Mystery mystery
data\processed\Mystery mystery\238_seg000.wav,Mystery mystery
data\processed\Cyornis poliogenys\11_seg007.wav,Cyornis poliogenys
data\processed\Mystery mystery\251_seg006.wav,Mystery mystery
data\processed\Mystery mystery\341_seg005.wav,Mystery mystery
data\processed\Centropus andamanensis\7_seg014.wav,Centropus andamanensis
data\processed\Acridotheres fuscus\7_seg009.wav,Acridotheres fuscus
data\processed\noise\Centropus_andamanensis__6__seg013.wav,noise
data\processed\Mystery mystery\178_seg002.wav,Mystery mystery
data\processed\Rimator malacoptilus\13_seg017.wav,Rimator malacoptilus
data\processed\Glaucidium cuculoides\15_seg008.wav,Glaucidium cuculoides
data\processed\noise\Macronus_gularis__4__seg008.wav,noise
data\processed\Glaucidium cuculoides\30_seg011.wav,Glaucidium cuculoides
data\processed\Mystery mystery\269_seg001.wav,Mystery mystery
data\processed\Stachyridopsis ambigua\12_seg001.wav,Stachyridopsis ambigua
data\processed\Chelidorhynx hypoxanthus\9_seg017.wav,Chelidorhynx hypoxanthus
data\processed\Cyornis unicolor\19_seg012.wav,Cyornis unicolor
data\processed\Chloropsis\19_seg000.wav,Chloropsis
data\processed\Cuculus micropterus\9_seg004.wav,Cuculus micropterus
data\processed\Cuculus micropterus\8_seg032.wav,Cuculus micropterus
data\processed\Pnoepyga pusilla\24_seg003.wav,Pnoepyga pusilla
data\processed\Mystery mystery\428_seg003.wav,Mystery mystery
data\processed\Centropus andamanensis\4_seg008.wav,Centropus andamanensis
data\processed\Lanius tephronotus\5_seg016.wav,Lanius tephronotus
data\processed\Mystery mystery\41_seg009.wav,Mystery mystery
data\processed\Chloropsis jerdoni\12_seg000.wav,Chloropsis jerdoni
data\processed\Mystery mystery\377_seg001.wav,Mystery mystery
data\processed\Stachyridopsis ambigua\13_seg010.wav,Stachyridopsis ambigua
data\processed\Psilopogon lineatus\21_seg026.wav,Psilopogon lineatus
data\processed\Arborophila torqueola\19_seg000.wav,Arborophila torqueola
data\processed\Macronus gularis\17_seg009.wav,Macronus gularis
data\processed\Cyornis poliogenys\29_seg000.wav,Cyornis poliogenys
data\processed\Pomatorhinus ruficollis\38_seg001.wav,Pomatorhinus ruficollis
data\processed\Glaucidium cuculoides\31_seg065.wav,Glaucidium cuculoides
data\processed\Mystery mystery\323_seg008.wav,Mystery mystery
data\processed\Mystery mystery\415_seg016.wav,Mystery mystery
data\processed\Liocichla phoenicea\22_seg005.wav,Liocichla phoenicea
data\processed\Cuculus micropterus\21_seg000.wav,Cuculus micropterus
data\processed\Mystery mystery\102_seg001.wav,Mystery mystery
data\processed\Chloropsis jerdoni\10_seg010.wav,Chloropsis jerdoni
data\processed\Mystery mystery\386_seg002.wav,Mystery mystery
data\processed\Arborophila torqueola\1_seg009.wav,Arborophila torqueola
data\processed\Chloropsis\11_seg005.wav,Chloropsis
data\processed\Sturnia malabarica\4_seg014.wav,Sturnia malabarica
data\processed\Chelidorhynx hypoxanthus\4_seg001.wav,Chelidorhynx hypoxanthus
data\processed\Chelidorhynx hypoxanthus\10_seg023.wav,Chelidorhynx hypoxanthus
data\processed\Sturnia malabarica\10_seg001.wav,Sturnia malabarica
data\processed\Mystery mystery\229_seg007.wav,Mystery mystery
data\processed\Pellorneum ruficeps\83_seg008.wav,Pellorneum ruficeps
data\processed\Cuculus micropterus\31_seg003.wav,Cuculus micropterus
data\processed\Mystery mystery\328_seg013.wav,Mystery mystery
data\processed\Mystery mystery\43_seg047.wav,Mystery mystery
data\processed\Pomatorhinus ruficollis\13_seg014.wav,Pomatorhinus ruficollis
data\processed\Loriculus vernalis\19_seg001.wav,Loriculus vernalis
data\processed\noise\Dicrurus_andamanensis__7__seg006.wav,noise
data\processed\Mystery mystery\81_seg004.wav,Mystery mystery
data\processed\Pellorneum ruficeps\54_seg001.wav,Pellorneum ruficeps
data\processed\Pomatorhinus ruficollis\13_seg005.wav,Pomatorhinus ruficollis
data\processed\Cyornis poliogenys\16_seg004.wav,Cyornis poliogenys
data\processed\Arborophila torqueola\26_seg019.wav,Arborophila torqueola
data\processed\Arborophila torqueola\28_seg035.wav,Arborophila torqueola
data\processed\Arborophila torqueola\26_seg005.wav,Arborophila torqueola
data\processed\Liocichla phoenicea\13_seg015.wav,Liocichla phoenicea
data\processed\noise\Dicrurus_andamanensis__18__seg001.wav,noise
data\processed\Mystery mystery\299_seg003.wav,Mystery mystery
data\processed\Liocichla phoenicea\12_seg020.wav,Liocichla phoenicea
data\processed\Phylloscopus subaffinis\1_seg010.wav,Phylloscopus subaffinis
data\processed\Alcippe cinerea\1_seg001.wav,Alcippe cinerea
data\processed\Loriculus vernalis\15_seg003.wav,Loriculus vernalis
data\processed\noise\Dicrurus_andamanensis__18__seg005.wav,noise
data\processed\Pomatorhinus ruficollis\39_seg006.wav,Pomatorhinus ruficollis
data\processed\Mystery mystery\410_seg009.wav,Mystery mystery
data\processed\Mystery mystery\16_seg005.wav,Mystery mystery
data\processed\Glaucidium cuculoides\30_seg006.wav,Glaucidium cuculoides
data\processed\noise\Mystery_mystery__334__seg002.wav,noise
data\processed\Mystery mystery\245_seg008.wav,Mystery mystery
data\processed\Mystery mystery\25_seg034.wav,Mystery mystery
data\processed\Mystery mystery\241_seg004.wav,Mystery mystery
data\processed\Pellorneum ruficeps\23_seg018.wav,Pellorneum ruficeps
data\processed\Sphenocichla humei\37_seg011.wav,Sphenocichla humei
data\processed\Mystery mystery\395_seg001.wav,Mystery mystery
data\processed\Pellorneum ruficeps\97_seg004.wav,Pellorneum ruficeps
data\processed\Eurystomus orientalis\5_seg009.wav,Eurystomus orientalis
data\processed\Macronus gularis\8_seg006.wav,Macronus gularis
data\processed\Pellorneum ruficeps\102_seg021.wav,Pellorneum ruficeps
data\processed\Alcippe cinerea\7_seg011.wav,Alcippe cinerea
data\processed\Phylloscopus inornatus\4_seg008.wav,Phylloscopus inornatus
data\processed\noise\Cyornis_poliogenys__11__seg011.wav,noise
data\processed\Pellorneum ruficeps\75_seg031.wav,Pellorneum ruficeps
data\processed\Pellorneum ruficeps\17_seg000.wav,Pellorneum ruficeps
data\processed\Mystery mystery\360_seg027.wav,Mystery mystery
data\processed\Pomatorhinus ruficollis\33_seg008.wav,Pomatorhinus ruficollis
data\processed\Chelidorhynx hypoxanthus\8_seg004.wav,Chelidorhynx hypoxanthus
data\processed\Chloropsis\14_seg014.wav,Chloropsis
data\processed\Argya longirostris\7_seg009.wav,Argya longirostris
data\processed\Centropus andamanensis\16_seg003.wav,Centropus andamanensis
data\processed\Mystery mystery\118_seg008.wav,Mystery mystery
data\processed\Pellorneum ruficeps\90_seg001.wav,Pellorneum ruficeps
data\processed\Mystery mystery\336_seg076.wav,Mystery mystery
data\processed\Mystery mystery\111_seg003.wav,Mystery mystery
data\processed\Liocichla phoenicea\13_seg021.wav,Liocichla phoenicea
data\processed\noise\Pomatorhinus_ruficollis__36__seg007.wav,noise
data\processed\Cuculus micropterus\50_seg005.wav,Cuculus micropterus
data\processed\Pellorneum ruficeps\101_seg005.wav,Pellorneum ruficeps
data\processed\Mystery mystery\415_seg020.wav,Mystery mystery
data\processed\Locustella davidi\7_seg001.wav,Locustella davidi
data\processed\Sphenocichla humei\16_seg004.wav,Sphenocichla humei
data\processed\Mystery mystery\326_seg004.wav,Mystery mystery
data\processed\Arborophila torqueola\22_seg004.wav,Arborophila torqueola
data\processed\Mystery mystery\410_seg044.wav,Mystery mystery
data\processed\Dicrurus andamanensis\2_seg006.wav,Dicrurus andamanensis
data\processed\Mystery mystery\253_seg012.wav,Mystery mystery
data\processed\Acridotheres fuscus\4_seg007.wav,Acridotheres fuscus
data\processed\Motacilla citreola\6_seg001.wav,Motacilla citreola
data\processed\Pellorneum ruficeps\86_seg004.wav,Pellorneum ruficeps
data\processed\Pellorneum ruficeps\39_seg006.wav,Pellorneum ruficeps
data\processed\Glaucidium cuculoides\21_seg005.wav,Glaucidium cuculoides
data\processed\Chloropsis\14_seg058.wav,Chloropsis
data\processed\Cyornis unicolor\11_seg023.wav,Cyornis unicolor
data\processed\Cuculus micropterus\44_seg009.wav,Cuculus micropterus
data\processed\Mystery mystery\35_seg002.wav,Mystery mystery
data\processed\Mystery mystery\98_seg002.wav,Mystery mystery
data\processed\Mystery mystery\34_seg016.wav,Mystery mystery
data\processed\noise\Cyornis_poliogenys__16__seg006.wav,noise
data\processed\noise\Spelaeornis_oatesi__5__seg003.wav,noise
data\processed\Mystery mystery\16_seg036.wav,Mystery mystery
data\processed\Pomatorhinus ruficollis\18_seg012.wav,Pomatorhinus ruficollis
data\processed\Dicrurus andamanensis\7_seg007.wav,Dicrurus andamanensis
data\processed\Pellorneum ruficeps\16_seg027.wav,Pellorneum ruficeps
data\processed\Cuculus micropterus\66_seg011.wav,Cuculus micropterus
data\processed\Pellorneum ruficeps\69_seg014.wav,Pellorneum ruficeps
data\processed\Argya longirostris\1_seg001.wav,Argya longirostris
data\processed\Mystery mystery\428_seg027.wav,Mystery mystery
data\processed\noise\Pellorneum_ruficeps__50__seg001.wav,noise
data\processed\Mystery mystery\394_seg003.wav,Mystery mystery
data\processed\Pomatorhinus ruficollis\33_seg009.wav,Pomatorhinus ruficollis
data\processed\Chelidorhynx hypoxanthus\10_seg010.wav,Chelidorhynx hypoxanthus
data\processed\Mystery mystery\7_seg016.wav,Mystery mystery
data\processed\Arborophila torqueola\9_seg014.wav,Arborophila torqueola
data\processed\Cyornis magnirostris\4_seg000.wav,Cyornis magnirostris
data\processed\Alcippe cinerea\21_seg002.wav,Alcippe cinerea
data\processed\Psilopogon lineatus\12_seg006.wav,Psilopogon lineatus
data\processed\Mystery mystery\396_seg000.wav,Mystery mystery
data\processed\Liocichla phoenicea\17_seg004.wav,Liocichla phoenicea
data\processed\Mystery mystery\277_seg002.wav,Mystery mystery
data\processed\Mystery mystery\159_seg000.wav,Mystery mystery
data\processed\Mystery mystery\141_seg000.wav,Mystery mystery
data\processed\Arborophila torqueola\27_seg000.wav,Arborophila torqueola
data\processed\Mystery mystery\9_seg032.wav,Mystery mystery
data\processed\Macronus gularis\23_seg002.wav,Macronus gularis
data\processed\Pomatorhinus ruficollis\18_seg035.wav,Pomatorhinus ruficollis
data\processed\noise\Mystery_mystery__250__seg006.wav,noise
data\processed\Pomatorhinus ruficollis\18_seg013.wav,Pomatorhinus ruficollis
data\processed\Pomatorhinus ruficollis\21_seg006.wav,Pomatorhinus ruficollis
data\processed\Macronus gularis\17_seg021.wav,Macronus gularis
data\processed\Psittacula eupatria\19_seg003.wav,Psittacula eupatria
data\processed\Chloropsis jerdoni\1_seg000.wav,Chloropsis jerdoni
data\processed\Motacilla citreola\14_seg010.wav,Motacilla citreola
data\processed\Pellorneum ruficeps\32_seg045.wav,Pellorneum ruficeps
data\processed\Chloropsis jerdoni\6_seg011.wav,Chloropsis jerdoni
data\processed\Pellorneum ruficeps\32_seg035.wav,Pellorneum ruficeps
data\processed\Arborophila torqueola\4_seg015.wav,Arborophila torqueola
data\processed\Mystery mystery\41_seg006.wav,Mystery mystery
data\processed\Sphenocichla humei\37_seg004.wav,Sphenocichla humei
data\processed\noise\Mystery_mystery__300__seg040.wav,noise
data\processed\Mystery mystery\35_seg033.wav,Mystery mystery
data\processed\Mystery mystery\56_seg004.wav,Mystery mystery
data\processed\Cuculus micropterus\4_seg015.wav,Cuculus micropterus
data\processed\Mystery mystery\433_seg007.wav,Mystery mystery
data\processed\noise\Sphenocichla_humei__22__seg003.wav,noise
data\processed\Mystery mystery\410_seg011.wav,Mystery mystery
data\processed\Arborophila torqueola\12_seg006.wav,Arborophila torqueola
data\processed\Mystery mystery\365_seg016.wav,Mystery mystery
data\processed\Mystery mystery\33_seg002.wav,Mystery mystery
data\processed\noise\Sphenocichla_humei__34__seg004.wav,noise
data\processed\Arborophila torqueola\32_seg024.wav,Arborophila torqueola
data\processed\Pellorneum ruficeps\22_seg000.wav,Pellorneum ruficeps
data\processed\Arborophila torqueola\14_seg000.wav,Arborophila torqueola
data\processed\Pellorneum ruficeps\51_seg000.wav,Pellorneum ruficeps
data\processed\Mystery mystery\395_seg003.wav,Mystery mystery
data\processed\Mystery mystery\317_seg001.wav,Mystery mystery
data\processed\Lanius tephronotus\5_seg008.wav,Lanius tephronotus
data\processed\Mystery mystery\43_seg062.wav,Mystery mystery
data\processed\Mystery mystery\127_seg032.wav,Mystery mystery
data\processed\Mystery mystery\399_seg002.wav,Mystery mystery
data\processed\noise\Spelaeornis_oatesi__4__seg001.wav,noise
data\processed\Alcippe cinerea\18_seg004.wav,Alcippe cinerea
data\processed\Mystery mystery\325_seg001.wav,Mystery mystery
data\processed\Mystery mystery\434_seg002.wav,Mystery mystery
data\processed\Mystery mystery\438_seg001.wav,Mystery mystery
data\processed\Cuculus micropterus\24_seg005.wav,Cuculus micropterus
data\processed\Mystery mystery\146_seg000.wav,Mystery mystery
data\processed\Pomatorhinus ruficollis\18_seg025.wav,Pomatorhinus ruficollis
data\processed\noise\Pellorneum_ruficeps__11__seg011.wav,noise
data\processed\Chloropsis\14_seg022.wav,Chloropsis
data\processed\Pomatorhinus ruficollis\16_seg006.wav,Pomatorhinus ruficollis
data\processed\Lanius tephronotus\2_seg001.wav,Lanius tephronotus
data\processed\Cuculus micropterus\4_seg001.wav,Cuculus micropterus
data\processed\Mystery mystery\320_seg010.wav,Mystery mystery
data\processed\Arborophila torqueola\13_seg014.wav,Arborophila torqueola
data\processed\Sphenocichla humei\27_seg006.wav,Sphenocichla humei
data\processed\Psittacula eupatria\10_seg002.wav,Psittacula eupatria
data\processed\Rimator malacoptilus\3_seg019.wav,Rimator malacoptilus
data\processed\Cuculus micropterus\31_seg014.wav,Cuculus micropterus
data\processed\Liocichla phoenicea\18_seg002.wav,Liocichla phoenicea
data\processed\Mystery mystery\382_seg000.wav,Mystery mystery
data\processed\Mystery mystery\4_seg003.wav,Mystery mystery
data\processed\Macronus gularis\11_seg003.wav,Macronus gularis
data\processed\Mystery mystery\410_seg039.wav,Mystery mystery
data\processed\Chloropsis\16_seg006.wav,Chloropsis
data\processed\Polyplectron bicalcaratum\4_seg000.wav,Polyplectron bicalcaratum
data\processed\noise\Pellorneum_ruficeps__20__seg003.wav,noise
data\processed\Psilopogon lineatus\2_seg003.wav,Psilopogon lineatus
data\processed\noise\Alcippe_cinerea__5__seg004.wav,noise
data\processed\Acridotheres fuscus\9_seg015.wav,Acridotheres fuscus
data\processed\noise\Mystery_mystery__332__seg026.wav,noise
data\processed\Rimator malacoptilus\16_seg005.wav,Rimator malacoptilus
data\processed\Mystery mystery\333_seg001.wav,Mystery mystery
data\processed\Locustella davidi\5_seg002.wav,Locustella davidi
data\processed\noise\Psilopogon_lineatus__2__seg009.wav,noise
data\processed\Mystery mystery\390_seg010.wav,Mystery mystery
data\processed\Mystery mystery\301_seg020.wav,Mystery mystery
data\processed\Liocichla phoenicea\6_seg005.wav,Liocichla phoenicea
data\processed\Mystery mystery\294_seg000.wav,Mystery mystery
data\processed\Mystery mystery\423_seg016.wav,Mystery mystery
data\processed\Mystery mystery\414_seg044.wav,Mystery mystery
data\processed\Sphenocichla humei\23_seg000.wav,Sphenocichla humei
data\processed\Cuculus micropterus\44_seg004.wav,Cuculus micropterus
data\processed\noise\Liocichla_phoenicea__9__seg009.wav,noise
data\processed\Mystery mystery\127_seg030.wav,Mystery mystery
data\processed\Loriculus vernalis\28_seg010.wav,Loriculus vernalis
data\processed\Cypsiurus balasiensis\7_seg014.wav,Cypsiurus balasiensis
data\processed\noise\Mystery_mystery__315__seg001.wav,noise
data\processed\Acridotheres fuscus\11_seg003.wav,Acridotheres fuscus
data\processed\Polyplectron bicalcaratum\2_seg006.wav,Polyplectron bicalcaratum
data\processed\Arborophila torqueola\33_seg006.wav,Arborophila torqueola
data\processed\Pellorneum ruficeps\87_seg010.wav,Pellorneum ruficeps
data\processed\Cuculus micropterus\45_seg003.wav,Cuculus micropterus
data\processed\Mystery mystery\203_seg000.wav,Mystery mystery
data\processed\Chloropsis\14_seg065.wav,Chloropsis
data\processed\Sphenocichla humei\26_seg005.wav,Sphenocichla humei
data\processed\Psittacula eupatria\22_seg001.wav,Psittacula eupatria
data\processed\Cyornis poliogenys\4_seg002.wav,Cyornis poliogenys
data\processed\Psittacula eupatria\3_seg001.wav,Psittacula eupatria
data\processed\Mystery mystery\270_seg001.wav,Mystery mystery
data\processed\Cyornis unicolor\18_seg001.wav,Cyornis unicolor
data\processed\Pellorneum ruficeps\102_seg003.wav,Pellorneum ruficeps
data\processed\Mystery mystery\267_seg007.wav,Mystery mystery
data\processed\Arborophila torqueola\20_seg003.wav,Arborophila torqueola
data\processed\Cypsiurus balasiensis\7_seg023.wav,Cypsiurus balasiensis
data\processed\Pluvialis squatarola\1_seg006.wav,Pluvialis squatarola
data\processed\Mystery mystery\66_seg003.wav,Mystery mystery
data\processed\Mystery mystery\323_seg007.wav,Mystery mystery
data\processed\Mystery mystery\197_seg001.wav,Mystery mystery
data\processed\Pellorneum ruficeps\64_seg005.wav,Pellorneum ruficeps
data\processed\Mystery mystery\9_seg035.wav,Mystery mystery
data\processed\Chloropsis jerdoni\8_seg000.wav,Chloropsis jerdoni
data\processed\Polyplectron bicalcaratum\6_seg006.wav,Polyplectron bicalcaratum
data\processed\Pellorneum ruficeps\55_seg001.wav,Pellorneum ruficeps
data\processed\Mystery mystery\82_seg002.wav,Mystery mystery
data\processed\Psilopogon lineatus\11_seg012.wav,Psilopogon lineatus
data\processed\Pellorneum ruficeps\9_seg005.wav,Pellorneum ruficeps
data\processed\Mystery mystery\423_seg003.wav,Mystery mystery
data\processed\Mystery mystery\300_seg004.wav,Mystery mystery
data\processed\Mystery mystery\127_seg023.wav,Mystery mystery
data\processed\Mystery mystery\25_seg001.wav,Mystery mystery
data\processed\Mystery mystery\115_seg012.wav,Mystery mystery
data\processed\Dicrurus andamanensis\15_seg012.wav,Dicrurus andamanensis
data\processed\Mystery mystery\239_seg008.wav,Mystery mystery
data\processed\Mystery mystery\321_seg008.wav,Mystery mystery
data\processed\Pnoepyga pusilla\5_seg015.wav,Pnoepyga pusilla
data\processed\Cyornis unicolor\2_seg005.wav,Cyornis unicolor
data\processed\noise\Sphenocichla_humei__18__seg009.wav,noise
data\processed\Mystery mystery\5_seg017.wav,Mystery mystery
data\processed\Cypsiurus balasiensis\8_seg005.wav,Cypsiurus balasiensis
data\processed\Pellorneum ruficeps\17_seg012.wav,Pellorneum ruficeps
data\processed\Sphenocichla humei\1_seg004.wav,Sphenocichla humei
data\processed\noise\Mystery_mystery__336__seg084.wav,noise
data\processed\Chloropsis jerdoni\8_seg001.wav,Chloropsis jerdoni
data\processed\Mystery mystery\86_seg010.wav,Mystery mystery
data\processed\Mystery mystery\336_seg018.wav,Mystery mystery
data\processed\Arborophila torqueola\3_seg006.wav,Arborophila torqueola
data\processed\Loriculus vernalis\26_seg008.wav,Loriculus vernalis
data\processed\noise\Loriculus_vernalis__21__seg005.wav,noise
data\processed\Mystery mystery\35_seg023.wav,Mystery mystery
data\processed\Arborophila torqueola\6_seg016.wav,Arborophila torqueola
data\processed\Acridotheres fuscus\7_seg015.wav,Acridotheres fuscus
data\processed\Mystery mystery\107_seg008.wav,Mystery mystery
data\processed\Pellorneum ruficeps\54_seg011.wav,Pellorneum ruficeps
data\processed\Pomatorhinus ruficollis\19_seg000.wav,Pomatorhinus ruficollis
data\processed\Mystery mystery\34_seg000.wav,Mystery mystery
data\processed\Arborophila torqueola\2_seg037.wav,Arborophila torqueola
data\processed\Mystery mystery\301_seg007.wav,Mystery mystery
data\processed\Halcyon coromanda\8_seg002.wav,Halcyon coromanda
data\processed\Polyplectron bicalcaratum\7_seg002.wav,Polyplectron bicalcaratum
data\processed\Mystery mystery\337_seg009.wav,Mystery mystery
data\processed\Mystery mystery\114_seg001.wav,Mystery mystery
data\processed\Chelidorhynx hypoxanthus\9_seg013.wav,Chelidorhynx hypoxanthus
data\processed\Arborophila torqueola\2_seg000.wav,Arborophila torqueola
data\processed\Alcippe cinerea\19_seg014.wav,Alcippe cinerea
data\processed\Dicrurus andamanensis\15_seg008.wav,Dicrurus andamanensis
data\processed\Mystery mystery\360_seg028.wav,Mystery mystery
data\processed\Spelaeornis oatesi\5_seg020.wav,Spelaeornis oatesi
data\processed\Psilopogon lineatus\10_seg003.wav,Psilopogon lineatus
data\processed\Pellorneum ruficeps\32_seg030.wav,Pellorneum ruficeps
data\processed\Arborophila torqueola\2_seg016.wav,Arborophila torqueola
data\processed\Arborophila torqueola\3_seg012.wav,Arborophila torqueola
data\processed\Mystery mystery\56_seg003.wav,Mystery mystery
data\processed\Psittacula eupatria\1_seg002.wav,Psittacula eupatria
data\processed\Pomatorhinus ruficollis\13_seg003.wav,Pomatorhinus ruficollis
data\processed\Liocichla phoenicea\12_seg000.wav,Liocichla phoenicea
data\processed\Cyornis unicolor\1_seg018.wav,Cyornis unicolor
data\processed\Chelidorhynx hypoxanthus\10_seg031.wav,Chelidorhynx hypoxanthus
data\processed\Sphenocichla humei\26_seg002.wav,Sphenocichla humei
data\processed\Arachnothera magna\2_seg000.wav,Arachnothera magna
data\processed\Mystery mystery\360_seg006.wav,Mystery mystery
data\processed\Mystery mystery\267_seg029.wav,Mystery mystery
data\processed\Mystery mystery\336_seg038.wav,Mystery mystery
data\processed\noise\Pellorneum_ruficeps__74__seg022.wav,noise
data\processed\noise\Rimator_malacoptilus__8__seg013.wav,noise
data\processed\Cuculus micropterus\41_seg003.wav,Cuculus micropterus
data\processed\Alcippe cinerea\23_seg012.wav,Alcippe cinerea
data\processed\Dicrurus andamanensis\18_seg022.wav,Dicrurus andamanensis
data\processed\Psittacula eupatria\24_seg000.wav,Psittacula eupatria
data\processed\Pomatorhinus ruficollis\5_seg002.wav,Pomatorhinus ruficollis
data\processed\noise\Sturnia_malabarica__16__seg016.wav,noise
data\processed\Iole cacharensis\6_seg011.wav,Iole cacharensis
data\processed\Rimator malacoptilus\16_seg001.wav,Rimator malacoptilus
data\processed\Mystery mystery\300_seg067.wav,Mystery mystery
data\processed\Cyornis poliogenys\17_seg019.wav,Cyornis poliogenys
data\processed\Mystery mystery\428_seg036.wav,Mystery mystery
data\processed\Cuculus micropterus\12_seg006.wav,Cuculus micropterus
data\processed\Arborophila torqueola\8_seg016.wav,Arborophila torqueola
data\processed\Mystery mystery\247_seg003.wav,Mystery mystery
data\processed\noise\Rimator_malacoptilus__8__seg009.wav,noise
data\processed\Mystery mystery\341_seg014.wav,Mystery mystery
data\processed\noise\Mystery_mystery__268__seg013.wav,noise
data\processed\Chloropsis\11_seg016.wav,Chloropsis
data\processed\noise\Glaucidium_cuculoides__8__seg005.wav,noise
data\processed\Mystery mystery\256_seg027.wav,Mystery mystery
data\processed\Glaucidium cuculoides\15_seg001.wav,Glaucidium cuculoides
data\processed\Liocichla phoenicea\3_seg010.wav,Liocichla phoenicea
data\processed\Polyplectron bicalcaratum\2_seg003.wav,Polyplectron bicalcaratum
data\processed\Centropus andamanensis\12_seg001.wav,Centropus andamanensis
data\processed\Cuculus micropterus\56_seg007.wav,Cuculus micropterus
data\processed\Cyornis unicolor\10_seg027.wav,Cyornis unicolor
data\processed\Phylloscopus inornatus\3_seg000.wav,Phylloscopus inornatus
data\processed\Mystery mystery\377_seg000.wav,Mystery mystery
data\processed\Mystery mystery\17_seg018.wav,Mystery mystery
data\processed\Acridotheres fuscus\11_seg004.wav,Acridotheres fuscus
data\processed\Mystery mystery\254_seg002.wav,Mystery mystery
data\processed\Alcippe cinerea\2_seg004.wav,Alcippe cinerea
data\processed\noise\Pomatorhinus_ruficollis__33__seg005.wav,noise
data\processed\Arborophila torqueola\3_seg004.wav,Arborophila torqueola
data\processed\noise\Glaucidium_cuculoides__12__seg016.wav,noise
data\processed\Cuculus micropterus\8_seg030.wav,Cuculus micropterus
data\processed\Chloropsis\10_seg003.wav,Chloropsis
data\processed\Motacilla citreola\5_seg000.wav,Motacilla citreola
data\processed\Pellorneum ruficeps\8_seg024.wav,Pellorneum ruficeps
data\processed\Pellorneum ruficeps\75_seg022.wav,Pellorneum ruficeps
data\processed\Pellorneum ruficeps\75_seg026.wav,Pellorneum ruficeps
data\processed\Cypsiurus balasiensis\7_seg029.wav,Cypsiurus balasiensis
data\processed\Mystery mystery\410_seg043.wav,Mystery mystery
data\processed\Mystery mystery\288_seg006.wav,Mystery mystery
data\processed\Pomatorhinus ruficollis\32_seg007.wav,Pomatorhinus ruficollis
data\processed\Mystery mystery\256_seg041.wav,Mystery mystery
data\processed\Pellorneum ruficeps\83_seg014.wav,Pellorneum ruficeps
data\processed\Lanius tephronotus\4_seg001.wav,Lanius tephronotus
data\processed\Mystery mystery\301_seg041.wav,Mystery mystery
data\processed\Dicrurus andamanensis\2_seg009.wav,Dicrurus andamanensis
data\processed\Phylloscopus inornatus\3_seg010.wav,Phylloscopus inornatus
data\processed\Alcippe cinerea\10_seg018.wav,Alcippe cinerea
data\processed\Mystery mystery\177_seg001.wav,Mystery mystery
data\processed\Pnoepyga pusilla\23_seg014.wav,Pnoepyga pusilla
data\processed\Pellorneum ruficeps\97_seg013.wav,Pellorneum ruficeps
data\processed\Liocichla phoenicea\10_seg002.wav,Liocichla phoenicea
data\processed\noise\Cyornis_poliogenys__19__seg002.wav,noise
data\processed\Loriculus vernalis\27_seg022.wav,Loriculus vernalis
data\processed\Centropus andamanensis\7_seg010.wav,Centropus andamanensis
data\processed\Mystery mystery\348_seg009.wav,Mystery mystery
data\processed\Mystery mystery\279_seg005.wav,Mystery mystery
data\processed\Mystery mystery\395_seg000.wav,Mystery mystery
data\processed\Liocichla phoenicea\13_seg040.wav,Liocichla phoenicea
data\processed\Mystery mystery\381_seg001.wav,Mystery mystery
data\processed\Glaucidium cuculoides\2_seg002.wav,Glaucidium cuculoides
data\processed\Ixobrychus cinnamomeus\4_seg009.wav,Ixobrychus cinnamomeus
data\processed\Cuculus micropterus\45_seg016.wav,Cuculus micropterus
data\processed\Mystery mystery\81_seg002.wav,Mystery mystery
data\processed\Psilopogon lineatus\6_seg008.wav,Psilopogon lineatus
data\processed\Cuculus micropterus\46_seg001.wav,Cuculus micropterus
data\processed\Glaucidium cuculoides\36_seg003.wav,Glaucidium cuculoides
data\processed\Iole cacharensis\6_seg001.wav,Iole cacharensis
data\processed\Psittacula eupatria\6_seg013.wav,Psittacula eupatria
data\processed\Pellorneum ruficeps\57_seg000.wav,Pellorneum ruficeps
data\processed\Mystery mystery\369_seg003.wav,Mystery mystery
data\processed\Psittacula eupatria\4_seg008.wav,Psittacula eupatria
data\processed\Mystery mystery\333_seg002.wav,Mystery mystery
data\processed\Mystery mystery\310_seg007.wav,Mystery mystery
data\processed\Sphenocichla humei\31_seg001.wav,Sphenocichla humei
data\processed\Mystery mystery\406_seg020.wav,Mystery mystery
data\processed\Mystery mystery\412_seg009.wav,Mystery mystery
data\processed\Sphenocichla humei\1_seg006.wav,Sphenocichla humei
data\processed\Glaucidium cuculoides\31_seg020.wav,Glaucidium cuculoides
data\processed\Mystery mystery\118_seg005.wav,Mystery mystery
data\processed\Mystery mystery\300_seg006.wav,Mystery mystery
data\processed\Glaucidium cuculoides\31_seg087.wav,Glaucidium cuculoides
data\processed\Cyornis unicolor\2_seg001.wav,Cyornis unicolor
data\processed\Pnoepyga pusilla\21_seg003.wav,Pnoepyga pusilla
data\processed\Psittacula eupatria\28_seg005.wav,Psittacula eupatria
data\processed\Mystery mystery\336_seg031.wav,Mystery mystery
data\processed\Mystery mystery\35_seg009.wav,Mystery mystery
data\processed\Mystery mystery\327_seg040.wav,Mystery mystery
data\processed\Aethopyga gouldiae\3_seg002.wav,Aethopyga gouldiae
data\processed\Cyornis unicolor\16_seg002.wav,Cyornis unicolor
data\processed\Liocichla phoenicea\7_seg002.wav,Liocichla phoenicea
data\processed\Mystery mystery\269_seg000.wav,Mystery mystery
data\processed\Cypsiurus balasiensis\7_seg027.wav,Cypsiurus balasiensis
data\processed\Pellorneum ruficeps\67_seg006.wav,Pellorneum ruficeps
data\processed\Mystery mystery\410_seg002.wav,Mystery mystery
data\processed\Chloropsis\14_seg101.wav,Chloropsis
data\processed\Mystery mystery\332_seg030.wav,Mystery mystery
data\processed\Aethopyga gouldiae\5_seg000.wav,Aethopyga gouldiae
data\processed\Pellorneum ruficeps\89_seg005.wav,Pellorneum ruficeps
data\processed\Loriculus vernalis\8_seg008.wav,Loriculus vernalis
data\processed\Rimator malacoptilus\15_seg013.wav,Rimator malacoptilus
data\processed\Pnoepyga pusilla\29_seg009.wav,Pnoepyga pusilla
data\processed\Glaucidium cuculoides\31_seg005.wav,Glaucidium cuculoides
data\processed\noise\Pellorneum_ruficeps__17__seg023.wav,noise
data\processed\Chelidorhynx hypoxanthus\15_seg018.wav,Chelidorhynx hypoxanthus
data\processed\Mystery mystery\284_seg001.wav,Mystery mystery
data\processed\noise\Pomatorhinus_ruficollis__6__seg012.wav,noise
data\processed\Pellorneum ruficeps\16_seg039.wav,Pellorneum ruficeps
data\processed\Mystery mystery\89_seg003.wav,Mystery mystery
data\processed\Pellorneum ruficeps\32_seg034.wav,Pellorneum ruficeps
data\processed\Alcippe cinerea\23_seg011.wav,Alcippe cinerea
data\processed\Mystery mystery\8_seg004.wav,Mystery mystery
data\processed\Polyplectron bicalcaratum\6_seg004.wav,Polyplectron bicalcaratum
data\processed\noise\Pellorneum_ruficeps__86__seg054.wav,noise
data\processed\Mystery mystery\327_seg035.wav,Mystery mystery
data\processed\Pellorneum ruficeps\14_seg016.wav,Pellorneum ruficeps
data\processed\Cyornis poliogenys\28_seg002.wav,Cyornis poliogenys
data\processed\Rimator malacoptilus\15_seg008.wav,Rimator malacoptilus
data\processed\Loriculus vernalis\11_seg000.wav,Loriculus vernalis
data\processed\Liocichla phoenicea\13_seg045.wav,Liocichla phoenicea
data\processed\Arborophila torqueola\13_seg007.wav,Arborophila torqueola
data\processed\Arborophila torqueola\4_seg001.wav,Arborophila torqueola
data\processed\Pellorneum ruficeps\69_seg027.wav,Pellorneum ruficeps
data\processed\Locustella davidi\4_seg005.wav,Locustella davidi
data\processed\Pomatorhinus ruficollis\18_seg018.wav,Pomatorhinus ruficollis
data\processed\Arborophila torqueola\24_seg010.wav,Arborophila torqueola
data\processed\Centropus andamanensis\6_seg010.wav,Centropus andamanensis
data\processed\Todiramphus chloris\23_seg002.wav,Todiramphus chloris
data\processed\Loriculus vernalis\29_seg012.wav,Loriculus vernalis
data\processed\Mystery mystery\2_seg009.wav,Mystery mystery
data\processed\noise\Argya_longirostris__7__seg019.wav,noise
data\processed\Todiramphus chloris\19_seg004.wav,Todiramphus chloris
data\processed\Mystery mystery\429_seg013.wav,Mystery mystery
data\processed\Lanius tephronotus\5_seg010.wav,Lanius tephronotus
data\processed\Chloropsis jerdoni\3_seg005.wav,Chloropsis jerdoni
data\processed\Psilopogon lineatus\9_seg007.wav,Psilopogon lineatus
data\processed\noise\Mystery_mystery__432__seg016.wav,noise
data\processed\Sphenocichla humei\1_seg001.wav,Sphenocichla humei
data\processed\Chelidorhynx hypoxanthus\12_seg010.wav,Chelidorhynx hypoxanthus
data\processed\Mystery mystery\374_seg019.wav,Mystery mystery
data\processed\Pellorneum ruficeps\87_seg039.wav,Pellorneum ruficeps
data\processed\Chelidorhynx hypoxanthus\12_seg013.wav,Chelidorhynx hypoxanthus
data\processed\Mystery mystery\301_seg005.wav,Mystery mystery
data\processed\Mystery mystery\318_seg002.wav,Mystery mystery
data\processed\Pomatorhinus ruficollis\24_seg038.wav,Pomatorhinus ruficollis
data\processed\Mystery mystery\36_seg000.wav,Mystery mystery
data\processed\Pomatorhinus ruficollis\18_seg005.wav,Pomatorhinus ruficollis
data\processed\Mystery mystery\16_seg004.wav,Mystery mystery
data\processed\Chloropsis jerdoni\4_seg010.wav,Chloropsis jerdoni
data\processed\Loriculus vernalis\26_seg012.wav,Loriculus vernalis
data\processed\Cypsiurus balasiensis\4_seg003.wav,Cypsiurus balasiensis
data\processed\Cuculus micropterus\43_seg011.wav,Cuculus micropterus
data\processed\Cyornis unicolor\26_seg002.wav,Cyornis unicolor
data\processed\Sphenocichla humei\19_seg009.wav,Sphenocichla humei
data\processed\Chelidorhynx hypoxanthus\1_seg000.wav,Chelidorhynx hypoxanthus
data\processed\Chelidorhynx hypoxanthus\2_seg000.wav,Chelidorhynx hypoxanthus
data\processed\Pellorneum ruficeps\26_seg022.wav,Pellorneum ruficeps
data\processed\Cyornis poliogenys\18_seg005.wav,Cyornis poliogenys
data\processed\Centropus andamanensis\4_seg002.wav,Centropus andamanensis
data\processed\noise\Arborophila_torqueola__4__seg019.wav,noise
data\processed\Pnoepyga pusilla\23_seg017.wav,Pnoepyga pusilla
data\processed\Mystery mystery\326_seg000.wav,Mystery mystery
data\processed\Mystery mystery\38_seg008.wav,Mystery mystery
data\processed\Arborophila torqueola\24_seg001.wav,Arborophila torqueola
data\processed\Riparia chinensis\2_seg001.wav,Riparia chinensis
data\processed\noise\Mystery_mystery__125__seg000.wav,noise
data\processed\noise\Chloropsis__2__seg004.wav,noise
data\processed\Mystery mystery\377_seg029.wav,Mystery mystery
data\processed\Mystery mystery\148_seg001.wav,Mystery mystery
data\processed\Arborophila torqueola\6_seg008.wav,Arborophila torqueola
data\processed\Sphenocichla humei\6_seg006.wav,Sphenocichla humei
data\processed\Mystery mystery\336_seg096.wav,Mystery mystery
data\processed\Cyornis poliogenys\27_seg002.wav,Cyornis poliogenys
data\processed\Mystery mystery\19_seg054.wav,Mystery mystery
data\processed\Pellorneum ruficeps\40_seg020.wav,Pellorneum ruficeps
data\processed\Mystery mystery\1_seg003.wav,Mystery mystery
data\processed\Argya longirostris\2_seg003.wav,Argya longirostris
data\processed\Cyornis concretus\1_seg009.wav,Cyornis concretus
data\processed\Alcippe cinerea\1_seg006.wav,Alcippe cinerea
data\processed\Psilopogon lineatus\12_seg014.wav,Psilopogon lineatus
data\processed\noise\Pomatorhinus_ruficollis__6__seg015.wav,noise
data\processed\Rimator malacoptilus\2_seg013.wav,Rimator malacoptilus
data\processed\Mystery mystery\1_seg017.wav,Mystery mystery
data\processed\Mystery mystery\373_seg034.wav,Mystery mystery
data\processed\Todiramphus chloris\9_seg004.wav,Todiramphus chloris
data\processed\Mystery mystery\62_seg001.wav,Mystery mystery
data\processed\Mystery mystery\360_seg005.wav,Mystery mystery
data\processed\Mystery mystery\300_seg037.wav,Mystery mystery
data\processed\Pomatorhinus ruficollis\24_seg015.wav,Pomatorhinus ruficollis
data\processed\Mystery mystery\18_seg009.wav,Mystery mystery
data\processed\Mystery mystery\348_seg013.wav,Mystery mystery
data\processed\Todiramphus chloris\9_seg006.wav,Todiramphus chloris
data\processed\Mystery mystery\16_seg031.wav,Mystery mystery
data\processed\Mystery mystery\248_seg001.wav,Mystery mystery
data\processed\Cyornis unicolor\10_seg012.wav,Cyornis unicolor
data\processed\Phylloscopus subaffinis\1_seg011.wav,Phylloscopus subaffinis
data\processed\Mystery mystery\182_seg000.wav,Mystery mystery
data\processed\Chloropsis\7_seg001.wav,Chloropsis
data\processed\noise\Polyplectron_bicalcaratum__2__seg007.wav,noise
data\processed\noise\Pomatorhinus_ruficollis__7__seg014.wav,noise
data\processed\Pomatorhinus ruficollis\7_seg010.wav,Pomatorhinus ruficollis
data\processed\Mystery mystery\228_seg007.wav,Mystery mystery
data\processed\Cyornis unicolor\19_seg013.wav,Cyornis unicolor
data\processed\Iole cacharensis\2_seg003.wav,Iole cacharensis
data\processed\noise\Psittacula_eupatria__8__seg032.wav,noise
data\processed\Mystery mystery\19_seg047.wav,Mystery mystery
data\processed\Alcippe cinerea\4_seg002.wav,Alcippe cinerea
data\processed\Mystery mystery\258_seg018.wav,Mystery mystery
data\processed\Mystery mystery\55_seg000.wav,Mystery mystery
data\processed\Motacilla citreola\10_seg004.wav,Motacilla citreola
data\processed\Polyplectron bicalcaratum\3_seg003.wav,Polyplectron bicalcaratum
data\processed\Pellorneum ruficeps\11_seg005.wav,Pellorneum ruficeps
data\processed\noise\Argya_longirostris__7__seg021.wav,noise
data\processed\noise\Glaucidium_cuculoides__12__seg021.wav,noise
data\processed\Chelidorhynx hypoxanthus\12_seg009.wav,Chelidorhynx hypoxanthus
data\processed\Mystery mystery\25_seg044.wav,Mystery mystery
data\processed\Cuculus micropterus\37_seg002.wav,Cuculus micropterus
data\processed\Pnoepyga pusilla\7_seg001.wav,Pnoepyga pusilla
data\processed\Glaucidium cuculoides\40_seg001.wav,Glaucidium cuculoides
data\processed\Mystery mystery\297_seg007.wav,Mystery mystery
data\processed\Pellorneum ruficeps\17_seg001.wav,Pellorneum ruficeps
data\processed\Sphenocichla humei\43_seg003.wav,Sphenocichla humei
data\processed\Mystery mystery\17_seg013.wav,Mystery mystery
data\processed\Cyornis unicolor\4_seg010.wav,Cyornis unicolor
data\processed\noise\Pomatorhinus_ruficollis__30__seg000.wav,noise
data\processed\Mystery mystery\93_seg005.wav,Mystery mystery
data\processed\Mystery mystery\389_seg009.wav,Mystery mystery
data\processed\Acridotheres fuscus\4_seg002.wav,Acridotheres fuscus
data\processed\Locustella davidi\6_seg007.wav,Locustella davidi
data\processed\Macronus gularis\5_seg007.wav,Macronus gularis
data\processed\Pellorneum ruficeps\65_seg009.wav,Pellorneum ruficeps
data\processed\Centropus andamanensis\15_seg000.wav,Centropus andamanensis
data\processed\Mystery mystery\245_seg007.wav,Mystery mystery
data\processed\Cyornis unicolor\7_seg006.wav,Cyornis unicolor
data\processed\Psittacula eupatria\8_seg015.wav,Psittacula eupatria
data\processed\Glaucidium cuculoides\38_seg001.wav,Glaucidium cuculoides
data\processed\Mystery mystery\240_seg023.wav,Mystery mystery
data\processed\Mystery mystery\374_seg023.wav,Mystery mystery
data\processed\Phylloscopus inornatus\1_seg003.wav,Phylloscopus inornatus
data\processed\Mystery mystery\55_seg009.wav,Mystery mystery
data\processed\Mystery mystery\368_seg012.wav,Mystery mystery
data\processed\Pellorneum ruficeps\8_seg033.wav,Pellorneum ruficeps
data\processed\Chloropsis\14_seg054.wav,Chloropsis
data\processed\Mystery mystery\85_seg000.wav,Mystery mystery
data\processed\Sturnia malabarica\16_seg008.wav,Sturnia malabarica
data\processed\Mystery mystery\38_seg010.wav,Mystery mystery
data\processed\Cuculus micropterus\31_seg013.wav,Cuculus micropterus
data\processed\Pellorneum ruficeps\52_seg005.wav,Pellorneum ruficeps
data\processed\noise\Rimator_malacoptilus__20__seg007.wav,noise
data\processed\Alcippe cinerea\19_seg008.wav,Alcippe cinerea
data\processed\Mystery mystery\372_seg002.wav,Mystery mystery
data\processed\Pellorneum ruficeps\94_seg007.wav,Pellorneum ruficeps
data\processed\Motacilla citreola\14_seg029.wav,Motacilla citreola
data\processed\Loriculus vernalis\21_seg002.wav,Loriculus vernalis
data\processed\Loriculus vernalis\21_seg001.wav,Loriculus vernalis
data\processed\noise\Glaucidium_cuculoides__10__seg004.wav,noise
data\processed\Pomatorhinus ruficollis\24_seg018.wav,Pomatorhinus ruficollis
data\processed\Pomatorhinus ruficollis\9_seg009.wav,Pomatorhinus ruficollis
data\processed\Mystery mystery\414_seg033.wav,Mystery mystery
data\processed\Mystery mystery\253_seg013.wav,Mystery mystery
data\processed\Mystery mystery\93_seg010.wav,Mystery mystery
data\processed\Pellorneum ruficeps\69_seg011.wav,Pellorneum ruficeps
data\processed\Mystery mystery\258_seg028.wav,Mystery mystery
data\processed\Loriculus vernalis\17_seg002.wav,Loriculus vernalis
data\processed\Mystery mystery\9_seg025.wav,Mystery mystery
data\processed\Liocichla phoenicea\9_seg004.wav,Liocichla phoenicea
data\processed\Macronus gularis\21_seg016.wav,Macronus gularis
data\processed\Mystery mystery\433_seg008.wav,Mystery mystery
data\processed\Mystery mystery\19_seg057.wav,Mystery mystery
data\processed\Mystery mystery\136_seg000.wav,Mystery mystery
data\processed\Alcippe cinerea\7_seg000.wav,Alcippe cinerea
data\processed\Psittacula eupatria\28_seg020.wav,Psittacula eupatria
data\processed\noise\Glaucidium_cuculoides__12__seg025.wav,noise
data\processed\noise\Pellorneum_ruficeps__86__seg045.wav,noise
data\processed\Cyornis magnirostris\1_seg011.wav,Cyornis magnirostris
data\processed\Pnoepyga pusilla\7_seg004.wav,Pnoepyga pusilla
data\processed\Mystery mystery\306_seg013.wav,Mystery mystery
data\processed\Mystery mystery\413_seg014.wav,Mystery mystery
data\processed\Phylloscopus forresti\2_seg001.wav,Phylloscopus forresti
data\processed\Cyornis poliogenys\17_seg018.wav,Cyornis poliogenys
data\processed\Cuculus micropterus\57_seg007.wav,Cuculus micropterus
data\processed\Mystery mystery\20_seg000.wav,Mystery mystery
data\processed\noise\Glaucidium_cuculoides__17__seg004.wav,noise
data\processed\Pnoepyga pusilla\13_seg002.wav,Pnoepyga pusilla
data\processed\Cyornis unicolor\21_seg001.wav,Cyornis unicolor
data\processed\Sphenocichla humei\42_seg006.wav,Sphenocichla humei
data\processed\noise\Sphenocichla_humei__22__seg022.wav,noise
data\processed\Pellorneum ruficeps\7_seg008.wav,Pellorneum ruficeps
data\processed\noise\Pellorneum_ruficeps__102__seg025.wav,noise
data\processed\Liocichla phoenicea\3_seg007.wav,Liocichla phoenicea
data\processed\Pellorneum ruficeps\23_seg024.wav,Pellorneum ruficeps
data\processed\Pellorneum ruficeps\16_seg031.wav,Pellorneum ruficeps
data\processed\noise\Mystery_mystery__34__seg010.wav,noise
data\processed\noise\Cyornis_magnirostris__5__seg001.wav,noise
data\processed\noise\Rimator_malacoptilus__9__seg011.wav,noise
data\processed\Pellorneum ruficeps\9_seg008.wav,Pellorneum ruficeps
data\processed\Rimator malacoptilus\14_seg019.wav,Rimator malacoptilus
data\processed\Chelidorhynx hypoxanthus\15_seg005.wav,Chelidorhynx hypoxanthus
data\processed\Cuculus micropterus\38_seg003.wav,Cuculus micropterus
data\processed\Mystery mystery\443_seg002.wav,Mystery mystery
data\processed\Sturnia malabarica\4_seg004.wav,Sturnia malabarica
data\processed\Psittacula eupatria\4_seg004.wav,Psittacula eupatria
data\processed\Pnoepyga pusilla\22_seg013.wav,Pnoepyga pusilla
data\processed\Mystery mystery\360_seg011.wav,Mystery mystery
data\processed\Mystery mystery\367_seg005.wav,Mystery mystery
data\processed\Pellorneum ruficeps\9_seg004.wav,Pellorneum ruficeps
data\processed\noise\Chloropsis__14__seg112.wav,noise
data\processed\Glaucidium cuculoides\31_seg086.wav,Glaucidium cuculoides
data\processed\Loriculus vernalis\20_seg000.wav,Loriculus vernalis
data\processed\Mystery mystery\43_seg054.wav,Mystery mystery
data\processed\Mystery mystery\19_seg020.wav,Mystery mystery
data\processed\Pnoepyga pusilla\26_seg003.wav,Pnoepyga pusilla
data\processed\Mystery mystery\110_seg024.wav,Mystery mystery
data\processed\Pellorneum ruficeps\8_seg027.wav,Pellorneum ruficeps
data\processed\Arachnothera magna\8_seg001.wav,Arachnothera magna
data\processed\Pnoepyga pusilla\5_seg013.wav,Pnoepyga pusilla
data\processed\Mystery mystery\327_seg006.wav,Mystery mystery
data\processed\Mystery mystery\19_seg019.wav,Mystery mystery
data\processed\Cyornis unicolor\17_seg001.wav,Cyornis unicolor
data\processed\Paradoxornis guttaticollis\4_seg006.wav,Paradoxornis guttaticollis
data\processed\noise\Mystery_mystery__17__seg025.wav,noise
data\processed\Alcippe cinerea\3_seg012.wav,Alcippe cinerea
data\processed\Psittacula eupatria\27_seg010.wav,Psittacula eupatria
data\processed\Liocichla phoenicea\23_seg011.wav,Liocichla phoenicea
data\processed\noise\Spelaeornis_oatesi__5__seg009.wav,noise
data\processed\Cyornis unicolor\6_seg001.wav,Cyornis unicolor
data\processed\Dicrurus andamanensis\17_seg002.wav,Dicrurus andamanensis
data\processed\Mystery mystery\322_seg020.wav,Mystery mystery
data\processed\Alcippe cinerea\8_seg004.wav,Alcippe cinerea
data\processed\Pomatorhinus ruficollis\16_seg010.wav,Pomatorhinus ruficollis
data\processed\Sturnia malabarica\9_seg003.wav,Sturnia malabarica
data\processed\Cyornis unicolor\23_seg001.wav,Cyornis unicolor
data\processed\Mystery mystery\355_seg002.wav,Mystery mystery
data\processed\Mystery mystery\127_seg007.wav,Mystery mystery
data\processed\Cyornis poliogenys\17_seg005.wav,Cyornis poliogenys
data\processed\Arborophila torqueola\8_seg005.wav,Arborophila torqueola
data\processed\noise\Eurystomus_orientalis__1__seg005.wav,noise
data\processed\Mystery mystery\11_seg031.wav,Mystery mystery
data\processed\Cyornis poliogenys\24_seg003.wav,Cyornis poliogenys
data\processed\Cyornis unicolor\19_seg007.wav,Cyornis unicolor
data\processed\Mystery mystery\217_seg008.wav,Mystery mystery
data\processed\Mystery mystery\312_seg012.wav,Mystery mystery
data\processed\Mystery mystery\262_seg000.wav,Mystery mystery
data\processed\Mystery mystery\250_seg011.wav,Mystery mystery
data\processed\Mystery mystery\303_seg015.wav,Mystery mystery
data\processed\Mystery mystery\274_seg002.wav,Mystery mystery
data\processed\noise\Rimator_malacoptilus__18__seg012.wav,noise
data\processed\Mystery mystery\312_seg003.wav,Mystery mystery
data\processed\Mystery mystery\234_seg001.wav,Mystery mystery
data\processed\Arborophila torqueola\27_seg005.wav,Arborophila torqueola
data\processed\Dicaeum minullum\1_seg001.wav,Dicaeum minullum
data\processed\Loriculus vernalis\33_seg002.wav,Loriculus vernalis
data\processed\Glaucidium cuculoides\31_seg033.wav,Glaucidium cuculoides
data\processed\Mystery mystery\58_seg003.wav,Mystery mystery
data\processed\Rimator malacoptilus\9_seg003.wav,Rimator malacoptilus
data\processed\Mystery mystery\289_seg000.wav,Mystery mystery
data\processed\Pellorneum ruficeps\92_seg003.wav,Pellorneum ruficeps
data\processed\Mystery mystery\297_seg025.wav,Mystery mystery
data\processed\Pomatorhinus ruficollis\24_seg036.wav,Pomatorhinus ruficollis
data\processed\Mystery mystery\9_seg036.wav,Mystery mystery
data\processed\Mystery mystery\428_seg033.wav,Mystery mystery
data\processed\Mystery mystery\350_seg004.wav,Mystery mystery
data\processed\Mystery mystery\24_seg006.wav,Mystery mystery
data\processed\Chelidorhynx hypoxanthus\6_seg001.wav,Chelidorhynx hypoxanthus
data\processed\Psilopogon lineatus\20_seg002.wav,Psilopogon lineatus
data\processed\Mystery mystery\187_seg000.wav,Mystery mystery
data\processed\Chloropsis jerdoni\4_seg002.wav,Chloropsis jerdoni
data\processed\Alcippe cinerea\4_seg001.wav,Alcippe cinerea
data\processed\Mystery mystery\400_seg000.wav,Mystery mystery
data\processed\Chloropsis\14_seg032.wav,Chloropsis
data\processed\Mystery mystery\367_seg004.wav,Mystery mystery
data\processed\Chelidorhynx hypoxanthus\10_seg016.wav,Chelidorhynx hypoxanthus
data\processed\noise\Sphenocichla_humei__37__seg005.wav,noise
data\processed\Pellorneum ruficeps\93_seg006.wav,Pellorneum ruficeps
data\processed\Chelidorhynx hypoxanthus\15_seg013.wav,Chelidorhynx hypoxanthus
data\processed\Chelidorhynx hypoxanthus\5_seg006.wav,Chelidorhynx hypoxanthus
data\processed\Pomatorhinus ruficollis\28_seg004.wav,Pomatorhinus ruficollis
data\processed\Cyornis unicolor\8_seg003.wav,Cyornis unicolor
data\processed\Mystery mystery\223_seg012.wav,Mystery mystery
data\processed\Psilopogon lineatus\21_seg020.wav,Psilopogon lineatus
data\processed\Aethopyga gouldiae\5_seg001.wav,Aethopyga gouldiae
data\processed\Psittacula eupatria\24_seg001.wav,Psittacula eupatria
data\processed\noise\Pellorneum_ruficeps__86__seg047.wav,noise
data\processed\Mystery mystery\226_seg001.wav,Mystery mystery
data\processed\Motacilla citreola\14_seg020.wav,Motacilla citreola
data\processed\Psittacula eupatria\4_seg009.wav,Psittacula eupatria
data\processed\noise\Glaucidium_cuculoides__12__seg000.wav,noise
data\processed\Mystery mystery\342_seg004.wav,Mystery mystery
data\processed\Rimator malacoptilus\10_seg012.wav,Rimator malacoptilus
data\processed\Mystery mystery\96_seg002.wav,Mystery mystery
data\processed\noise\Cyornis_poliogenys__1__seg003.wav,noise
data\processed\Mystery mystery\128_seg006.wav,Mystery mystery
data\processed\Cyornis unicolor\1_seg007.wav,Cyornis unicolor
data\processed\Sphenocichla humei\20_seg008.wav,Sphenocichla humei
data\processed\Mystery mystery\389_seg001.wav,Mystery mystery
data\processed\Glaucidium cuculoides\21_seg014.wav,Glaucidium cuculoides
data\processed\Glaucidium cuculoides\14_seg009.wav,Glaucidium cuculoides
data\processed\Chloropsis\6_seg007.wav,Chloropsis
data\processed\Cyornis concretus\1_seg016.wav,Cyornis concretus
data\processed\Glaucidium cuculoides\39_seg002.wav,Glaucidium cuculoides
data\processed\Cyornis unicolor\28_seg004.wav,Cyornis unicolor
data\processed\Mystery mystery\390_seg006.wav,Mystery mystery
data\processed\Glaucidium cuculoides\38_seg004.wav,Glaucidium cuculoides
data\processed\Dicrurus andamanensis\15_seg001.wav,Dicrurus andamanensis
data\processed\Chloropsis\3_seg002.wav,Chloropsis
data\processed\Aethopyga gouldiae\3_seg006.wav,Aethopyga gouldiae
data\processed\Pellorneum ruficeps\11_seg003.wav,Pellorneum ruficeps
data\processed\Glaucidium cuculoides\31_seg024.wav,Glaucidium cuculoides
data\processed\Psilopogon lineatus\17_seg003.wav,Psilopogon lineatus
data\processed\Chelidorhynx hypoxanthus\4_seg013.wav,Chelidorhynx hypoxanthus
data\processed\Mystery mystery\377_seg017.wav,Mystery mystery
data\processed\Mystery mystery\111_seg001.wav,Mystery mystery
data\processed\Psittacula eupatria\28_seg014.wav,Psittacula eupatria
data\processed\Pellorneum ruficeps\94_seg005.wav,Pellorneum ruficeps
data\processed\Glaucidium cuculoides\12_seg026.wav,Glaucidium cuculoides
data\processed\Stachyridopsis ambigua\13_seg000.wav,Stachyridopsis ambigua
data\processed\noise\Rimator_malacoptilus__9__seg002.wav,noise
data\processed\Phylloscopus forresti\7_seg000.wav,Phylloscopus forresti
data\processed\Mystery mystery\429_seg008.wav,Mystery mystery
data\processed\Mystery mystery\87_seg000.wav,Mystery mystery
data\processed\Stachyridopsis ambigua\10_seg000.wav,Stachyridopsis ambigua
data\processed\Argya longirostris\1_seg019.wav,Argya longirostris
data\processed\Liocichla phoenicea\10_seg001.wav,Liocichla phoenicea
data\processed\Loriculus vernalis\24_seg001.wav,Loriculus vernalis
data\processed\Pnoepyga pusilla\18_seg009.wav,Pnoepyga pusilla
data\processed\Acridotheres fuscus\5_seg003.wav,Acridotheres fuscus
data\processed\Chloropsis jerdoni\5_seg000.wav,Chloropsis jerdoni
data\processed\Chloropsis jerdoni\2_seg011.wav,Chloropsis jerdoni
data\processed\Glaucidium cuculoides\4_seg001.wav,Glaucidium cuculoides
data\processed\Chloropsis\8_seg005.wav,Chloropsis
data\processed\Glaucidium cuculoides\21_seg002.wav,Glaucidium cuculoides
data\processed\Cyornis poliogenys\13_seg006.wav,Cyornis poliogenys
data\processed\Centropus andamanensis\2_seg000.wav,Centropus andamanensis
data\processed\Cuculus micropterus\8_seg051.wav,Cuculus micropterus
data\processed\Cuculus micropterus\26_seg000.wav,Cuculus micropterus
data\processed\Mystery mystery\178_seg000.wav,Mystery mystery
data\processed\Sphenocichla humei\8_seg000.wav,Sphenocichla humei
data\processed\Cyornis unicolor\23_seg010.wav,Cyornis unicolor
data\processed\Psilopogon lineatus\10_seg011.wav,Psilopogon lineatus
data\processed\noise\Centropus_andamanensis__5__seg016.wav,noise
data\processed\Alcippe cinerea\11_seg001.wav,Alcippe cinerea
data\processed\Alcippe cinerea\16_seg006.wav,Alcippe cinerea
data\processed\Chloropsis\10_seg014.wav,Chloropsis
data\processed\Chloropsis jerdoni\6_seg014.wav,Chloropsis jerdoni
data\processed\Loriculus vernalis\25_seg013.wav,Loriculus vernalis
data\processed\Cyornis unicolor\5_seg013.wav,Cyornis unicolor
data\processed\noise\Pellorneum_ruficeps__86__seg016.wav,noise
data\processed\Mystery mystery\442_seg041.wav,Mystery mystery
data\processed\noise\Sphenocichla_humei__23__seg011.wav,noise
data\processed\Sphenocichla humei\30_seg006.wav,Sphenocichla humei
data\processed\Macronus gularis\1_seg000.wav,Macronus gularis
data\processed\Cuculus micropterus\35_seg004.wav,Cuculus micropterus
data\processed\noise\Liocichla_phoenicea__12__seg014.wav,noise
data\processed\Arachnothera magna\3_seg006.wav,Arachnothera magna
data\processed\Cuculus micropterus\44_seg011.wav,Cuculus micropterus
data\processed\Pellorneum ruficeps\25_seg003.wav,Pellorneum ruficeps
data\processed\Mystery mystery\43_seg038.wav,Mystery mystery
data\processed\Chloropsis jerdoni\5_seg004.wav,Chloropsis jerdoni
data\processed\Mystery mystery\413_seg011.wav,Mystery mystery
data\processed\Chloropsis\5_seg006.wav,Chloropsis
data\processed\Mystery mystery\231_seg002.wav,Mystery mystery
data\processed\Mystery mystery\128_seg003.wav,Mystery mystery
data\processed\Pellorneum ruficeps\7_seg004.wav,Pellorneum ruficeps
data\processed\Glaucidium cuculoides\29_seg025.wav,Glaucidium cuculoides
data\processed\Mystery mystery\426_seg001.wav,Mystery mystery
data\processed\Mystery mystery\117_seg004.wav,Mystery mystery
data\processed\Cyornis poliogenys\3_seg009.wav,Cyornis poliogenys
data\processed\Mystery mystery\433_seg017.wav,Mystery mystery
data\processed\Sphenocichla humei\26_seg003.wav,Sphenocichla humei
data\processed\Mystery mystery\81_seg003.wav,Mystery mystery
data\processed\noise\Sphenocichla_humei__34__seg003.wav,noise
data\processed\Mystery mystery\273_seg005.wav,Mystery mystery
data\processed\Mystery mystery\107_seg004.wav,Mystery mystery
data\processed\Mystery mystery\240_seg020.wav,Mystery mystery
data\processed\Mystery mystery\328_seg002.wav,Mystery mystery
data\processed\Arborophila torqueola\2_seg021.wav,Arborophila torqueola
data\processed\Mystery mystery\116_seg005.wav,Mystery mystery
data\processed\Pomatorhinus ruficollis\19_seg002.wav,Pomatorhinus ruficollis
data\processed\Mystery mystery\163_seg004.wav,Mystery mystery
data\processed\Glaucidium cuculoides\32_seg006.wav,Glaucidium cuculoides
data\processed\Mystery mystery\78_seg004.wav,Mystery mystery
data\processed\Mystery mystery\16_seg006.wav,Mystery mystery
data\processed\Alcippe cinerea\21_seg000.wav,Alcippe cinerea
data\processed\noise\Pnoepyga_pusilla__2__seg004.wav,noise
data\processed\Cyornis poliogenys\5_seg000.wav,Cyornis poliogenys
data\processed\Arborophila torqueola\13_seg032.wav,Arborophila torqueola
data\processed\Mystery mystery\267_seg028.wav,Mystery mystery
data\processed\Chloropsis\11_seg013.wav,Chloropsis
data\processed\Mystery mystery\5_seg013.wav,Mystery mystery
data\processed\Mystery mystery\127_seg036.wav,Mystery mystery
data\processed\Arborophila torqueola\32_seg022.wav,Arborophila torqueola
data\processed\Mystery mystery\379_seg011.wav,Mystery mystery
data\processed\Mystery mystery\377_seg021.wav,Mystery mystery
data\processed\Mystery mystery\5_seg007.wav,Mystery mystery
data\processed\Mystery mystery\17_seg017.wav,Mystery mystery
data\processed\Mystery mystery\443_seg004.wav,Mystery mystery
data\processed\Macronus gularis\17_seg007.wav,Macronus gularis
data\processed\Argya longirostris\9_seg001.wav,Argya longirostris
data\processed\Dicaeum chrysorrheum\1_seg007.wav,Dicaeum chrysorrheum
data\processed\Mystery mystery\50_seg002.wav,Mystery mystery
data\processed\noise\Psilopogon_lineatus__13__seg005.wav,noise
data\processed\Arborophila torqueola\15_seg005.wav,Arborophila torqueola
data\processed\Pellorneum ruficeps\66_seg000.wav,Pellorneum ruficeps
data\processed\Mystery mystery\27_seg003.wav,Mystery mystery
data\processed\Pellorneum ruficeps\87_seg036.wav,Pellorneum ruficeps
data\processed\Glaucidium cuculoides\12_seg024.wav,Glaucidium cuculoides
data\processed\Mystery mystery\231_seg008.wav,Mystery mystery
data\processed\Mystery mystery\384_seg002.wav,Mystery mystery
data\processed\Dicaeum cruentatum\1_seg025.wav,Dicaeum cruentatum
data\processed\Polyplectron bicalcaratum\3_seg005.wav,Polyplectron bicalcaratum
data\processed\Alcippe cinerea\3_seg009.wav,Alcippe cinerea
data\processed\Pellorneum ruficeps\76_seg002.wav,Pellorneum ruficeps
data\processed\Rimator malacoptilus\10_seg007.wav,Rimator malacoptilus
data\processed\Psilopogon lineatus\11_seg010.wav,Psilopogon lineatus
data\processed\Sturnia malabarica\16_seg021.wav,Sturnia malabarica
data\processed\Mystery mystery\120_seg008.wav,Mystery mystery
data\processed\Glaucidium cuculoides\16_seg000.wav,Glaucidium cuculoides
data\processed\Cuculus micropterus\31_seg011.wav,Cuculus micropterus
data\processed\Cyornis unicolor\14_seg005.wav,Cyornis unicolor
data\processed\noise\Cypsiurus_balasiensis__7__seg032.wav,noise
data\processed\Sphenocichla humei\14_seg001.wav,Sphenocichla humei
data\processed\Cyornis poliogenys\8_seg005.wav,Cyornis poliogenys
data\processed\Dicrurus andamanensis\15_seg011.wav,Dicrurus andamanensis
data\processed\Chelidorhynx hypoxanthus\15_seg006.wav,Chelidorhynx hypoxanthus
data\processed\Mystery mystery\337_seg004.wav,Mystery mystery
data\processed\Chloropsis jerdoni\13_seg003.wav,Chloropsis jerdoni
data\processed\Mystery mystery\126_seg000.wav,Mystery mystery
data\processed\Mystery mystery\76_seg003.wav,Mystery mystery
data\processed\Pellorneum ruficeps\46_seg003.wav,Pellorneum ruficeps
data\processed\Arachnothera magna\7_seg000.wav,Arachnothera magna
data\processed\Mystery mystery\324_seg003.wav,Mystery mystery
data\processed\Dicrurus andamanensis\15_seg005.wav,Dicrurus andamanensis
data\processed\Mystery mystery\42_seg001.wav,Mystery mystery
data\processed\Mystery mystery\206_seg002.wav,Mystery mystery
data\processed\noise\Mystery_mystery__38__seg016.wav,noise
data\processed\Dicaeum minullum\4_seg002.wav,Dicaeum minullum
data\processed\Pellorneum ruficeps\101_seg000.wav,Pellorneum ruficeps
data\processed\Mystery mystery\126_seg003.wav,Mystery mystery
data\processed\Pellorneum ruficeps\87_seg012.wav,Pellorneum ruficeps
data\processed\Mystery mystery\126_seg011.wav,Mystery mystery
data\processed\Cyornis poliogenys\27_seg000.wav,Cyornis poliogenys
data\processed\Arborophila torqueola\26_seg021.wav,Arborophila torqueola
data\processed\Pnoepyga pusilla\29_seg002.wav,Pnoepyga pusilla
data\processed\Mystery mystery\414_seg038.wav,Mystery mystery
data\processed\Cyornis unicolor\10_seg044.wav,Cyornis unicolor
data\processed\Cuculus micropterus\8_seg057.wav,Cuculus micropterus
data\processed\Motacilla citreola\15_seg000.wav,Motacilla citreola
data\processed\Mystery mystery\368_seg006.wav,Mystery mystery
data\processed\Mystery mystery\211_seg000.wav,Mystery mystery
data\processed\Sturnia malabarica\4_seg006.wav,Sturnia malabarica
data\processed\Mystery mystery\311_seg006.wav,Mystery mystery
data\processed\Phylloscopus inornatus\3_seg006.wav,Phylloscopus inornatus
data\processed\Cuculus micropterus\45_seg005.wav,Cuculus micropterus
data\processed\Mystery mystery\116_seg007.wav,Mystery mystery
data\processed\Cypsiurus balasiensis\2_seg000.wav,Cypsiurus balasiensis
data\processed\Cyornis unicolor\13_seg000.wav,Cyornis unicolor
data\processed\Cyornis unicolor\1_seg009.wav,Cyornis unicolor
data\processed\Cuculus micropterus\43_seg012.wav,Cuculus micropterus
data\processed\Mystery mystery\414_seg042.wav,Mystery mystery
data\processed\Mystery mystery\99_seg001.wav,Mystery mystery
data\processed\Todiramphus chloris\16_seg001.wav,Todiramphus chloris
data\processed\Mystery mystery\43_seg049.wav,Mystery mystery
data\processed\Pellorneum ruficeps\39_seg001.wav,Pellorneum ruficeps
data\processed\Stachyridopsis ambigua\13_seg022.wav,Stachyridopsis ambigua
data\processed\noise\Pellorneum_ruficeps__74__seg031.wav,noise
data\processed\Mystery mystery\301_seg010.wav,Mystery mystery
data\processed\Chelidorhynx hypoxanthus\15_seg020.wav,Chelidorhynx hypoxanthus
data\processed\Mystery mystery\222_seg000.wav,Mystery mystery
data\processed\Liocichla phoenicea\19_seg001.wav,Liocichla phoenicea
data\processed\noise\Pellorneum_ruficeps__74__seg044.wav,noise
data\processed\Halcyon coromanda\4_seg000.wav,Halcyon coromanda
data\processed\Mystery mystery\60_seg007.wav,Mystery mystery
data\processed\Mystery mystery\383_seg003.wav,Mystery mystery
data\processed\Chloropsis jerdoni\11_seg004.wav,Chloropsis jerdoni
data\processed\noise\Polyplectron_bicalcaratum__4__seg003.wav,noise
data\processed\Argya longirostris\4_seg009.wav,Argya longirostris
data\processed\Alcippe cinerea\18_seg016.wav,Alcippe cinerea
data\processed\Spelaeornis oatesi\3_seg000.wav,Spelaeornis oatesi
data\processed\Chloropsis jerdoni\11_seg008.wav,Chloropsis jerdoni
data\processed\Chelidorhynx hypoxanthus\3_seg008.wav,Chelidorhynx hypoxanthus
data\processed\Cuculus micropterus\3_seg003.wav,Cuculus micropterus
data\processed\Arborophila torqueola\23_seg008.wav,Arborophila torqueola
data\processed\Phylloscopus inornatus\8_seg020.wav,Phylloscopus inornatus
data\processed\Mystery mystery\332_seg032.wav,Mystery mystery
data\processed\Pellorneum ruficeps\69_seg016.wav,Pellorneum ruficeps
data\processed\Cyornis poliogenys\13_seg001.wav,Cyornis poliogenys
data\processed\Macronus gularis\21_seg005.wav,Macronus gularis
data\processed\Mystery mystery\237_seg000.wav,Mystery mystery
data\processed\noise\Glaucidium_cuculoides__25__seg017.wav,noise
data\processed\Mystery mystery\379_seg003.wav,Mystery mystery
data\processed\Cyornis unicolor\7_seg007.wav,Cyornis unicolor
data\processed\Glaucidium cuculoides\12_seg045.wav,Glaucidium cuculoides
data\processed\Mystery mystery\11_seg016.wav,Mystery mystery
data\processed\Sturnia malabarica\16_seg010.wav,Sturnia malabarica
data\processed\Mystery mystery\409_seg021.wav,Mystery mystery
data\processed\Dicrurus andamanensis\1_seg002.wav,Dicrurus andamanensis
data\processed\Mystery mystery\292_seg001.wav,Mystery mystery
data\processed\Stachyridopsis ambigua\6_seg006.wav,Stachyridopsis ambigua
data\processed\Pomatorhinus ruficollis\27_seg013.wav,Pomatorhinus ruficollis
data\processed\Mystery mystery\89_seg005.wav,Mystery mystery
data\processed\Dicrurus andamanensis\11_seg007.wav,Dicrurus andamanensis
data\processed\Psilopogon lineatus\15_seg003.wav,Psilopogon lineatus
data\processed\Pellorneum ruficeps\45_seg001.wav,Pellorneum ruficeps
data\processed\Mystery mystery\433_seg036.wav,Mystery mystery
data\processed\Cyornis unicolor\22_seg006.wav,Cyornis unicolor
data\processed\Mystery mystery\365_seg005.wav,Mystery mystery
data\processed\Liocichla phoenicea\6_seg018.wav,Liocichla phoenicea
data\processed\Sphenocichla humei\19_seg008.wav,Sphenocichla humei
data\processed\Argya longirostris\11_seg002.wav,Argya longirostris
data\processed\Psilopogon lineatus\8_seg003.wav,Psilopogon lineatus
data\processed\Mystery mystery\117_seg003.wav,Mystery mystery
data\processed\Polyplectron bicalcaratum\6_seg010.wav,Polyplectron bicalcaratum
data\processed\Pomatorhinus ruficollis\16_seg009.wav,Pomatorhinus ruficollis
data\processed\Cuculus micropterus\1_seg008.wav,Cuculus micropterus
data\processed\Mystery mystery\181_seg001.wav,Mystery mystery
data\processed\noise\Glaucidium_cuculoides__12__seg037.wav,noise
data\processed\Mystery mystery\332_seg050.wav,Mystery mystery
data\processed\Liocichla phoenicea\6_seg004.wav,Liocichla phoenicea
data\processed\Mystery mystery\149_seg001.wav,Mystery mystery
data\processed\Psittacula eupatria\8_seg028.wav,Psittacula eupatria
data\processed\Mystery mystery\195_seg016.wav,Mystery mystery
data\processed\Pnoepyga pusilla\23_seg006.wav,Pnoepyga pusilla
data\processed\Mystery mystery\337_seg001.wav,Mystery mystery
data\processed\Mystery mystery\397_seg003.wav,Mystery mystery
data\processed\Pomatorhinus ruficollis\24_seg024.wav,Pomatorhinus ruficollis
data\processed\Glaucidium cuculoides\25_seg003.wav,Glaucidium cuculoides
data\processed\Liocichla phoenicea\2_seg010.wav,Liocichla phoenicea
data\processed\Macronus gularis\7_seg007.wav,Macronus gularis
data\processed\Ixobrychus cinnamomeus\4_seg008.wav,Ixobrychus cinnamomeus
data\processed\Phylloscopus inornatus\1_seg000.wav,Phylloscopus inornatus
data\processed\Cyornis poliogenys\10_seg013.wav,Cyornis poliogenys
data\processed\Mystery mystery\255_seg002.wav,Mystery mystery
data\processed\Mystery mystery\431_seg012.wav,Mystery mystery
data\processed\noise\Argya_longirostris__4__seg001.wav,noise
data\processed\Stachyridopsis ambigua\13_seg019.wav,Stachyridopsis ambigua
data\processed\Mystery mystery\429_seg003.wav,Mystery mystery
data\processed\Polyplectron bicalcaratum\1_seg000.wav,Polyplectron bicalcaratum
data\processed\Mystery mystery\92_seg007.wav,Mystery mystery
data\processed\Mystery mystery\295_seg000.wav,Mystery mystery
data\processed\noise\Chloropsis__14__seg118.wav,noise
data\processed\Mystery mystery\364_seg012.wav,Mystery mystery
data\processed\Mystery mystery\414_seg040.wav,Mystery mystery
data\processed\Mystery mystery\268_seg007.wav,Mystery mystery
data\processed\Lanius tephronotus\5_seg011.wav,Lanius tephronotus
data\processed\Mystery mystery\272_seg000.wav,Mystery mystery
data\processed\Cyornis magnirostris\8_seg001.wav,Cyornis magnirostris
data\processed\Mystery mystery\19_seg068.wav,Mystery mystery
data\processed\Loriculus vernalis\27_seg030.wav,Loriculus vernalis
data\processed\noise\Rimator_malacoptilus__18__seg015.wav,noise
data\processed\Psittacula eupatria\4_seg006.wav,Psittacula eupatria
data\processed\Mystery mystery\312_seg028.wav,Mystery mystery
data\processed\Arborophila torqueola\5_seg006.wav,Arborophila torqueola
data\processed\Cyornis unicolor\10_seg025.wav,Cyornis unicolor
data\processed\Mystery mystery\305_seg024.wav,Mystery mystery
data\processed\Mystery mystery\67_seg008.wav,Mystery mystery
data\processed\Arachnothera magna\1_seg013.wav,Arachnothera magna
data\processed\Mystery mystery\428_seg004.wav,Mystery mystery
data\processed\Cyornis unicolor\3_seg009.wav,Cyornis unicolor
data\processed\Mystery mystery\232_seg006.wav,Mystery mystery
data\processed\Mystery mystery\431_seg011.wav,Mystery mystery
data\processed\Dicrurus andamanensis\14_seg002.wav,Dicrurus andamanensis
data\processed\Mystery mystery\9_seg003.wav,Mystery mystery
data\processed\Cyornis unicolor\4_seg008.wav,Cyornis unicolor
data\processed\Locustella davidi\6_seg004.wav,Locustella davidi
data\processed\Mystery mystery\439_seg005.wav,Mystery mystery
data\processed\Pnoepyga pusilla\29_seg015.wav,Pnoepyga pusilla
data\processed\Mystery mystery\224_seg014.wav,Mystery mystery
data\processed\noise\Mystery_mystery__297__seg029.wav,noise
data\processed\Pellorneum ruficeps\40_seg018.wav,Pellorneum ruficeps
data\processed\noise\Mystery_mystery__125__seg003.wav,noise
data\processed\Mystery mystery\345_seg020.wav,Mystery mystery
data\processed\Motacilla citreola\14_seg003.wav,Motacilla citreola
data\processed\Pellorneum ruficeps\75_seg020.wav,Pellorneum ruficeps
data\processed\Macronus gularis\11_seg002.wav,Macronus gularis
data\processed\noise\Centropus_andamanensis__7__seg007.wav,noise
data\processed\Mystery mystery\1_seg008.wav,Mystery mystery
data\processed\Mystery mystery\373_seg041.wav,Mystery mystery
data\processed\Mystery mystery\318_seg000.wav,Mystery mystery
data\processed\Pellorneum ruficeps\64_seg007.wav,Pellorneum ruficeps
data\processed\Arachnothera magna\1_seg001.wav,Arachnothera magna
data\processed\Chloropsis\3_seg013.wav,Chloropsis
data\processed\noise\Sphenocichla_humei__19__seg005.wav,noise
data\processed\Arborophila torqueola\3_seg010.wav,Arborophila torqueola
data\processed\Locustella davidi\4_seg007.wav,Locustella davidi
data\processed\Spelaeornis oatesi\3_seg011.wav,Spelaeornis oatesi
data\processed\Mystery mystery\127_seg009.wav,Mystery mystery
data\processed\Centropus andamanensis\15_seg014.wav,Centropus andamanensis
data\processed\Acridotheres fuscus\9_seg008.wav,Acridotheres fuscus
data\processed\Mystery mystery\301_seg030.wav,Mystery mystery
data\processed\Acridotheres fuscus\9_seg003.wav,Acridotheres fuscus
data\processed\Loriculus vernalis\27_seg015.wav,Loriculus vernalis
data\processed\Cuculus micropterus\12_seg000.wav,Cuculus micropterus
data\processed\Cyornis unicolor\10_seg000.wav,Cyornis unicolor
data\processed\Arborophila torqueola\2_seg029.wav,Arborophila torqueola
data\processed\Mystery mystery\385_seg012.wav,Mystery mystery
data\processed\Pomatorhinus ruficollis\1_seg006.wav,Pomatorhinus ruficollis
data\processed\Dicaeum cruentatum\3_seg001.wav,Dicaeum cruentatum
data\processed\Alcippe cinerea\24_seg011.wav,Alcippe cinerea
data\processed\Pomatorhinus ruficollis\2_seg002.wav,Pomatorhinus ruficollis
data\processed\Pellorneum ruficeps\26_seg017.wav,Pellorneum ruficeps
data\processed\Mystery mystery\217_seg011.wav,Mystery mystery
data\processed\Chelidorhynx hypoxanthus\14_seg005.wav,Chelidorhynx hypoxanthus
data\processed\Cuculus micropterus\43_seg010.wav,Cuculus micropterus
data\processed\Centropus andamanensis\12_seg010.wav,Centropus andamanensis
data\processed\Mystery mystery\410_seg052.wav,Mystery mystery
data\processed\Pnoepyga pusilla\23_seg019.wav,Pnoepyga pusilla
data\processed\noise\Cyornis_poliogenys__23__seg002.wav,noise
data\processed\Cyornis unicolor\7_seg008.wav,Cyornis unicolor
data\processed\noise\Rimator_malacoptilus__12__seg001.wav,noise
data\processed\Phylloscopus forresti\3_seg018.wav,Phylloscopus forresti
data\processed\Macronus gularis\9_seg000.wav,Macronus gularis
data\processed\Pomatorhinus ruficollis\25_seg006.wav,Pomatorhinus ruficollis
data\processed\Mystery mystery\423_seg014.wav,Mystery mystery
data\processed\noise\Ixobrychus_cinnamomeus__4__seg011.wav,noise
data\processed\Mystery mystery\345_seg013.wav,Mystery mystery
data\processed\Mystery mystery\228_seg005.wav,Mystery mystery
data\processed\Glaucidium cuculoides\31_seg059.wav,Glaucidium cuculoides
data\processed\Glaucidium cuculoides\14_seg004.wav,Glaucidium cuculoides
data\processed\Riparia chinensis\1_seg002.wav,Riparia chinensis
data\processed\Pomatorhinus ruficollis\18_seg027.wav,Pomatorhinus ruficollis
data\processed\Pellorneum ruficeps\32_seg055.wav,Pellorneum ruficeps
data\processed\Mystery mystery\382_seg010.wav,Mystery mystery
data\processed\Cyornis unicolor\14_seg002.wav,Cyornis unicolor
data\processed\Sturnia malabarica\17_seg000.wav,Sturnia malabarica
data\processed\Mystery mystery\377_seg040.wav,Mystery mystery
data\processed\Centropus andamanensis\5_seg001.wav,Centropus andamanensis
data\processed\Glaucidium cuculoides\24_seg000.wav,Glaucidium cuculoides
data\processed\Mystery mystery\442_seg036.wav,Mystery mystery
data\processed\Mystery mystery\337_seg010.wav,Mystery mystery
data\processed\Dicrurus andamanensis\13_seg002.wav,Dicrurus andamanensis
data\processed\Motacilla citreola\7_seg003.wav,Motacilla citreola
data\processed\Mystery mystery\120_seg011.wav,Mystery mystery
data\processed\Cyornis unicolor\22_seg008.wav,Cyornis unicolor
data\processed\noise\Mystery_mystery__107__seg007.wav,noise
data\processed\Arborophila torqueola\30_seg001.wav,Arborophila torqueola
data\processed\Mystery mystery\300_seg045.wav,Mystery mystery
data\processed\Liocichla phoenicea\6_seg009.wav,Liocichla phoenicea
data\processed\Glaucidium cuculoides\31_seg084.wav,Glaucidium cuculoides
data\processed\Pellorneum ruficeps\12_seg003.wav,Pellorneum ruficeps
data\processed\Arborophila torqueola\33_seg010.wav,Arborophila torqueola
data\processed\Mystery mystery\311_seg012.wav,Mystery mystery
data\processed\Cyornis unicolor\10_seg009.wav,Cyornis unicolor
data\processed\Mystery mystery\11_seg032.wav,Mystery mystery
data\processed\Sturnia malabarica\3_seg009.wav,Sturnia malabarica
data\processed\Mystery mystery\246_seg001.wav,Mystery mystery
data\processed\Macronus gularis\21_seg007.wav,Macronus gularis
data\processed\Chelidorhynx hypoxanthus\10_seg014.wav,Chelidorhynx hypoxanthus
data\processed\Chloropsis\14_seg029.wav,Chloropsis
data\processed\Glaucidium cuculoides\34_seg002.wav,Glaucidium cuculoides
data\processed\Mystery mystery\19_seg059.wav,Mystery mystery
data\processed\Arborophila torqueola\10_seg004.wav,Arborophila torqueola
data\processed\Loriculus vernalis\28_seg002.wav,Loriculus vernalis
data\processed\Cuculus micropterus\8_seg029.wav,Cuculus micropterus
data\processed\Cuculus micropterus\12_seg004.wav,Cuculus micropterus
data\processed\Pellorneum ruficeps\40_seg021.wav,Pellorneum ruficeps
data\processed\Mystery mystery\443_seg010.wav,Mystery mystery
data\processed\Arborophila torqueola\14_seg001.wav,Arborophila torqueola
data\processed\Pellorneum ruficeps\69_seg002.wav,Pellorneum ruficeps
data\processed\Cyornis magnirostris\1_seg006.wav,Cyornis magnirostris
data\processed\Glaucidium cuculoides\37_seg003.wav,Glaucidium cuculoides
data\processed\Pellorneum ruficeps\38_seg001.wav,Pellorneum ruficeps
data\processed\noise\Pnoepyga_pusilla__9__seg003.wav,noise
data\processed\Chloropsis jerdoni\1_seg020.wav,Chloropsis jerdoni
data\processed\Glaucidium cuculoides\31_seg008.wav,Glaucidium cuculoides
data\processed\Mystery mystery\93_seg006.wav,Mystery mystery
data\processed\noise\Pellorneum_ruficeps__74__seg026.wav,noise
data\processed\Cuculus micropterus\9_seg017.wav,Cuculus micropterus
data\processed\Pomatorhinus ruficollis\40_seg006.wav,Pomatorhinus ruficollis
data\processed\Mystery mystery\238_seg001.wav,Mystery mystery
data\processed\Mystery mystery\327_seg036.wav,Mystery mystery
data\processed\Pluvialis squatarola\5_seg000.wav,Pluvialis squatarola
data\processed\Mystery mystery\411_seg002.wav,Mystery mystery
data\processed\noise\Argya_longirostris__10__seg011.wav,noise
data\processed\Mystery mystery\414_seg001.wav,Mystery mystery
data\processed\Sphenocichla humei\38_seg006.wav,Sphenocichla humei
data\processed\Mystery mystery\425_seg004.wav,Mystery mystery
data\processed\Stachyridopsis ambigua\13_seg003.wav,Stachyridopsis ambigua
data\processed\Eurystomus orientalis\5_seg011.wav,Eurystomus orientalis
data\processed\Chelidorhynx hypoxanthus\9_seg011.wav,Chelidorhynx hypoxanthus
data\processed\Pellorneum ruficeps\34_seg001.wav,Pellorneum ruficeps
data\processed\Cyornis unicolor\21_seg010.wav,Cyornis unicolor
data\processed\Cuculus micropterus\8_seg050.wav,Cuculus micropterus
data\processed\Cuculus micropterus\44_seg000.wav,Cuculus micropterus
data\processed\Psittacula eupatria\11_seg003.wav,Psittacula eupatria
data\processed\Liocichla phoenicea\13_seg055.wav,Liocichla phoenicea
data\processed\Cyornis magnirostris\6_seg028.wav,Cyornis magnirostris
data\processed\Mystery mystery\228_seg006.wav,Mystery mystery
data\processed\Arborophila torqueola\12_seg020.wav,Arborophila torqueola
data\processed\Mystery mystery\306_seg005.wav,Mystery mystery
data\processed\Alcippe cinerea\15_seg008.wav,Alcippe cinerea
data\processed\Mystery mystery\35_seg008.wav,Mystery mystery
data\processed\Pellorneum ruficeps\2_seg002.wav,Pellorneum ruficeps
data\processed\Glaucidium cuculoides\31_seg026.wav,Glaucidium cuculoides
data\processed\Mystery mystery\224_seg001.wav,Mystery mystery
data\processed\Mystery mystery\431_seg013.wav,Mystery mystery
data\processed\Mystery mystery\345_seg037.wav,Mystery mystery
data\processed\Mystery mystery\1_seg020.wav,Mystery mystery
data\processed\Alcippe cinerea\16_seg001.wav,Alcippe cinerea
data\processed\Mystery mystery\362_seg005.wav,Mystery mystery
data\processed\Mystery mystery\38_seg000.wav,Mystery mystery
data\processed\Iole cacharensis\3_seg003.wav,Iole cacharensis
data\processed\Mystery mystery\308_seg001.wav,Mystery mystery
data\processed\Mystery mystery\19_seg048.wav,Mystery mystery
data\processed\noise\Pellorneum_ruficeps__102__seg012.wav,noise
data\processed\Macronus gularis\12_seg003.wav,Macronus gularis
data\processed\noise\Centropus_andamanensis__1__seg017.wav,noise
data\processed\noise\Cyornis_poliogenys__1__seg015.wav,noise
data\processed\Arborophila torqueola\19_seg002.wav,Arborophila torqueola
data\processed\Mystery mystery\343_seg029.wav,Mystery mystery
data\processed\Mystery mystery\338_seg006.wav,Mystery mystery
data\processed\Todiramphus chloris\10_seg001.wav,Todiramphus chloris
data\processed\Riparia chinensis\7_seg000.wav,Riparia chinensis
data\processed\Dicrurus andamanensis\13_seg020.wav,Dicrurus andamanensis
data\processed\Mystery mystery\381_seg003.wav,Mystery mystery
data\processed\Macronus gularis\1_seg004.wav,Macronus gularis
data\processed\Acridotheres fuscus\2_seg004.wav,Acridotheres fuscus
data\processed\Mystery mystery\421_seg016.wav,Mystery mystery
data\processed\Cuculus micropterus\40_seg005.wav,Cuculus micropterus
data\processed\Ixobrychus cinnamomeus\4_seg010.wav,Ixobrychus cinnamomeus
data\processed\noise\Pellorneum_ruficeps__86__seg064.wav,noise
data\processed\Arborophila torqueola\8_seg029.wav,Arborophila torqueola
data\processed\Alcippe cinerea\21_seg003.wav,Alcippe cinerea
data\processed\Lanius tephronotus\5_seg012.wav,Lanius tephronotus
data\processed\Pellorneum ruficeps\84_seg004.wav,Pellorneum ruficeps
data\processed\Halcyon coromanda\8_seg000.wav,Halcyon coromanda
data\processed\Chloropsis\14_seg047.wav,Chloropsis
data\processed\Mystery mystery\332_seg042.wav,Mystery mystery
data\processed\Liocichla phoenicea\11_seg008.wav,Liocichla phoenicea
data\processed\noise\Sphenocichla_humei__20__seg015.wav,noise
data\processed\Mystery mystery\374_seg003.wav,Mystery mystery
data\processed\Cuculus micropterus\4_seg002.wav,Cuculus micropterus
data\processed\Liocichla phoenicea\2_seg015.wav,Liocichla phoenicea
data\processed\Arborophila torqueola\16_seg003.wav,Arborophila torqueola
data\processed\Sphenocichla humei\38_seg000.wav,Sphenocichla humei
data\processed\Rimator malacoptilus\15_seg005.wav,Rimator malacoptilus
data\processed\noise\Mystery_mystery__124__seg019.wav,noise
data\processed\Pellorneum ruficeps\25_seg004.wav,Pellorneum ruficeps
data\processed\Pellorneum ruficeps\41_seg002.wav,Pellorneum ruficeps
data\processed\Mystery mystery\432_seg019.wav,Mystery mystery
data\processed\Argya longirostris\1_seg016.wav,Argya longirostris
data\processed\Stachyridopsis ambigua\12_seg000.wav,Stachyridopsis ambigua
data\processed\Sturnia malabarica\14_seg002.wav,Sturnia malabarica
data\processed\noise\Pellorneum_ruficeps__74__seg011.wav,noise
data\processed\Mystery mystery\288_seg009.wav,Mystery mystery
data\processed\noise\Mystery_mystery__332__seg015.wav,noise
data\processed\Arborophila torqueola\15_seg006.wav,Arborophila torqueola
data\processed\Sturnia malabarica\4_seg015.wav,Sturnia malabarica
data\processed\Phylloscopus subaffinis\2_seg005.wav,Phylloscopus subaffinis
data\processed\Arborophila torqueola\2_seg025.wav,Arborophila torqueola
data\processed\Mystery mystery\288_seg004.wav,Mystery mystery
data\processed\Dicrurus andamanensis\4_seg000.wav,Dicrurus andamanensis
data\processed\Pnoepyga pusilla\19_seg007.wav,Pnoepyga pusilla
data\processed\Mystery mystery\62_seg034.wav,Mystery mystery
data\processed\Chloropsis jerdoni\2_seg000.wav,Chloropsis jerdoni
data\processed\Glaucidium cuculoides\31_seg064.wav,Glaucidium cuculoides
data\processed\Arborophila torqueola\26_seg008.wav,Arborophila torqueola
data\processed\Phylloscopus forresti\5_seg003.wav,Phylloscopus forresti
data\processed\Centropus andamanensis\5_seg012.wav,Centropus andamanensis
data\processed\Mystery mystery\293_seg000.wav,Mystery mystery
data\processed\Pellorneum ruficeps\69_seg004.wav,Pellorneum ruficeps
data\processed\Mystery mystery\16_seg019.wav,Mystery mystery
data\processed\Pomatorhinus ruficollis\19_seg005.wav,Pomatorhinus ruficollis
data\processed\Pellorneum ruficeps\16_seg009.wav,Pellorneum ruficeps
data\processed\Sphenocichla humei\6_seg003.wav,Sphenocichla humei
data\processed\Mystery mystery\374_seg010.wav,Mystery mystery
data\processed\Cuculus micropterus\66_seg006.wav,Cuculus micropterus
data\processed\Pellorneum ruficeps\26_seg003.wav,Pellorneum ruficeps
data\processed\Arborophila torqueola\9_seg005.wav,Arborophila torqueola
data\processed\Pellorneum ruficeps\5_seg011.wav,Pellorneum ruficeps
data\processed\Chloropsis\14_seg100.wav,Chloropsis
data\processed\Sphenocichla humei\11_seg002.wav,Sphenocichla humei
data\processed\Mystery mystery\406_seg019.wav,Mystery mystery
data\processed\Pomatorhinus ruficollis\1_seg011.wav,Pomatorhinus ruficollis
data\processed\Mystery mystery\19_seg037.wav,Mystery mystery
data\processed\Sturnia malabarica\8_seg004.wav,Sturnia malabarica
data\processed\Glaucidium cuculoides\29_seg013.wav,Glaucidium cuculoides
data\processed\Pomatorhinus ruficollis\1_seg003.wav,Pomatorhinus ruficollis
data\processed\Cyornis poliogenys\12_seg008.wav,Cyornis poliogenys
data\processed\Mystery mystery\338_seg004.wav,Mystery mystery
data\processed\Mystery mystery\30_seg002.wav,Mystery mystery
data\processed\Glaucidium cuculoides\2_seg004.wav,Glaucidium cuculoides
data\processed\Pnoepyga pusilla\5_seg003.wav,Pnoepyga pusilla
data\processed\Mystery mystery\32_seg001.wav,Mystery mystery
data\processed\Pellorneum ruficeps\77_seg010.wav,Pellorneum ruficeps
data\processed\Phylloscopus inornatus\3_seg011.wav,Phylloscopus inornatus
data\processed\Pomatorhinus ruficollis\24_seg046.wav,Pomatorhinus ruficollis
data\processed\Phylloscopus forresti\6_seg000.wav,Phylloscopus forresti
data\processed\Mystery mystery\233_seg001.wav,Mystery mystery
data\processed\Todiramphus chloris\13_seg008.wav,Todiramphus chloris
data\processed\Pellorneum ruficeps\35_seg003.wav,Pellorneum ruficeps
data\processed\Psittacula eupatria\10_seg001.wav,Psittacula eupatria
data\processed\Pellorneum ruficeps\47_seg002.wav,Pellorneum ruficeps
data\processed\Centropus andamanensis\1_seg000.wav,Centropus andamanensis
data\processed\Mystery mystery\309_seg013.wav,Mystery mystery
data\processed\Arborophila torqueola\6_seg026.wav,Arborophila torqueola
data\processed\Mystery mystery\373_seg058.wav,Mystery mystery
data\processed\Glaucidium cuculoides\36_seg000.wav,Glaucidium cuculoides
data\processed\noise\Dicrurus_andamanensis__18__seg000.wav,noise
data\processed\Macronus gularis\17_seg016.wav,Macronus gularis
data\processed\Cyornis poliogenys\10_seg012.wav,Cyornis poliogenys
data\processed\noise\Alcippe_cinerea__18__seg015.wav,noise
data\processed\Macronus gularis\23_seg005.wav,Macronus gularis
data\processed\Mystery mystery\322_seg014.wav,Mystery mystery
data\processed\Chelidorhynx hypoxanthus\5_seg008.wav,Chelidorhynx hypoxanthus
data\processed\Polyplectron bicalcaratum\10_seg001.wav,Polyplectron bicalcaratum
data\processed\Cuculus micropterus\48_seg001.wav,Cuculus micropterus
data\processed\Mystery mystery\80_seg000.wav,Mystery mystery
data\processed\Mystery mystery\424_seg000.wav,Mystery mystery
data\processed\Psilopogon lineatus\4_seg020.wav,Psilopogon lineatus
data\processed\noise\Arborophila_torqueola__28__seg042.wav,noise
data\processed\Psittacula eupatria\26_seg000.wav,Psittacula eupatria
data\processed\Cyornis unicolor\4_seg025.wav,Cyornis unicolor
data\processed\Glaucidium cuculoides\38_seg008.wav,Glaucidium cuculoides
data\processed\Pellorneum ruficeps\65_seg008.wav,Pellorneum ruficeps
data\processed\noise\Glaucidium_cuculoides__25__seg012.wav,noise
data\processed\Dicaeum cruentatum\1_seg000.wav,Dicaeum cruentatum
data\processed\Pellorneum ruficeps\97_seg012.wav,Pellorneum ruficeps
data\processed\Dicrurus andamanensis\11_seg003.wav,Dicrurus andamanensis
data\processed\Mystery mystery\395_seg006.wav,Mystery mystery
data\processed\Cuculus micropterus\21_seg002.wav,Cuculus micropterus
data\processed\Sphenocichla humei\15_seg002.wav,Sphenocichla humei
data\processed\Mystery mystery\336_seg032.wav,Mystery mystery
data\processed\Psittacula eupatria\17_seg000.wav,Psittacula eupatria
data\processed\noise\Loriculus_vernalis__1__seg002.wav,noise
data\processed\Arborophila torqueola\8_seg030.wav,Arborophila torqueola
data\processed\Arborophila torqueola\33_seg004.wav,Arborophila torqueola
data\processed\Mystery mystery\116_seg014.wav,Mystery mystery
data\processed\Cyornis unicolor\10_seg010.wav,Cyornis unicolor
data\processed\Pellorneum ruficeps\15_seg003.wav,Pellorneum ruficeps
data\processed\Dicrurus andamanensis\18_seg018.wav,Dicrurus andamanensis
data\processed\Mystery mystery\8_seg001.wav,Mystery mystery
data\processed\noise\Mystery_mystery__34__seg015.wav,noise
data\processed\noise\Mystery_mystery__39__seg037.wav,noise
data\processed\Cyornis unicolor\20_seg000.wav,Cyornis unicolor
data\processed\noise\Mystery_mystery__373__seg005.wav,noise
data\processed\Mystery mystery\34_seg005.wav,Mystery mystery
data\processed\Liocichla phoenicea\6_seg017.wav,Liocichla phoenicea
data\processed\Pluvialis squatarola\1_seg011.wav,Pluvialis squatarola
data\processed\Dicrurus andamanensis\13_seg013.wav,Dicrurus andamanensis
data\processed\Pellorneum ruficeps\32_seg038.wav,Pellorneum ruficeps
data\processed\Glaucidium cuculoides\14_seg010.wav,Glaucidium cuculoides
data\processed\Rimator malacoptilus\3_seg010.wav,Rimator malacoptilus
data\processed\Chelidorhynx hypoxanthus\12_seg003.wav,Chelidorhynx hypoxanthus
data\processed\Mystery mystery\261_seg004.wav,Mystery mystery
data\processed\Pomatorhinus ruficollis\26_seg003.wav,Pomatorhinus ruficollis
data\processed\Pomatorhinus ruficollis\18_seg029.wav,Pomatorhinus ruficollis
data\processed\Arborophila torqueola\6_seg018.wav,Arborophila torqueola
data\processed\Sphenocichla humei\27_seg009.wav,Sphenocichla humei
data\processed\Mystery mystery\54_seg001.wav,Mystery mystery
data\processed\Mystery mystery\234_seg006.wav,Mystery mystery
data\processed\Acridotheres fuscus\16_seg002.wav,Acridotheres fuscus
data\processed\Alcippe cinerea\6_seg004.wav,Alcippe cinerea
data\processed\Phylloscopus forresti\1_seg010.wav,Phylloscopus forresti
data\processed\Acridotheres fuscus\9_seg005.wav,Acridotheres fuscus
data\processed\Dicaeum cruentatum\5_seg000.wav,Dicaeum cruentatum
data\processed\Cuculus micropterus\36_seg005.wav,Cuculus micropterus
data\processed\Mystery mystery\423_seg001.wav,Mystery mystery
data\processed\Centropus andamanensis\13_seg000.wav,Centropus andamanensis
data\processed\Pomatorhinus ruficollis\34_seg011.wav,Pomatorhinus ruficollis
data\processed\Stachyridopsis ambigua\6_seg007.wav,Stachyridopsis ambigua
data\processed\Arachnothera magna\4_seg004.wav,Arachnothera magna
data\processed\Mystery mystery\315_seg002.wav,Mystery mystery
data\processed\Pellorneum ruficeps\74_seg059.wav,Pellorneum ruficeps
data\processed\Chrysococcyx maculatus\2_seg003.wav,Chrysococcyx maculatus
data\processed\Mystery mystery\410_seg046.wav,Mystery mystery
data\processed\Mystery mystery\312_seg024.wav,Mystery mystery
data\processed\Chloropsis\5_seg013.wav,Chloropsis
data\processed\Mystery mystery\62_seg025.wav,Mystery mystery
data\processed\Loriculus vernalis\27_seg007.wav,Loriculus vernalis
data\processed\Glaucidium cuculoides\1_seg000.wav,Glaucidium cuculoides
data\processed\Mystery mystery\127_seg047.wav,Mystery mystery
data\processed\Mystery mystery\6_seg001.wav,Mystery mystery
data\processed\Glaucidium cuculoides\12_seg032.wav,Glaucidium cuculoides
data\processed\noise\Chloropsis__14__seg111.wav,noise
data\processed\Pellorneum ruficeps\29_seg005.wav,Pellorneum ruficeps
data\processed\Pomatorhinus ruficollis\18_seg033.wav,Pomatorhinus ruficollis
data\processed\Mystery mystery\442_seg042.wav,Mystery mystery
data\processed\Dicrurus andamanensis\19_seg003.wav,Dicrurus andamanensis
data\processed\noise\Rimator_malacoptilus__11__seg005.wav,noise
data\processed\noise\Loriculus_vernalis__14__seg000.wav,noise
data\processed\Cuculus micropterus\4_seg000.wav,Cuculus micropterus
data\processed\Eurystomus orientalis\3_seg002.wav,Eurystomus orientalis
data\processed\Mystery mystery\250_seg015.wav,Mystery mystery
data\processed\Cyornis poliogenys\29_seg006.wav,Cyornis poliogenys
data\processed\Pellorneum ruficeps\14_seg010.wav,Pellorneum ruficeps
data\processed\Mystery mystery\306_seg007.wav,Mystery mystery
data\processed\Mystery mystery\384_seg005.wav,Mystery mystery
data\processed\Mystery mystery\245_seg000.wav,Mystery mystery
data\processed\Mystery mystery\304_seg008.wav,Mystery mystery
data\processed\Cuculus micropterus\64_seg000.wav,Cuculus micropterus
data\processed\Chloropsis jerdoni\10_seg002.wav,Chloropsis jerdoni
data\processed\Mystery mystery\9_seg013.wav,Mystery mystery
data\processed\Cuculus micropterus\10_seg015.wav,Cuculus micropterus
data\processed\noise\Rimator_malacoptilus__2__seg024.wav,noise
data\processed\Arborophila torqueola\31_seg009.wav,Arborophila torqueola
data\processed\noise\Arborophila_torqueola__28__seg036.wav,noise
data\processed\Dicrurus andamanensis\5_seg005.wav,Dicrurus andamanensis
data\processed\Motacilla citreola\6_seg004.wav,Motacilla citreola
data\processed\Glaucidium cuculoides\1_seg002.wav,Glaucidium cuculoides
data\processed\Cyornis unicolor\16_seg019.wav,Cyornis unicolor
data\processed\Mystery mystery\381_seg002.wav,Mystery mystery
data\processed\Phylloscopus inornatus\8_seg000.wav,Phylloscopus inornatus
data\processed\Chelidorhynx hypoxanthus\7_seg007.wav,Chelidorhynx hypoxanthus
data\processed\Chloropsis\4_seg000.wav,Chloropsis
data\processed\Cuculus micropterus\9_seg008.wav,Cuculus micropterus
data\processed\Rimator malacoptilus\9_seg006.wav,Rimator malacoptilus
data\processed\Argya longirostris\10_seg012.wav,Argya longirostris
data\processed\Aethopyga gouldiae\6_seg001.wav,Aethopyga gouldiae
data\processed\Mystery mystery\313_seg005.wav,Mystery mystery
data\processed\Pnoepyga pusilla\29_seg007.wav,Pnoepyga pusilla
data\processed\Cyornis unicolor\3_seg001.wav,Cyornis unicolor
data\processed\Mystery mystery\6_seg000.wav,Mystery mystery
data\processed\Pellorneum ruficeps\8_seg020.wav,Pellorneum ruficeps
data\processed\Pomatorhinus ruficollis\34_seg014.wav,Pomatorhinus ruficollis
data\processed\Loriculus vernalis\27_seg019.wav,Loriculus vernalis
data\processed\Mystery mystery\345_seg025.wav,Mystery mystery
data\processed\Sphenocichla humei\26_seg015.wav,Sphenocichla humei
data\processed\Pnoepyga pusilla\17_seg006.wav,Pnoepyga pusilla
data\processed\Mystery mystery\373_seg078.wav,Mystery mystery
data\processed\Psittacula eupatria\18_seg000.wav,Psittacula eupatria
data\processed\noise\Sphenocichla_humei__26__seg017.wav,noise
data\processed\Mystery mystery\2_seg007.wav,Mystery mystery
data\processed\Cyornis poliogenys\6_seg003.wav,Cyornis poliogenys
data\processed\Mystery mystery\301_seg028.wav,Mystery mystery
data\processed\Pellorneum ruficeps\16_seg007.wav,Pellorneum ruficeps
data\processed\Arborophila torqueola\28_seg025.wav,Arborophila torqueola
data\processed\Motacilla citreola\14_seg014.wav,Motacilla citreola
data\processed\Pomatorhinus ruficollis\9_seg014.wav,Pomatorhinus ruficollis
data\processed\Mystery mystery\301_seg013.wav,Mystery mystery
data\processed\Chelidorhynx hypoxanthus\10_seg003.wav,Chelidorhynx hypoxanthus
data\processed\Mystery mystery\420_seg002.wav,Mystery mystery
data\processed\noise\Pnoepyga_pusilla__20__seg009.wav,noise
data\processed\Cyornis unicolor\21_seg006.wav,Cyornis unicolor
data\processed\Pellorneum ruficeps\2_seg003.wav,Pellorneum ruficeps
data\processed\Psittacula eupatria\25_seg003.wav,Psittacula eupatria
data\processed\Centropus andamanensis\10_seg005.wav,Centropus andamanensis
data\processed\Pomatorhinus ruficollis\24_seg006.wav,Pomatorhinus ruficollis
data\processed\Mystery mystery\59_seg001.wav,Mystery mystery
data\processed\Sphenocichla humei\22_seg026.wav,Sphenocichla humei
data\processed\Arachnothera magna\3_seg000.wav,Arachnothera magna
data\processed\Dicaeum minullum\2_seg004.wav,Dicaeum minullum
data\processed\Chelidorhynx hypoxanthus\5_seg001.wav,Chelidorhynx hypoxanthus
data\processed\Psittacula eupatria\8_seg033.wav,Psittacula eupatria
data\processed\Pellorneum ruficeps\23_seg008.wav,Pellorneum ruficeps
data\processed\Mystery mystery\195_seg009.wav,Mystery mystery
data\processed\noise\Dicrurus_andamanensis__8__seg008.wav,noise
data\processed\Argya longirostris\11_seg011.wav,Argya longirostris
data\processed\Pomatorhinus ruficollis\35_seg007.wav,Pomatorhinus ruficollis
data\processed\Mystery mystery\369_seg011.wav,Mystery mystery
data\processed\Mystery mystery\224_seg013.wav,Mystery mystery
data\processed\Locustella davidi\4_seg000.wav,Locustella davidi
data\processed\Polyplectron bicalcaratum\6_seg015.wav,Polyplectron bicalcaratum
data\processed\Mystery mystery\2_seg010.wav,Mystery mystery
data\processed\Loriculus vernalis\1_seg011.wav,Loriculus vernalis
data\processed\Cuculus micropterus\66_seg008.wav,Cuculus micropterus
data\processed\Mystery mystery\43_seg040.wav,Mystery mystery
data\processed\Pluvialis squatarola\1_seg007.wav,Pluvialis squatarola
data\processed\Pellorneum ruficeps\53_seg005.wav,Pellorneum ruficeps
data\processed\noise\Mystery_mystery__124__seg013.wav,noise
data\processed\Cuculus micropterus\1_seg005.wav,Cuculus micropterus
data\processed\noise\Psilopogon_lineatus__2__seg006.wav,noise
data\processed\Pnoepyga pusilla\23_seg002.wav,Pnoepyga pusilla
data\processed\Macronus gularis\1_seg005.wav,Macronus gularis
data\processed\Mystery mystery\336_seg077.wav,Mystery mystery
data\processed\Cyornis poliogenys\28_seg000.wav,Cyornis poliogenys
data\processed\Chloropsis\14_seg006.wav,Chloropsis
data\processed\Mystery mystery\297_seg016.wav,Mystery mystery
data\processed\Pnoepyga pusilla\7_seg005.wav,Pnoepyga pusilla
data\processed\Mystery mystery\373_seg016.wav,Mystery mystery
data\processed\noise\Mystery_mystery__373__seg079.wav,noise
data\processed\Mystery mystery\6_seg004.wav,Mystery mystery
data\processed\Mystery mystery\298_seg008.wav,Mystery mystery
data\processed\Mystery mystery\431_seg005.wav,Mystery mystery
data\processed\Mystery mystery\150_seg001.wav,Mystery mystery
data\processed\Mystery mystery\323_seg004.wav,Mystery mystery
data\processed\Mystery mystery\428_seg028.wav,Mystery mystery
data\processed\Mystery mystery\64_seg002.wav,Mystery mystery
data\processed\Pomatorhinus ruficollis\40_seg009.wav,Pomatorhinus ruficollis
data\processed\Mystery mystery\347_seg000.wav,Mystery mystery
data\processed\Rimator malacoptilus\14_seg015.wav,Rimator malacoptilus
data\processed\Glaucidium cuculoides\28_seg003.wav,Glaucidium cuculoides
data\processed\Mystery mystery\365_seg003.wav,Mystery mystery
data\processed\Glaucidium cuculoides\31_seg032.wav,Glaucidium cuculoides
data\processed\Pomatorhinus ruficollis\39_seg002.wav,Pomatorhinus ruficollis
data\processed\Pnoepyga pusilla\27_seg005.wav,Pnoepyga pusilla
data\processed\Pomatorhinus ruficollis\18_seg008.wav,Pomatorhinus ruficollis
data\processed\Mystery mystery\310_seg016.wav,Mystery mystery
data\processed\Mystery mystery\304_seg013.wav,Mystery mystery
data\processed\Pellorneum ruficeps\50_seg012.wav,Pellorneum ruficeps
data\processed\Arachnothera magna\9_seg003.wav,Arachnothera magna
data\processed\Macronus gularis\19_seg004.wav,Macronus gularis
data\processed\Mystery mystery\52_seg000.wav,Mystery mystery
data\processed\Alcippe cinerea\17_seg004.wav,Alcippe cinerea
data\processed\Cyornis unicolor\16_seg008.wav,Cyornis unicolor
data\processed\Liocichla phoenicea\12_seg008.wav,Liocichla phoenicea
data\processed\Mystery mystery\125_seg010.wav,Mystery mystery
data\processed\Locustella davidi\2_seg003.wav,Locustella davidi
data\processed\Macronus gularis\4_seg004.wav,Macronus gularis
data\processed\noise\Pellorneum_ruficeps__86__seg015.wav,noise
data\processed\Locustella davidi\4_seg004.wav,Locustella davidi
data\processed\Pellorneum ruficeps\32_seg057.wav,Pellorneum ruficeps
data\processed\Arborophila torqueola\24_seg019.wav,Arborophila torqueola
data\processed\noise\Cyornis_magnirostris__7__seg000.wav,noise
data\processed\Cyornis unicolor\15_seg004.wav,Cyornis unicolor
data\processed\Pnoepyga pusilla\15_seg000.wav,Pnoepyga pusilla
data\processed\Macronus gularis\17_seg002.wav,Macronus gularis
data\processed\Arborophila torqueola\24_seg008.wav,Arborophila torqueola
data\processed\Mystery mystery\441_seg001.wav,Mystery mystery
data\processed\Stachyridopsis ambigua\9_seg004.wav,Stachyridopsis ambigua
data\processed\Mystery mystery\55_seg016.wav,Mystery mystery
data\processed\Psittacula eupatria\27_seg007.wav,Psittacula eupatria
data\processed\Pomatorhinus ruficollis\6_seg014.wav,Pomatorhinus ruficollis
data\processed\Mystery mystery\338_seg013.wav,Mystery mystery
data\processed\Sturnia malabarica\5_seg002.wav,Sturnia malabarica
data\processed\Mystery mystery\297_seg022.wav,Mystery mystery
data\processed\Cyornis poliogenys\17_seg000.wav,Cyornis poliogenys
data\processed\Psittacula eupatria\6_seg006.wav,Psittacula eupatria
data\processed\Mystery mystery\425_seg012.wav,Mystery mystery
data\processed\Phylloscopus inornatus\1_seg005.wav,Phylloscopus inornatus
data\processed\Mystery mystery\127_seg027.wav,Mystery mystery
data\processed\Cyornis unicolor\16_seg001.wav,Cyornis unicolor
data\processed\Mystery mystery\412_seg014.wav,Mystery mystery
data\processed\Mystery mystery\127_seg053.wav,Mystery mystery
data\processed\noise\Cypsiurus_balasiensis__7__seg033.wav,noise
data\processed\Chloropsis jerdoni\8_seg002.wav,Chloropsis jerdoni
data\processed\noise\Centropus_andamanensis__6__seg004.wav,noise
data\processed\Chloropsis\14_seg106.wav,Chloropsis
data\processed\Mystery mystery\364_seg017.wav,Mystery mystery
data\processed\Dicrurus andamanensis\2_seg011.wav,Dicrurus andamanensis
data\processed\Psilopogon lineatus\3_seg003.wav,Psilopogon lineatus
data\processed\Pomatorhinus ruficollis\6_seg004.wav,Pomatorhinus ruficollis
data\processed\Mystery mystery\425_seg021.wav,Mystery mystery
data\processed\Pomatorhinus ruficollis\39_seg007.wav,Pomatorhinus ruficollis
data\processed\Pellorneum ruficeps\73_seg007.wav,Pellorneum ruficeps
data\processed\noise\Cyornis_magnirostris__6__seg030.wav,noise
data\processed\Psilopogon lineatus\16_seg005.wav,Psilopogon lineatus
data\processed\Glaucidium cuculoides\3_seg000.wav,Glaucidium cuculoides
data\processed\Sphenocichla humei\30_seg002.wav,Sphenocichla humei
data\processed\Alcippe cinerea\12_seg000.wav,Alcippe cinerea
data\processed\Mystery mystery\9_seg037.wav,Mystery mystery
data\processed\Dicaeum cruentatum\3_seg005.wav,Dicaeum cruentatum
data\processed\Cyornis unicolor\19_seg015.wav,Cyornis unicolor
data\processed\Mystery mystery\375_seg000.wav,Mystery mystery
data\processed\Mystery mystery\110_seg016.wav,Mystery mystery
data\processed\Mystery mystery\369_seg007.wav,Mystery mystery
data\processed\Mystery mystery\25_seg005.wav,Mystery mystery
data\processed\Pellorneum ruficeps\50_seg015.wav,Pellorneum ruficeps
data\processed\Mystery mystery\119_seg007.wav,Mystery mystery
data\processed\Psittacula eupatria\27_seg003.wav,Psittacula eupatria
data\processed\Mystery mystery\377_seg048.wav,Mystery mystery
data\processed\noise\Mystery_mystery__234__seg003.wav,noise
data\processed\Pellorneum ruficeps\54_seg007.wav,Pellorneum ruficeps
data\processed\Mystery mystery\341_seg023.wav,Mystery mystery
data\processed\Mystery mystery\386_seg021.wav,Mystery mystery
data\processed\noise\Chloropsis__4__seg002.wav,noise
data\processed\Cuculus micropterus\50_seg004.wav,Cuculus micropterus
data\processed\Mystery mystery\373_seg011.wav,Mystery mystery
data\processed\Mystery mystery\257_seg012.wav,Mystery mystery
data\processed\Stachyridopsis ambigua\13_seg012.wav,Stachyridopsis ambigua
data\processed\Pnoepyga pusilla\12_seg009.wav,Pnoepyga pusilla
data\processed\Mystery mystery\40_seg007.wav,Mystery mystery
data\processed\noise\Mystery_mystery__39__seg027.wav,noise
data\processed\Chloropsis jerdoni\6_seg025.wav,Chloropsis jerdoni
data\processed\Pellorneum ruficeps\93_seg007.wav,Pellorneum ruficeps
data\processed\Dicrurus andamanensis\5_seg006.wav,Dicrurus andamanensis
data\processed\Rimator malacoptilus\20_seg012.wav,Rimator malacoptilus
data\processed\Mystery mystery\373_seg060.wav,Mystery mystery
data\processed\Sphenocichla humei\11_seg006.wav,Sphenocichla humei
data\processed\Pnoepyga pusilla\20_seg008.wav,Pnoepyga pusilla
data\processed\Pomatorhinus ruficollis\20_seg000.wav,Pomatorhinus ruficollis
data\processed\Liocichla phoenicea\1_seg004.wav,Liocichla phoenicea
data\processed\Cyornis unicolor\15_seg013.wav,Cyornis unicolor
data\processed\Mystery mystery\1_seg014.wav,Mystery mystery
data\processed\Sturnia malabarica\13_seg000.wav,Sturnia malabarica
data\processed\Mystery mystery\121_seg000.wav,Mystery mystery
data\processed\Arborophila torqueola\32_seg001.wav,Arborophila torqueola
data\processed\Mystery mystery\229_seg005.wav,Mystery mystery
data\processed\Mystery mystery\325_seg006.wav,Mystery mystery
data\processed\noise\Mystery_mystery__125__seg014.wav,noise
data\processed\Mystery mystery\124_seg021.wav,Mystery mystery
data\processed\Mystery mystery\85_seg007.wav,Mystery mystery
data\processed\Mystery mystery\62_seg012.wav,Mystery mystery
data\processed\Mystery mystery\354_seg005.wav,Mystery mystery
data\processed\Mystery mystery\332_seg005.wav,Mystery mystery
data\processed\Arborophila torqueola\5_seg011.wav,Arborophila torqueola
data\processed\Mystery mystery\256_seg024.wav,Mystery mystery
data\processed\Mystery mystery\97_seg002.wav,Mystery mystery
data\processed\Cuculus micropterus\51_seg004.wav,Cuculus micropterus
data\processed\Mystery mystery\326_seg003.wav,Mystery mystery
data\processed\Arborophila torqueola\13_seg015.wav,Arborophila torqueola
data\processed\Dicrurus andamanensis\17_seg004.wav,Dicrurus andamanensis
data\processed\Pomatorhinus ruficollis\25_seg001.wav,Pomatorhinus ruficollis
data\processed\Liocichla phoenicea\9_seg018.wav,Liocichla phoenicea
data\processed\Arborophila torqueola\28_seg024.wav,Arborophila torqueola
data\processed\Mystery mystery\268_seg017.wav,Mystery mystery
data\processed\Mystery mystery\174_seg001.wav,Mystery mystery
data\processed\Arborophila torqueola\6_seg021.wav,Arborophila torqueola
data\processed\Pellorneum ruficeps\82_seg006.wav,Pellorneum ruficeps
data\processed\noise\Mystery_mystery__294__seg002.wav,noise
data\processed\Mystery mystery\425_seg020.wav,Mystery mystery
data\processed\Mystery mystery\301_seg043.wav,Mystery mystery
data\processed\Mystery mystery\322_seg017.wav,Mystery mystery
data\processed\Sturnia malabarica\1_seg000.wav,Sturnia malabarica
data\processed\Mystery mystery\354_seg003.wav,Mystery mystery
data\processed\Mystery mystery\17_seg033.wav,Mystery mystery
data\processed\Psilopogon lineatus\12_seg003.wav,Psilopogon lineatus
data\processed\Mystery mystery\19_seg034.wav,Mystery mystery
data\processed\Macronus gularis\5_seg006.wav,Macronus gularis
data\processed\Cuculus micropterus\8_seg058.wav,Cuculus micropterus
data\processed\Cuculus micropterus\4_seg011.wav,Cuculus micropterus
data\processed\noise\Argya_longirostris__7__seg010.wav,noise
data\processed\Cuculus micropterus\10_seg007.wav,Cuculus micropterus
data\processed\Cuculus micropterus\18_seg000.wav,Cuculus micropterus
data\processed\Arborophila torqueola\13_seg043.wav,Arborophila torqueola
data\processed\Mystery mystery\230_seg002.wav,Mystery mystery
data\processed\Pellorneum ruficeps\88_seg002.wav,Pellorneum ruficeps
data\processed\Mystery mystery\25_seg030.wav,Mystery mystery
data\processed\Pomatorhinus ruficollis\32_seg005.wav,Pomatorhinus ruficollis
data\processed\Pomatorhinus ruficollis\37_seg004.wav,Pomatorhinus ruficollis
data\processed\Pellorneum ruficeps\8_seg022.wav,Pellorneum ruficeps
data\processed\Cuculus micropterus\30_seg011.wav,Cuculus micropterus
data\processed\Stachyridopsis ambigua\9_seg005.wav,Stachyridopsis ambigua
data\processed\Mystery mystery\320_seg009.wav,Mystery mystery
data\processed\Liocichla phoenicea\6_seg016.wav,Liocichla phoenicea
data\processed\Pellorneum ruficeps\24_seg001.wav,Pellorneum ruficeps
data\processed\Psilopogon lineatus\9_seg008.wav,Psilopogon lineatus
data\processed\noise\Pellorneum_ruficeps__41__seg008.wav,noise
data\processed\Pellorneum ruficeps\49_seg004.wav,Pellorneum ruficeps
data\processed\noise\Mystery_mystery__332__seg038.wav,noise
data\processed\Alcippe cinerea\7_seg001.wav,Alcippe cinerea
data\processed\noise\Loriculus_vernalis__14__seg002.wav,noise
data\processed\Mystery mystery\118_seg006.wav,Mystery mystery
data\processed\noise\Mystery_mystery__128__seg005.wav,noise
data\processed\Mystery mystery\195_seg019.wav,Mystery mystery
data\processed\Mystery mystery\421_seg002.wav,Mystery mystery
data\processed\Pellorneum ruficeps\65_seg013.wav,Pellorneum ruficeps
data\processed\Motacilla citreola\14_seg008.wav,Motacilla citreola
data\processed\Mystery mystery\371_seg018.wav,Mystery mystery
data\processed\Mystery mystery\409_seg024.wav,Mystery mystery
data\processed\Cuculus micropterus\62_seg007.wav,Cuculus micropterus
data\processed\Centropus andamanensis\7_seg011.wav,Centropus andamanensis
data\processed\Mystery mystery\37_seg006.wav,Mystery mystery
data\processed\Mystery mystery\93_seg015.wav,Mystery mystery
data\processed\Pellorneum ruficeps\64_seg011.wav,Pellorneum ruficeps
data\processed\Macronus gularis\17_seg030.wav,Macronus gularis
data\processed\Mystery mystery\374_seg018.wav,Mystery mystery
data\processed\Chloropsis jerdoni\13_seg002.wav,Chloropsis jerdoni
data\processed\Cuculus micropterus\10_seg010.wav,Cuculus micropterus
data\processed\Pellorneum ruficeps\4_seg002.wav,Pellorneum ruficeps
data\processed\Locustella davidi\4_seg011.wav,Locustella davidi
data\processed\Mystery mystery\67_seg003.wav,Mystery mystery
data\processed\Pellorneum ruficeps\16_seg003.wav,Pellorneum ruficeps
data\processed\Dicaeum cruentatum\1_seg024.wav,Dicaeum cruentatum
data\processed\Psilopogon lineatus\7_seg003.wav,Psilopogon lineatus
data\processed\Mystery mystery\439_seg009.wav,Mystery mystery
data\processed\Mystery mystery\291_seg000.wav,Mystery mystery
data\processed\Cuculus micropterus\44_seg017.wav,Cuculus micropterus
data\processed\Mystery mystery\338_seg005.wav,Mystery mystery
data\processed\Mystery mystery\336_seg007.wav,Mystery mystery
data\processed\Arborophila torqueola\6_seg005.wav,Arborophila torqueola
data\processed\Mystery mystery\336_seg017.wav,Mystery mystery
data\processed\Mystery mystery\16_seg020.wav,Mystery mystery
data\processed\Chelidorhynx hypoxanthus\9_seg012.wav,Chelidorhynx hypoxanthus
data\processed\Cyornis unicolor\21_seg008.wav,Cyornis unicolor
data\processed\Mystery mystery\373_seg076.wav,Mystery mystery
data\processed\Pnoepyga pusilla\13_seg001.wav,Pnoepyga pusilla
data\processed\Cyornis concretus\1_seg004.wav,Cyornis concretus
data\processed\Mystery mystery\148_seg000.wav,Mystery mystery
data\processed\Sphenocichla humei\10_seg002.wav,Sphenocichla humei
data\processed\Loriculus vernalis\22_seg000.wav,Loriculus vernalis
data\processed\Paradoxornis guttaticollis\1_seg005.wav,Paradoxornis guttaticollis
data\processed\Cuculus micropterus\24_seg001.wav,Cuculus micropterus
data\processed\Pellorneum ruficeps\34_seg002.wav,Pellorneum ruficeps
data\processed\noise\Mystery_mystery__336__seg056.wav,noise
data\processed\Pellorneum ruficeps\78_seg000.wav,Pellorneum ruficeps
data\processed\noise\Mystery_mystery__73__seg002.wav,noise
data\processed\Alcippe cinerea\19_seg006.wav,Alcippe cinerea
data\processed\Rimator malacoptilus\15_seg001.wav,Rimator malacoptilus
data\processed\Mystery mystery\310_seg004.wav,Mystery mystery
data\processed\Cyornis unicolor\1_seg014.wav,Cyornis unicolor
data\processed\noise\Pellorneum_ruficeps__74__seg030.wav,noise
data\processed\Ixobrychus cinnamomeus\4_seg005.wav,Ixobrychus cinnamomeus
data\processed\noise\Cyornis_poliogenys__17__seg002.wav,noise
data\processed\Psilopogon lineatus\17_seg000.wav,Psilopogon lineatus
data\processed\Cuculus micropterus\16_seg002.wav,Cuculus micropterus
data\processed\Spelaeornis oatesi\3_seg005.wav,Spelaeornis oatesi
data\processed\noise\Pellorneum_ruficeps__37__seg006.wav,noise
data\processed\Mystery mystery\175_seg000.wav,Mystery mystery
data\processed\Psittacula eupatria\23_seg003.wav,Psittacula eupatria
data\processed\Chloropsis\14_seg011.wav,Chloropsis
data\processed\noise\Cyornis_magnirostris__5__seg012.wav,noise
data\processed\Motacilla citreola\18_seg008.wav,Motacilla citreola
data\processed\Glaucidium cuculoides\15_seg007.wav,Glaucidium cuculoides
data\processed\Psittacula eupatria\28_seg025.wav,Psittacula eupatria
data\processed\Mystery mystery\301_seg021.wav,Mystery mystery
data\processed\Mystery mystery\92_seg001.wav,Mystery mystery
data\processed\Cyornis unicolor\11_seg005.wav,Cyornis unicolor
data\processed\Mystery mystery\336_seg000.wav,Mystery mystery
data\processed\Macronus gularis\17_seg011.wav,Macronus gularis
data\processed\Cyornis unicolor\14_seg000.wav,Cyornis unicolor
data\processed\Pellorneum ruficeps\37_seg004.wav,Pellorneum ruficeps
data\processed\noise\Mystery_mystery__17__seg032.wav,noise
data\processed\Sphenocichla humei\29_seg004.wav,Sphenocichla humei
data\processed\Mystery mystery\267_seg009.wav,Mystery mystery
data\processed\Centropus andamanensis\10_seg008.wav,Centropus andamanensis
data\processed\Chelidorhynx hypoxanthus\8_seg007.wav,Chelidorhynx hypoxanthus
data\processed\Lanius tephronotus\4_seg009.wav,Lanius tephronotus
data\processed\Mystery mystery\337_seg005.wav,Mystery mystery
data\processed\Polyplectron bicalcaratum\11_seg001.wav,Polyplectron bicalcaratum
data\processed\Motacilla citreola\3_seg000.wav,Motacilla citreola
data\processed\Chloropsis\10_seg005.wav,Chloropsis
data\processed\Acridotheres fuscus\12_seg004.wav,Acridotheres fuscus
data\processed\Mystery mystery\257_seg004.wav,Mystery mystery
data\processed\Cyornis poliogenys\17_seg017.wav,Cyornis poliogenys
data\processed\Mystery mystery\367_seg003.wav,Mystery mystery
data\processed\Mystery mystery\39_seg019.wav,Mystery mystery
data\processed\Pellorneum ruficeps\26_seg006.wav,Pellorneum ruficeps
data\processed\Mystery mystery\56_seg017.wav,Mystery mystery
data\processed\Sturnia malabarica\2_seg003.wav,Sturnia malabarica
data\processed\Mystery mystery\365_seg011.wav,Mystery mystery
data\processed\Mystery mystery\12_seg001.wav,Mystery mystery
data\processed\Mystery mystery\381_seg006.wav,Mystery mystery
data\processed\Argya longirostris\10_seg009.wav,Argya longirostris
data\processed\Mystery mystery\307_seg020.wav,Mystery mystery
data\processed\Glaucidium cuculoides\31_seg063.wav,Glaucidium cuculoides
data\processed\noise\Mystery_mystery__337__seg015.wav,noise
data\processed\Pnoepyga pusilla\10_seg003.wav,Pnoepyga pusilla
data\processed\Cyornis unicolor\19_seg020.wav,Cyornis unicolor
data\processed\Loriculus vernalis\8_seg004.wav,Loriculus vernalis
data\processed\Cypsiurus balasiensis\5_seg006.wav,Cypsiurus balasiensis
data\processed\Rimator malacoptilus\20_seg011.wav,Rimator malacoptilus
data\processed\noise\Motacilla_citreola__7__seg001.wav,noise
data\processed\Mystery mystery\432_seg017.wav,Mystery mystery
data\processed\Dicaeum chrysorrheum\1_seg016.wav,Dicaeum chrysorrheum
data\processed\Phylloscopus inornatus\1_seg006.wav,Phylloscopus inornatus
data\processed\Loriculus vernalis\25_seg006.wav,Loriculus vernalis
data\processed\Rimator malacoptilus\2_seg034.wav,Rimator malacoptilus
data\processed\Mystery mystery\331_seg001.wav,Mystery mystery
data\processed\Phylloscopus inornatus\10_seg003.wav,Phylloscopus inornatus
data\processed\Arborophila torqueola\29_seg003.wav,Arborophila torqueola
data\processed\Pellorneum ruficeps\8_seg001.wav,Pellorneum ruficeps
data\processed\Phylloscopus inornatus\8_seg002.wav,Phylloscopus inornatus
data\processed\Pomatorhinus ruficollis\34_seg004.wav,Pomatorhinus ruficollis
data\processed\Sphenocichla humei\12_seg019.wav,Sphenocichla humei
data\processed\Pellorneum ruficeps\75_seg014.wav,Pellorneum ruficeps
data\processed\Sphenocichla humei\43_seg002.wav,Sphenocichla humei
data\processed\noise\Sphenocichla_humei__26__seg011.wav,noise
data\processed\noise\Cypsiurus_balasiensis__8__seg001.wav,noise
data\processed\Liocichla phoenicea\13_seg024.wav,Liocichla phoenicea
data\processed\Cyornis poliogenys\10_seg024.wav,Cyornis poliogenys
data\processed\Glaucidium cuculoides\21_seg012.wav,Glaucidium cuculoides
data\processed\Pellorneum ruficeps\102_seg026.wav,Pellorneum ruficeps
data\processed\Mystery mystery\36_seg004.wav,Mystery mystery
data\processed\Eurystomus orientalis\2_seg006.wav,Eurystomus orientalis
data\processed\Pellorneum ruficeps\60_seg002.wav,Pellorneum ruficeps
data\processed\Chloropsis\14_seg034.wav,Chloropsis
data\processed\Stachyridopsis ambigua\6_seg005.wav,Stachyridopsis ambigua
data\processed\Mystery mystery\58_seg005.wav,Mystery mystery
data\processed\Mystery mystery\14_seg000.wav,Mystery mystery
data\processed\Mystery mystery\126_seg012.wav,Mystery mystery
data\processed\Mystery mystery\339_seg004.wav,Mystery mystery
data\processed\Cyornis magnirostris\8_seg004.wav,Cyornis magnirostris
data\processed\Mystery mystery\409_seg011.wav,Mystery mystery
data\processed\Pnoepyga pusilla\10_seg000.wav,Pnoepyga pusilla
data\processed\noise\Cyornis_poliogenys__10__seg019.wav,noise
data\processed\Cuculus micropterus\44_seg016.wav,Cuculus micropterus
data\processed\Mystery mystery\345_seg001.wav,Mystery mystery
data\processed\Loriculus vernalis\11_seg001.wav,Loriculus vernalis
data\processed\Sphenocichla humei\33_seg005.wav,Sphenocichla humei
data\processed\Cyornis magnirostris\1_seg009.wav,Cyornis magnirostris
data\processed\Pnoepyga pusilla\20_seg006.wav,Pnoepyga pusilla
data\processed\Todiramphus chloris\22_seg000.wav,Todiramphus chloris
data\processed\Mystery mystery\409_seg023.wav,Mystery mystery
data\processed\Mystery mystery\258_seg021.wav,Mystery mystery
data\processed\Chelidorhynx hypoxanthus\1_seg013.wav,Chelidorhynx hypoxanthus
data\processed\Sphenocichla humei\23_seg005.wav,Sphenocichla humei
data\processed\Pellorneum ruficeps\31_seg000.wav,Pellorneum ruficeps
data\processed\Stachyridopsis ambigua\5_seg005.wav,Stachyridopsis ambigua
data\processed\noise\Spelaeornis_oatesi__3__seg003.wav,noise
data\processed\Mystery mystery\300_seg015.wav,Mystery mystery
data\processed\Pnoepyga pusilla\17_seg002.wav,Pnoepyga pusilla
data\processed\Pellorneum ruficeps\87_seg022.wav,Pellorneum ruficeps
data\processed\Mystery mystery\179_seg001.wav,Mystery mystery
data\processed\Rimator malacoptilus\12_seg003.wav,Rimator malacoptilus
data\processed\Glaucidium cuculoides\29_seg018.wav,Glaucidium cuculoides
data\processed\Mystery mystery\325_seg016.wav,Mystery mystery
data\processed\Mystery mystery\256_seg029.wav,Mystery mystery
data\processed\Pellorneum ruficeps\14_seg014.wav,Pellorneum ruficeps
data\processed\Mystery mystery\409_seg029.wav,Mystery mystery
data\processed\Cuculus micropterus\17_seg003.wav,Cuculus micropterus
data\processed\noise\Pellorneum_ruficeps__86__seg063.wav,noise
data\processed\Pnoepyga pusilla\5_seg002.wav,Pnoepyga pusilla
data\processed\Mystery mystery\9_seg002.wav,Mystery mystery
data\processed\Mystery mystery\343_seg034.wav,Mystery mystery
data\processed\noise\Pomatorhinus_ruficollis__37__seg011.wav,noise
data\processed\Mystery mystery\61_seg004.wav,Mystery mystery
data\processed\Mystery mystery\426_seg002.wav,Mystery mystery
data\processed\Psittacula eupatria\4_seg005.wav,Psittacula eupatria
data\processed\Glaucidium cuculoides\12_seg006.wav,Glaucidium cuculoides
data\processed\Mystery mystery\256_seg020.wav,Mystery mystery
data\processed\Pellorneum ruficeps\5_seg007.wav,Pellorneum ruficeps
data\processed\Sturnia malabarica\16_seg023.wav,Sturnia malabarica
data\processed\Pomatorhinus ruficollis\4_seg004.wav,Pomatorhinus ruficollis
data\processed\Alcippe cinerea\19_seg001.wav,Alcippe cinerea
data\processed\Mystery mystery\409_seg014.wav,Mystery mystery
data\processed\Mystery mystery\35_seg028.wav,Mystery mystery
data\processed\Cyornis unicolor\23_seg013.wav,Cyornis unicolor
data\processed\Macronus gularis\17_seg017.wav,Macronus gularis
data\processed\Arborophila torqueola\2_seg036.wav,Arborophila torqueola
data\processed\Cyornis unicolor\18_seg000.wav,Cyornis unicolor
data\processed\Alcippe cinerea\4_seg010.wav,Alcippe cinerea
data\processed\Sphenocichla humei\12_seg023.wav,Sphenocichla humei
data\processed\Glaucidium cuculoides\29_seg011.wav,Glaucidium cuculoides
data\processed\Sphenocichla humei\12_seg028.wav,Sphenocichla humei
data\processed\Mystery mystery\42_seg007.wav,Mystery mystery
data\processed\Rimator malacoptilus\4_seg000.wav,Rimator malacoptilus
data\processed\Pomatorhinus ruficollis\4_seg001.wav,Pomatorhinus ruficollis
data\processed\Cyornis unicolor\11_seg007.wav,Cyornis unicolor
data\processed\Mystery mystery\410_seg055.wav,Mystery mystery
data\processed\Mystery mystery\43_seg008.wav,Mystery mystery
data\processed\Mystery mystery\18_seg000.wav,Mystery mystery
data\processed\noise\Rimator_malacoptilus__13__seg010.wav,noise
data\processed\Mystery mystery\266_seg001.wav,Mystery mystery
data\processed\Pomatorhinus ruficollis\4_seg029.wav,Pomatorhinus ruficollis
data\processed\Pellorneum ruficeps\100_seg004.wav,Pellorneum ruficeps
data\processed\noise\Centropus_andamanensis__4__seg006.wav,noise
data\processed\Psilopogon lineatus\1_seg004.wav,Psilopogon lineatus
data\processed\Mystery mystery\128_seg015.wav,Mystery mystery
data\processed\Sphenocichla humei\32_seg010.wav,Sphenocichla humei
data\processed\Mystery mystery\379_seg002.wav,Mystery mystery
data\processed\noise\Pellorneum_ruficeps__86__seg066.wav,noise
data\processed\Motacilla citreola\18_seg007.wav,Motacilla citreola
data\processed\Loriculus vernalis\27_seg018.wav,Loriculus vernalis
data\processed\Motacilla citreola\14_seg022.wav,Motacilla citreola
data\processed\Cuculus micropterus\23_seg001.wav,Cuculus micropterus
data\processed\Mystery mystery\83_seg004.wav,Mystery mystery
data\processed\Mystery mystery\70_seg002.wav,Mystery mystery
data\processed\Cuculus micropterus\65_seg000.wav,Cuculus micropterus
data\processed\Chloropsis\7_seg002.wav,Chloropsis
data\processed\Locustella davidi\2_seg001.wav,Locustella davidi
data\processed\Cyornis unicolor\4_seg022.wav,Cyornis unicolor
data\processed\noise\Mystery_mystery__324__seg011.wav,noise
data\processed\Pellorneum ruficeps\101_seg007.wav,Pellorneum ruficeps
data\processed\Liocichla phoenicea\23_seg006.wav,Liocichla phoenicea
data\processed\Cyornis magnirostris\2_seg000.wav,Cyornis magnirostris
data\processed\Glaucidium cuculoides\10_seg009.wav,Glaucidium cuculoides
data\processed\Pomatorhinus ruficollis\5_seg001.wav,Pomatorhinus ruficollis
data\processed\Pellorneum ruficeps\87_seg013.wav,Pellorneum ruficeps
data\processed\Pellorneum ruficeps\7_seg006.wav,Pellorneum ruficeps
data\processed\Cuculus micropterus\60_seg014.wav,Cuculus micropterus
data\processed\Mystery mystery\16_seg022.wav,Mystery mystery
data\processed\Pnoepyga pusilla\14_seg008.wav,Pnoepyga pusilla
data\processed\Mystery mystery\348_seg003.wav,Mystery mystery
data\processed\Cyornis magnirostris\6_seg003.wav,Cyornis magnirostris
data\processed\noise\Mystery_mystery__34__seg018.wav,noise
data\processed\Mystery mystery\261_seg000.wav,Mystery mystery
data\processed\Pellorneum ruficeps\8_seg007.wav,Pellorneum ruficeps
data\processed\noise\Pellorneum_ruficeps__26__seg014.wav,noise
data\processed\Acridotheres fuscus\12_seg009.wav,Acridotheres fuscus
data\processed\Cyornis poliogenys\7_seg007.wav,Cyornis poliogenys
data\processed\Mystery mystery\240_seg011.wav,Mystery mystery
data\processed\Pnoepyga pusilla\19_seg003.wav,Pnoepyga pusilla
data\processed\Mystery mystery\71_seg000.wav,Mystery mystery
data\processed\Mystery mystery\245_seg005.wav,Mystery mystery
data\processed\Pellorneum ruficeps\4_seg003.wav,Pellorneum ruficeps
data\processed\noise\Mystery_mystery__332__seg037.wav,noise
data\processed\Chelidorhynx hypoxanthus\1_seg012.wav,Chelidorhynx hypoxanthus
data\processed\Mystery mystery\19_seg066.wav,Mystery mystery
data\processed\Sphenocichla humei\14_seg004.wav,Sphenocichla humei
data\processed\Liocichla phoenicea\13_seg037.wav,Liocichla phoenicea
data\processed\Mystery mystery\301_seg044.wav,Mystery mystery
data\processed\Alcippe cinerea\1_seg003.wav,Alcippe cinerea
data\processed\Cuculus micropterus\35_seg000.wav,Cuculus micropterus
data\processed\Cyornis unicolor\2_seg004.wav,Cyornis unicolor
data\processed\Dicaeum cruentatum\6_seg003.wav,Dicaeum cruentatum
data\processed\Pellorneum ruficeps\11_seg007.wav,Pellorneum ruficeps
data\processed\Psittacula eupatria\20_seg000.wav,Psittacula eupatria
data\processed\Mystery mystery\413_seg013.wav,Mystery mystery
data\processed\Pnoepyga pusilla\25_seg007.wav,Pnoepyga pusilla
data\processed\Arborophila torqueola\32_seg010.wav,Arborophila torqueola
data\processed\Mystery mystery\60_seg000.wav,Mystery mystery
data\processed\Cyornis unicolor\16_seg013.wav,Cyornis unicolor
data\processed\Arborophila torqueola\16_seg001.wav,Arborophila torqueola
data\processed\Sphenocichla humei\34_seg005.wav,Sphenocichla humei
data\processed\Rimator malacoptilus\2_seg006.wav,Rimator malacoptilus
data\processed\Mystery mystery\382_seg008.wav,Mystery mystery
data\processed\Arborophila torqueola\26_seg001.wav,Arborophila torqueola
data\processed\Arborophila torqueola\13_seg006.wav,Arborophila torqueola
data\processed\Mystery mystery\296_seg017.wav,Mystery mystery
data\processed\Mystery mystery\428_seg005.wav,Mystery mystery
data\processed\noise\Pellorneum_ruficeps__74__seg010.wav,noise
data\processed\Mystery mystery\327_seg014.wav,Mystery mystery
data\processed\Mystery mystery\280_seg007.wav,Mystery mystery
data\processed\Iole cacharensis\6_seg006.wav,Iole cacharensis
data\processed\Pellorneum ruficeps\19_seg001.wav,Pellorneum ruficeps
data\processed\Arborophila torqueola\12_seg015.wav,Arborophila torqueola
data\processed\Cyornis unicolor\1_seg006.wav,Cyornis unicolor
data\processed\Cuculus micropterus\44_seg001.wav,Cuculus micropterus
data\processed\Mystery mystery\314_seg007.wav,Mystery mystery
data\processed\Rimator malacoptilus\10_seg011.wav,Rimator malacoptilus
data\processed\Cyornis unicolor\10_seg029.wav,Cyornis unicolor
data\processed\Pellorneum ruficeps\99_seg001.wav,Pellorneum ruficeps
data\processed\Dicrurus andamanensis\2_seg002.wav,Dicrurus andamanensis
data\processed\Dicrurus andamanensis\12_seg004.wav,Dicrurus andamanensis
data\processed\Mystery mystery\428_seg010.wav,Mystery mystery
data\processed\Cyornis unicolor\22_seg010.wav,Cyornis unicolor
data\processed\Mystery mystery\40_seg003.wav,Mystery mystery
data\processed\Mystery mystery\428_seg037.wav,Mystery mystery
data\processed\Mystery mystery\410_seg035.wav,Mystery mystery
data\processed\Liocichla phoenicea\14_seg007.wav,Liocichla phoenicea
data\processed\Psittacula eupatria\27_seg004.wav,Psittacula eupatria
data\processed\Chelidorhynx hypoxanthus\13_seg001.wav,Chelidorhynx hypoxanthus
data\processed\Arborophila torqueola\8_seg027.wav,Arborophila torqueola
data\processed\Mystery mystery\250_seg003.wav,Mystery mystery
data\processed\Cyornis poliogenys\5_seg003.wav,Cyornis poliogenys
data\processed\noise\Mystery_mystery__250__seg010.wav,noise
data\processed\noise\Mystery_mystery__126__seg008.wav,noise
data\processed\Cyornis magnirostris\8_seg000.wav,Cyornis magnirostris
data\processed\noise\Rimator_malacoptilus__18__seg006.wav,noise
data\processed\Pomatorhinus ruficollis\9_seg011.wav,Pomatorhinus ruficollis
data\processed\Dicrurus andamanensis\15_seg015.wav,Dicrurus andamanensis
data\processed\Sphenocichla humei\38_seg004.wav,Sphenocichla humei
data\processed\Cyornis poliogenys\18_seg008.wav,Cyornis poliogenys
data\processed\Arborophila torqueola\25_seg007.wav,Arborophila torqueola
data\processed\Mystery mystery\16_seg028.wav,Mystery mystery
data\processed\noise\Pomatorhinus_ruficollis__36__seg003.wav,noise
data\processed\Alcippe cinerea\23_seg007.wav,Alcippe cinerea
data\processed\Paradoxornis guttaticollis\2_seg013.wav,Paradoxornis guttaticollis
data\processed\Mystery mystery\377_seg031.wav,Mystery mystery
data\processed\Chloropsis cochinchinensis\1_seg003.wav,Chloropsis cochinchinensis
data\processed\noise\Rimator_malacoptilus__10__seg010.wav,noise
data\processed\Mystery mystery\188_seg000.wav,Mystery mystery
data\processed\Mystery mystery\43_seg044.wav,Mystery mystery
data\processed\Chelidorhynx hypoxanthus\15_seg017.wav,Chelidorhynx hypoxanthus
data\processed\Mystery mystery\368_seg005.wav,Mystery mystery
data\processed\Mystery mystery\302_seg006.wav,Mystery mystery
data\processed\Mystery mystery\442_seg043.wav,Mystery mystery
data\processed\Cuculus micropterus\35_seg008.wav,Cuculus micropterus
data\processed\Mystery mystery\306_seg016.wav,Mystery mystery
data\processed\Mystery mystery\429_seg011.wav,Mystery mystery
data\processed\Mystery mystery\35_seg021.wav,Mystery mystery
data\processed\Aethopyga gouldiae\2_seg006.wav,Aethopyga gouldiae
data\processed\Alcippe cinerea\2_seg000.wav,Alcippe cinerea
data\processed\Mystery mystery\422_seg000.wav,Mystery mystery
data\processed\Cuculus micropterus\47_seg005.wav,Cuculus micropterus
data\processed\Pellorneum ruficeps\8_seg031.wav,Pellorneum ruficeps
data\processed\Mystery mystery\398_seg001.wav,Mystery mystery
data\processed\Pellorneum ruficeps\80_seg007.wav,Pellorneum ruficeps
data\processed\Mystery mystery\224_seg004.wav,Mystery mystery
data\processed\Pellorneum ruficeps\3_seg003.wav,Pellorneum ruficeps
data\processed\Chloropsis jerdoni\3_seg001.wav,Chloropsis jerdoni
data\processed\Liocichla phoenicea\13_seg049.wav,Liocichla phoenicea
data\processed\noise\Mystery_mystery__38__seg023.wav,noise
data\processed\Mystery mystery\129_seg003.wav,Mystery mystery
data\processed\Mystery mystery\217_seg000.wav,Mystery mystery
data\processed\Mystery mystery\405_seg002.wav,Mystery mystery
data\processed\Rimator malacoptilus\20_seg009.wav,Rimator malacoptilus
data\processed\Pellorneum ruficeps\6_seg000.wav,Pellorneum ruficeps
data\processed\Cuculus micropterus\9_seg001.wav,Cuculus micropterus
data\processed\Liocichla phoenicea\13_seg052.wav,Liocichla phoenicea
data\processed\Cyornis unicolor\17_seg006.wav,Cyornis unicolor
data\processed\Cuculus micropterus\7_seg003.wav,Cuculus micropterus
data\processed\Pellorneum ruficeps\69_seg017.wav,Pellorneum ruficeps
data\processed\Pomatorhinus ruficollis\7_seg008.wav,Pomatorhinus ruficollis
data\processed\Pellorneum ruficeps\36_seg003.wav,Pellorneum ruficeps
data\processed\Dicrurus andamanensis\2_seg018.wav,Dicrurus andamanensis
data\processed\noise\Mystery_mystery__78__seg000.wav,noise
data\processed\Cyornis concretus\1_seg005.wav,Cyornis concretus
data\processed\Psilopogon lineatus\18_seg000.wav,Psilopogon lineatus
data\processed\Mystery mystery\246_seg015.wav,Mystery mystery
data\processed\Ixobrychus cinnamomeus\4_seg000.wav,Ixobrychus cinnamomeus
data\processed\Glaucidium cuculoides\37_seg004.wav,Glaucidium cuculoides
data\processed\Mystery mystery\413_seg015.wav,Mystery mystery
data\processed\Mystery mystery\443_seg000.wav,Mystery mystery
data\processed\Mystery mystery\19_seg006.wav,Mystery mystery
data\processed\noise\Sphenocichla_humei__36__seg000.wav,noise
data\processed\Mystery mystery\1_seg018.wav,Mystery mystery
data\processed\Sphenocichla humei\26_seg013.wav,Sphenocichla humei
data\processed\Mystery mystery\43_seg064.wav,Mystery mystery
data\processed\Arborophila torqueola\13_seg019.wav,Arborophila torqueola
data\processed\Mystery mystery\56_seg018.wav,Mystery mystery
data\processed\Cuculus micropterus\35_seg014.wav,Cuculus micropterus
data\processed\noise\Pellorneum_ruficeps__86__seg037.wav,noise
data\processed\Cyornis poliogenys\4_seg008.wav,Cyornis poliogenys
data\processed\Arborophila torqueola\10_seg001.wav,Arborophila torqueola
data\processed\Mystery mystery\103_seg001.wav,Mystery mystery
data\processed\Liocichla phoenicea\13_seg009.wav,Liocichla phoenicea
data\processed\Loriculus vernalis\10_seg018.wav,Loriculus vernalis
data\processed\noise\Sphenocichla_humei__20__seg023.wav,noise
data\processed\Mystery mystery\353_seg000.wav,Mystery mystery
data\processed\Cypsiurus balasiensis\3_seg001.wav,Cypsiurus balasiensis
data\processed\Sturnia malabarica\2_seg005.wav,Sturnia malabarica
data\processed\Glaucidium cuculoides\30_seg027.wav,Glaucidium cuculoides
data\processed\Liocichla phoenicea\14_seg006.wav,Liocichla phoenicea
data\processed\Loriculus vernalis\22_seg002.wav,Loriculus vernalis
data\processed\Sphenocichla humei\1_seg000.wav,Sphenocichla humei
data\processed\Mystery mystery\387_seg002.wav,Mystery mystery
data\processed\Chelidorhynx hypoxanthus\11_seg003.wav,Chelidorhynx hypoxanthus
data\processed\Mystery mystery\256_seg023.wav,Mystery mystery
data\processed\Pnoepyga pusilla\8_seg007.wav,Pnoepyga pusilla
data\processed\Cyornis magnirostris\4_seg003.wav,Cyornis magnirostris
data\processed\Arborophila torqueola\13_seg008.wav,Arborophila torqueola
data\processed\Rimator malacoptilus\17_seg008.wav,Rimator malacoptilus
data\processed\Phylloscopus inornatus\8_seg014.wav,Phylloscopus inornatus
data\processed\Arborophila torqueola\2_seg010.wav,Arborophila torqueola
data\processed\Cuculus micropterus\36_seg004.wav,Cuculus micropterus
data\processed\Dicrurus andamanensis\11_seg005.wav,Dicrurus andamanensis
data\processed\noise\Mystery_mystery__325__seg032.wav,noise
data\processed\Ixobrychus cinnamomeus\4_seg012.wav,Ixobrychus cinnamomeus
data\processed\Cyornis unicolor\9_seg001.wav,Cyornis unicolor
data\processed\Todiramphus chloris\9_seg008.wav,Todiramphus chloris
data\processed\Cyornis unicolor\1_seg000.wav,Cyornis unicolor
data\processed\Pomatorhinus ruficollis\30_seg001.wav,Pomatorhinus ruficollis
data\processed\Mystery mystery\222_seg001.wav,Mystery mystery
data\processed\Pomatorhinus ruficollis\18_seg021.wav,Pomatorhinus ruficollis
data\processed\Glaucidium cuculoides\21_seg006.wav,Glaucidium cuculoides
data\processed\Mystery mystery\20_seg005.wav,Mystery mystery
data\processed\Phylloscopus inornatus\4_seg000.wav,Phylloscopus inornatus
data\processed\Mystery mystery\9_seg008.wav,Mystery mystery
data\processed\Psilopogon lineatus\6_seg007.wav,Psilopogon lineatus
data\processed\Liocichla phoenicea\13_seg054.wav,Liocichla phoenicea
data\processed\Mystery mystery\343_seg013.wav,Mystery mystery
data\processed\Cyornis unicolor\4_seg009.wav,Cyornis unicolor
data\processed\Mystery mystery\127_seg020.wav,Mystery mystery
data\processed\noise\Cyornis_poliogenys__16__seg010.wav,noise
data\processed\Locustella davidi\4_seg008.wav,Locustella davidi
data\processed\Alcippe cinerea\19_seg010.wav,Alcippe cinerea
data\processed\Alcippe cinerea\18_seg017.wav,Alcippe cinerea
data\processed\Mystery mystery\253_seg006.wav,Mystery mystery
data\processed\Aethopyga gouldiae\1_seg015.wav,Aethopyga gouldiae
data\processed\Mystery mystery\19_seg013.wav,Mystery mystery
data\processed\Pomatorhinus ruficollis\17_seg009.wav,Pomatorhinus ruficollis
data\processed\Mystery mystery\428_seg025.wav,Mystery mystery
data\processed\Arachnothera magna\3_seg005.wav,Arachnothera magna
data\processed\Mystery mystery\250_seg025.wav,Mystery mystery
data\processed\Phylloscopus forresti\1_seg005.wav,Phylloscopus forresti
data\processed\Mystery mystery\314_seg014.wav,Mystery mystery
data\processed\Sturnia malabarica\4_seg007.wav,Sturnia malabarica
data\processed\Pomatorhinus ruficollis\1_seg008.wav,Pomatorhinus ruficollis
data\processed\Dicrurus andamanensis\5_seg007.wav,Dicrurus andamanensis
data\processed\Stachyridopsis ambigua\6_seg009.wav,Stachyridopsis ambigua
data\processed\Mystery mystery\354_seg001.wav,Mystery mystery
data\processed\Cyornis unicolor\12_seg007.wav,Cyornis unicolor
data\processed\Mystery mystery\336_seg062.wav,Mystery mystery
data\processed\Mystery mystery\222_seg010.wav,Mystery mystery
data\processed\Mystery mystery\321_seg003.wav,Mystery mystery
data\processed\Mystery mystery\60_seg008.wav,Mystery mystery
data\processed\Chloropsis\8_seg003.wav,Chloropsis
data\processed\Glaucidium cuculoides\34_seg003.wav,Glaucidium cuculoides
data\processed\Rimator malacoptilus\9_seg007.wav,Rimator malacoptilus
data\processed\Mystery mystery\89_seg002.wav,Mystery mystery
data\processed\Pomatorhinus ruficollis\41_seg010.wav,Pomatorhinus ruficollis
data\processed\Chloropsis jerdoni\4_seg008.wav,Chloropsis jerdoni
data\processed\Pellorneum ruficeps\38_seg003.wav,Pellorneum ruficeps
data\processed\Cyornis unicolor\10_seg037.wav,Cyornis unicolor
data\processed\Phylloscopus inornatus\2_seg003.wav,Phylloscopus inornatus
data\processed\Cuculus micropterus\56_seg001.wav,Cuculus micropterus
data\processed\Pomatorhinus ruficollis\27_seg000.wav,Pomatorhinus ruficollis
data\processed\Chloropsis jerdoni\5_seg018.wav,Chloropsis jerdoni
data\processed\Pomatorhinus ruficollis\6_seg001.wav,Pomatorhinus ruficollis
data\processed\Chloropsis\5_seg005.wav,Chloropsis
data\processed\Chelidorhynx hypoxanthus\10_seg028.wav,Chelidorhynx hypoxanthus
data\processed\Mystery mystery\223_seg019.wav,Mystery mystery
data\processed\Pomatorhinus ruficollis\24_seg051.wav,Pomatorhinus ruficollis
data\processed\Mystery mystery\237_seg002.wav,Mystery mystery
data\processed\Pellorneum ruficeps\17_seg027.wav,Pellorneum ruficeps
data\processed\Pnoepyga pusilla\1_seg018.wav,Pnoepyga pusilla
data\processed\Mystery mystery\425_seg000.wav,Mystery mystery
data\processed\Pellorneum ruficeps\69_seg006.wav,Pellorneum ruficeps
data\processed\Arborophila torqueola\5_seg001.wav,Arborophila torqueola
data\processed\noise\Spelaeornis_oatesi__3__seg017.wav,noise
data\processed\Pomatorhinus ruficollis\40_seg008.wav,Pomatorhinus ruficollis
data\processed\Alcippe cinerea\16_seg000.wav,Alcippe cinerea
data\processed\Sphenocichla humei\35_seg000.wav,Sphenocichla humei
data\processed\Pellorneum ruficeps\52_seg011.wav,Pellorneum ruficeps
data\processed\Centropus andamanensis\15_seg022.wav,Centropus andamanensis
data\processed\Phylloscopus forresti\3_seg017.wav,Phylloscopus forresti
data\processed\Arborophila torqueola\9_seg017.wav,Arborophila torqueola
data\processed\Pellorneum ruficeps\22_seg004.wav,Pellorneum ruficeps
data\processed\Mystery mystery\360_seg042.wav,Mystery mystery
data\processed\Mystery mystery\368_seg008.wav,Mystery mystery
data\processed\Mystery mystery\258_seg031.wav,Mystery mystery
data\processed\Cuculus micropterus\38_seg001.wav,Cuculus micropterus
data\processed\Cyornis poliogenys\26_seg006.wav,Cyornis poliogenys
data\processed\Arborophila torqueola\9_seg011.wav,Arborophila torqueola
data\processed\noise\Glaucidium_cuculoides__12__seg023.wav,noise
data\processed\Mystery mystery\5_seg016.wav,Mystery mystery
data\processed\Mystery mystery\240_seg002.wav,Mystery mystery
data\processed\Glaucidium cuculoides\39_seg011.wav,Glaucidium cuculoides
data\processed\Mystery mystery\362_seg000.wav,Mystery mystery
data\processed\Mystery mystery\93_seg019.wav,Mystery mystery
data\processed\Mystery mystery\382_seg003.wav,Mystery mystery
data\processed\Loriculus vernalis\29_seg005.wav,Loriculus vernalis
data\processed\Mystery mystery\315_seg005.wav,Mystery mystery
data\processed\Mystery mystery\283_seg000.wav,Mystery mystery
data\processed\Glaucidium cuculoides\12_seg022.wav,Glaucidium cuculoides
data\processed\Liocichla phoenicea\9_seg011.wav,Liocichla phoenicea
data\processed\Mystery mystery\374_seg013.wav,Mystery mystery
data\processed\Mystery mystery\240_seg012.wav,Mystery mystery
data\processed\Mystery mystery\189_seg001.wav,Mystery mystery
data\processed\Chelidorhynx hypoxanthus\7_seg002.wav,Chelidorhynx hypoxanthus
data\processed\Cyornis poliogenys\29_seg002.wav,Cyornis poliogenys
data\processed\Arachnothera magna\8_seg002.wav,Arachnothera magna
data\processed\Mystery mystery\9_seg016.wav,Mystery mystery
data\processed\Phylloscopus inornatus\3_seg004.wav,Phylloscopus inornatus
data\processed\Pomatorhinus ruficollis\4_seg013.wav,Pomatorhinus ruficollis
data\processed\noise\Pomatorhinus_ruficollis__4__seg032.wav,noise
data\processed\noise\Psittacula_eupatria__8__seg030.wav,noise
data\processed\Pomatorhinus ruficollis\4_seg025.wav,Pomatorhinus ruficollis
data\processed\Mystery mystery\303_seg006.wav,Mystery mystery
data\processed\Macronus gularis\23_seg008.wav,Macronus gularis
data\processed\Mystery mystery\127_seg046.wav,Mystery mystery
data\processed\Chloropsis jerdoni\13_seg008.wav,Chloropsis jerdoni
data\processed\Pomatorhinus ruficollis\34_seg016.wav,Pomatorhinus ruficollis
data\processed\Glaucidium cuculoides\30_seg009.wav,Glaucidium cuculoides
data\processed\Pomatorhinus ruficollis\18_seg000.wav,Pomatorhinus ruficollis
data\processed\Mystery mystery\342_seg008.wav,Mystery mystery
data\processed\Psilopogon lineatus\1_seg007.wav,Psilopogon lineatus
data\processed\Cyornis unicolor\11_seg016.wav,Cyornis unicolor
data\processed\noise\Glaucidium_cuculoides__25__seg014.wav,noise
data\processed\Mystery mystery\368_seg007.wav,Mystery mystery
data\processed\Mystery mystery\238_seg002.wav,Mystery mystery
data\processed\Chloropsis\3_seg001.wav,Chloropsis
data\processed\Cyornis poliogenys\7_seg000.wav,Cyornis poliogenys
data\processed\Paradoxornis guttaticollis\1_seg001.wav,Paradoxornis guttaticollis
data\processed\Cuculus micropterus\8_seg022.wav,Cuculus micropterus
data\processed\noise\Chloropsis__14__seg115.wav,noise
data\processed\Mystery mystery\377_seg036.wav,Mystery mystery
data\processed\Mystery mystery\256_seg014.wav,Mystery mystery
data\processed\Pnoepyga pusilla\18_seg006.wav,Pnoepyga pusilla
data\processed\Mystery mystery\338_seg012.wav,Mystery mystery
data\processed\Mystery mystery\442_seg045.wav,Mystery mystery
data\processed\Centropus andamanensis\12_seg004.wav,Centropus andamanensis
data\processed\noise\Alcippe_cinerea__5__seg002.wav,noise
data\processed\Centropus andamanensis\11_seg002.wav,Centropus andamanensis
data\processed\Mystery mystery\345_seg000.wav,Mystery mystery
data\processed\Psilopogon lineatus\19_seg011.wav,Psilopogon lineatus
data\processed\Rimator malacoptilus\20_seg000.wav,Rimator malacoptilus
data\processed\Mystery mystery\127_seg034.wav,Mystery mystery
data\processed\Motacilla citreola\18_seg004.wav,Motacilla citreola
data\processed\Pellorneum ruficeps\14_seg017.wav,Pellorneum ruficeps
data\processed\noise\Arborophila_torqueola__28__seg040.wav,noise
data\processed\Arborophila torqueola\28_seg020.wav,Arborophila torqueola
data\processed\Mystery mystery\306_seg004.wav,Mystery mystery
data\processed\Psittacula eupatria\8_seg008.wav,Psittacula eupatria
data\processed\Pellorneum ruficeps\77_seg002.wav,Pellorneum ruficeps
data\processed\Mystery mystery\300_seg019.wav,Mystery mystery
data\processed\Cyornis unicolor\4_seg007.wav,Cyornis unicolor
data\processed\Macronus gularis\15_seg001.wav,Macronus gularis
data\processed\Chloropsis\5_seg002.wav,Chloropsis
data\processed\Cuculus micropterus\45_seg008.wav,Cuculus micropterus
data\processed\Mystery mystery\343_seg003.wav,Mystery mystery
data\processed\Mystery mystery\421_seg003.wav,Mystery mystery
data\processed\Pellorneum ruficeps\87_seg032.wav,Pellorneum ruficeps
data\processed\Sphenocichla humei\16_seg001.wav,Sphenocichla humei
data\processed\Sphenocichla humei\32_seg003.wav,Sphenocichla humei
data\processed\Glaucidium cuculoides\6_seg005.wav,Glaucidium cuculoides
data\processed\Pomatorhinus ruficollis\35_seg008.wav,Pomatorhinus ruficollis
data\processed\Pomatorhinus ruficollis\29_seg000.wav,Pomatorhinus ruficollis
data\processed\Mystery mystery\341_seg007.wav,Mystery mystery
data\processed\noise\Liocichla_phoenicea__2__seg003.wav,noise
data\processed\Mystery mystery\412_seg011.wav,Mystery mystery
data\processed\Mystery mystery\266_seg003.wav,Mystery mystery
data\processed\Arborophila torqueola\33_seg005.wav,Arborophila torqueola
data\processed\Mystery mystery\387_seg000.wav,Mystery mystery
data\processed\Mystery mystery\271_seg003.wav,Mystery mystery
data\processed\Mystery mystery\338_seg020.wav,Mystery mystery
data\processed\Lanius tephronotus\4_seg000.wav,Lanius tephronotus
data\processed\Glaucidium cuculoides\26_seg004.wav,Glaucidium cuculoides
data\processed\Arachnothera magna\8_seg000.wav,Arachnothera magna
data\processed\noise\Arborophila_torqueola__28__seg021.wav,noise
data\processed\Mystery mystery\428_seg021.wav,Mystery mystery
data\processed\Cyornis poliogenys\13_seg003.wav,Cyornis poliogenys
data\processed\Mystery mystery\88_seg003.wav,Mystery mystery
data\processed\Todiramphus chloris\18_seg005.wav,Todiramphus chloris
data\processed\Centropus andamanensis\12_seg005.wav,Centropus andamanensis
data\processed\Mystery mystery\67_seg005.wav,Mystery mystery
data\processed\Acridotheres fuscus\9_seg001.wav,Acridotheres fuscus
data\processed\Mystery mystery\46_seg000.wav,Mystery mystery
data\processed\Mystery mystery\25_seg038.wav,Mystery mystery
data\processed\Pomatorhinus ruficollis\10_seg007.wav,Pomatorhinus ruficollis
data\processed\Mystery mystery\374_seg012.wav,Mystery mystery
data\processed\Mystery mystery\127_seg001.wav,Mystery mystery
data\processed\Mystery mystery\425_seg011.wav,Mystery mystery
data\processed\noise\Rimator_malacoptilus__17__seg002.wav,noise
data\processed\Mystery mystery\92_seg005.wav,Mystery mystery
data\processed\Mystery mystery\25_seg043.wav,Mystery mystery
data\processed\Mystery mystery\413_seg003.wav,Mystery mystery
data\processed\Cyornis unicolor\10_seg002.wav,Cyornis unicolor
data\processed\Mystery mystery\300_seg011.wav,Mystery mystery
data\processed\Mystery mystery\442_seg014.wav,Mystery mystery
data\processed\Paradoxornis guttaticollis\4_seg002.wav,Paradoxornis guttaticollis
data\processed\Mystery mystery\256_seg002.wav,Mystery mystery
data\processed\Loriculus vernalis\9_seg000.wav,Loriculus vernalis
data\processed\noise\Chloropsis__14__seg104.wav,noise
data\processed\Mystery mystery\11_seg009.wav,Mystery mystery
data\processed\noise\Glaucidium_cuculoides__17__seg005.wav,noise
data\processed\Pellorneum ruficeps\52_seg012.wav,Pellorneum ruficeps
data\processed\Pellorneum ruficeps\69_seg024.wav,Pellorneum ruficeps
data\processed\Mystery mystery\43_seg034.wav,Mystery mystery
data\processed\Cyornis unicolor\10_seg026.wav,Cyornis unicolor
data\processed\Rimator malacoptilus\14_seg009.wav,Rimator malacoptilus
data\processed\Cyornis unicolor\24_seg003.wav,Cyornis unicolor
data\processed\Dicaeum minullum\1_seg004.wav,Dicaeum minullum
data\processed\noise\Pomatorhinus_ruficollis__7__seg009.wav,noise
data\processed\Glaucidium cuculoides\29_seg022.wav,Glaucidium cuculoides
data\processed\Cyornis unicolor\22_seg014.wav,Cyornis unicolor
data\processed\Mystery mystery\303_seg007.wav,Mystery mystery
data\processed\Cyornis unicolor\24_seg007.wav,Cyornis unicolor
data\processed\Pomatorhinus ruficollis\36_seg010.wav,Pomatorhinus ruficollis
data\processed\Liocichla phoenicea\10_seg015.wav,Liocichla phoenicea
data\processed\Rimator malacoptilus\19_seg002.wav,Rimator malacoptilus
data\processed\Mystery mystery\123_seg002.wav,Mystery mystery
data\processed\Cuculus micropterus\10_seg009.wav,Cuculus micropterus
data\processed\Todiramphus chloris\23_seg009.wav,Todiramphus chloris
data\processed\Phylloscopus inornatus\6_seg001.wav,Phylloscopus inornatus
data\processed\Mystery mystery\414_seg010.wav,Mystery mystery
data\processed\Mystery mystery\61_seg000.wav,Mystery mystery
data\processed\Pellorneum ruficeps\96_seg000.wav,Pellorneum ruficeps
data\processed\Mystery mystery\425_seg008.wav,Mystery mystery
data\processed\Liocichla phoenicea\9_seg017.wav,Liocichla phoenicea
data\processed\Loriculus vernalis\29_seg006.wav,Loriculus vernalis
data\processed\Cuculus micropterus\35_seg003.wav,Cuculus micropterus
data\processed\Glaucidium cuculoides\23_seg000.wav,Glaucidium cuculoides
data\processed\Eurystomus orientalis\4_seg003.wav,Eurystomus orientalis
data\processed\Pnoepyga pusilla\29_seg001.wav,Pnoepyga pusilla
data\processed\Sturnia malabarica\3_seg001.wav,Sturnia malabarica
data\processed\Mystery mystery\198_seg004.wav,Mystery mystery
data\processed\noise\Pellorneum_ruficeps__80__seg008.wav,noise
data\processed\Mystery mystery\336_seg050.wav,Mystery mystery
data\processed\Mystery mystery\332_seg045.wav,Mystery mystery
data\processed\Chelidorhynx hypoxanthus\10_seg013.wav,Chelidorhynx hypoxanthus
data\processed\Dicrurus andamanensis\18_seg007.wav,Dicrurus andamanensis
data\processed\Cypsiurus balasiensis\3_seg004.wav,Cypsiurus balasiensis
data\processed\Pellorneum ruficeps\61_seg001.wav,Pellorneum ruficeps
data\processed\noise\Sphenocichla_humei__20__seg012.wav,noise
data\processed\Pellorneum ruficeps\32_seg010.wav,Pellorneum ruficeps
data\processed\Mystery mystery\223_seg001.wav,Mystery mystery
data\processed\Aethopyga gouldiae\5_seg003.wav,Aethopyga gouldiae
data\processed\Pellorneum ruficeps\72_seg003.wav,Pellorneum ruficeps
data\processed\Eurystomus orientalis\5_seg003.wav,Eurystomus orientalis
data\processed\Cuculus micropterus\45_seg012.wav,Cuculus micropterus
data\processed\Sturnia malabarica\17_seg001.wav,Sturnia malabarica
data\processed\Mystery mystery\311_seg016.wav,Mystery mystery
data\processed\Pellorneum ruficeps\74_seg002.wav,Pellorneum ruficeps
data\processed\Pomatorhinus ruficollis\4_seg012.wav,Pomatorhinus ruficollis
data\processed\Todiramphus chloris\13_seg004.wav,Todiramphus chloris
data\processed\Mystery mystery\356_seg000.wav,Mystery mystery
data\processed\Motacilla citreola\16_seg004.wav,Motacilla citreola
data\processed\Phylloscopus inornatus\9_seg002.wav,Phylloscopus inornatus
data\processed\Mystery mystery\37_seg005.wav,Mystery mystery
data\processed\Mystery mystery\250_seg021.wav,Mystery mystery
data\processed\Mystery mystery\7_seg014.wav,Mystery mystery
data\processed\Pellorneum ruficeps\77_seg004.wav,Pellorneum ruficeps
data\processed\Pellorneum ruficeps\86_seg011.wav,Pellorneum ruficeps
data\processed\Pellorneum ruficeps\11_seg004.wav,Pellorneum ruficeps
data\processed\Mystery mystery\305_seg020.wav,Mystery mystery
data\processed\Dicrurus andamanensis\13_seg017.wav,Dicrurus andamanensis
data\processed\Pellorneum ruficeps\69_seg008.wav,Pellorneum ruficeps
data\processed\Mystery mystery\19_seg056.wav,Mystery mystery
data\processed\Todiramphus chloris\5_seg000.wav,Todiramphus chloris
data\processed\noise\Mystery_mystery__267__seg032.wav,noise
data\processed\Motacilla citreola\6_seg002.wav,Motacilla citreola
data\processed\Acridotheres fuscus\8_seg003.wav,Acridotheres fuscus
data\processed\Mystery mystery\352_seg003.wav,Mystery mystery
data\processed\Sphenocichla humei\12_seg010.wav,Sphenocichla humei
data\processed\Psilopogon lineatus\3_seg000.wav,Psilopogon lineatus
data\processed\Glaucidium cuculoides\31_seg069.wav,Glaucidium cuculoides
data\processed\Mystery mystery\395_seg012.wav,Mystery mystery
data\processed\Cuculus micropterus\59_seg001.wav,Cuculus micropterus
data\processed\Mystery mystery\373_seg020.wav,Mystery mystery
data\processed\Psilopogon lineatus\5_seg016.wav,Psilopogon lineatus
data\processed\Alcippe cinerea\18_seg018.wav,Alcippe cinerea
data\processed\noise\Spelaeornis_oatesi__5__seg016.wav,noise
data\processed\Mystery mystery\19_seg041.wav,Mystery mystery
data\processed\noise\Mystery_mystery__431__seg017.wav,noise
data\processed\Psittacula eupatria\25_seg010.wav,Psittacula eupatria
data\processed\Liocichla phoenicea\10_seg013.wav,Liocichla phoenicea
data\processed\Psilopogon lineatus\5_seg007.wav,Psilopogon lineatus
data\processed\Pnoepyga pusilla\27_seg002.wav,Pnoepyga pusilla
data\processed\noise\Mystery_mystery__107__seg002.wav,noise
data\processed\Glaucidium cuculoides\31_seg088.wav,Glaucidium cuculoides
data\processed\Pellorneum ruficeps\23_seg021.wav,Pellorneum ruficeps
data\processed\Chloropsis\15_seg003.wav,Chloropsis
data\processed\noise\Centropus_andamanensis__4__seg010.wav,noise
data\processed\noise\Centropus_andamanensis__1__seg016.wav,noise
data\processed\Pellorneum ruficeps\91_seg001.wav,Pellorneum ruficeps
data\processed\Glaucidium cuculoides\29_seg021.wav,Glaucidium cuculoides
data\processed\Chloropsis\10_seg002.wav,Chloropsis
data\processed\noise\Pellorneum_ruficeps__86__seg051.wav,noise
data\processed\Argya longirostris\11_seg009.wav,Argya longirostris
data\processed\Pnoepyga pusilla\22_seg015.wav,Pnoepyga pusilla
data\processed\Todiramphus chloris\14_seg002.wav,Todiramphus chloris
data\processed\Mystery mystery\257_seg015.wav,Mystery mystery
data\processed\Pellorneum ruficeps\53_seg003.wav,Pellorneum ruficeps
data\processed\Psilopogon lineatus\4_seg007.wav,Psilopogon lineatus
data\processed\Psilopogon lineatus\7_seg000.wav,Psilopogon lineatus
data\processed\Macronus gularis\19_seg005.wav,Macronus gularis
data\processed\Loriculus vernalis\25_seg004.wav,Loriculus vernalis
data\processed\Lanius tephronotus\5_seg001.wav,Lanius tephronotus
data\processed\Chelidorhynx hypoxanthus\8_seg001.wav,Chelidorhynx hypoxanthus
data\processed\Mystery mystery\399_seg001.wav,Mystery mystery
data\processed\Pellorneum ruficeps\86_seg014.wav,Pellorneum ruficeps
data\processed\Cyornis poliogenys\16_seg002.wav,Cyornis poliogenys
data\processed\Chelidorhynx hypoxanthus\1_seg001.wav,Chelidorhynx hypoxanthus
data\processed\Glaucidium cuculoides\25_seg018.wav,Glaucidium cuculoides
data\processed\noise\Centropus_andamanensis__6__seg008.wav,noise
data\processed\noise\Mystery_mystery__39__seg015.wav,noise
data\processed\Polyplectron bicalcaratum\2_seg002.wav,Polyplectron bicalcaratum
data\processed\Mystery mystery\60_seg006.wav,Mystery mystery
data\processed\Rimator malacoptilus\14_seg003.wav,Rimator malacoptilus
data\processed\Arborophila torqueola\4_seg003.wav,Arborophila torqueola
data\processed\Dicrurus andamanensis\6_seg003.wav,Dicrurus andamanensis
data\processed\Mystery mystery\433_seg016.wav,Mystery mystery
data\processed\Stachyridopsis ambigua\10_seg004.wav,Stachyridopsis ambigua
data\processed\Macronus gularis\16_seg008.wav,Macronus gularis
data\processed\Eurystomus orientalis\1_seg009.wav,Eurystomus orientalis
data\processed\Mystery mystery\119_seg010.wav,Mystery mystery
data\processed\Sturnia malabarica\4_seg013.wav,Sturnia malabarica
data\processed\Macronus gularis\21_seg001.wav,Macronus gularis
data\processed\Pellorneum ruficeps\12_seg000.wav,Pellorneum ruficeps
data\processed\Pomatorhinus ruficollis\39_seg001.wav,Pomatorhinus ruficollis
data\processed\Mystery mystery\410_seg001.wav,Mystery mystery
data\processed\Centropus andamanensis\1_seg013.wav,Centropus andamanensis
data\processed\Chloropsis\19_seg002.wav,Chloropsis
data\processed\noise\Locustella_davidi__1__seg004.wav,noise
data\processed\Pluvialis squatarola\1_seg008.wav,Pluvialis squatarola
data\processed\Polyplectron bicalcaratum\5_seg005.wav,Polyplectron bicalcaratum
data\processed\Mystery mystery\281_seg003.wav,Mystery mystery
data\processed\Chelidorhynx hypoxanthus\15_seg009.wav,Chelidorhynx hypoxanthus
data\processed\Pellorneum ruficeps\77_seg009.wav,Pellorneum ruficeps
data\processed\Mystery mystery\414_seg034.wav,Mystery mystery
data\processed\Cuculus micropterus\11_seg005.wav,Cuculus micropterus
data\processed\Sphenocichla humei\10_seg003.wav,Sphenocichla humei
data\processed\Mystery mystery\408_seg002.wav,Mystery mystery
data\processed\Arborophila torqueola\21_seg006.wav,Arborophila torqueola
data\processed\Mystery mystery\25_seg017.wav,Mystery mystery
data\processed\Halcyon coromanda\7_seg003.wav,Halcyon coromanda
data\processed\Loriculus vernalis\5_seg002.wav,Loriculus vernalis
data\processed\Pellorneum ruficeps\87_seg003.wav,Pellorneum ruficeps
data\processed\Alcippe cinerea\17_seg005.wav,Alcippe cinerea
data\processed\Pomatorhinus ruficollis\30_seg003.wav,Pomatorhinus ruficollis
data\processed\Mystery mystery\20_seg010.wav,Mystery mystery
data\processed\Pellorneum ruficeps\69_seg010.wav,Pellorneum ruficeps
data\processed\Mystery mystery\312_seg009.wav,Mystery mystery
data\processed\Glaucidium cuculoides\31_seg007.wav,Glaucidium cuculoides
data\processed\Cuculus micropterus\47_seg000.wav,Cuculus micropterus
data\processed\Rimator malacoptilus\8_seg001.wav,Rimator malacoptilus
data\processed\Mystery mystery\98_seg000.wav,Mystery mystery
data\processed\Cyornis unicolor\10_seg018.wav,Cyornis unicolor
data\processed\Locustella davidi\2_seg000.wav,Locustella davidi
data\processed\Lanius tephronotus\4_seg004.wav,Lanius tephronotus
data\processed\noise\Pomatorhinus_ruficollis__9__seg007.wav,noise
data\processed\noise\Rimator_malacoptilus__3__seg025.wav,noise
data\processed\Mystery mystery\434_seg004.wav,Mystery mystery
data\processed\Chelidorhynx hypoxanthus\10_seg017.wav,Chelidorhynx hypoxanthus
data\processed\Alcippe cinerea\10_seg014.wav,Alcippe cinerea
data\processed\Mystery mystery\334_seg003.wav,Mystery mystery
data\processed\Pellorneum ruficeps\32_seg032.wav,Pellorneum ruficeps
data\processed\Dicrurus andamanensis\5_seg004.wav,Dicrurus andamanensis
data\processed\Pellorneum ruficeps\71_seg001.wav,Pellorneum ruficeps
data\processed\Pellorneum ruficeps\17_seg019.wav,Pellorneum ruficeps
data\processed\Dicaeum cruentatum\6_seg007.wav,Dicaeum cruentatum
data\processed\Pellorneum ruficeps\87_seg027.wav,Pellorneum ruficeps
data\processed\Mystery mystery\51_seg000.wav,Mystery mystery
data\processed\Mystery mystery\38_seg005.wav,Mystery mystery
data\processed\Pellorneum ruficeps\87_seg033.wav,Pellorneum ruficeps
data\processed\Mystery mystery\345_seg008.wav,Mystery mystery
data\processed\Pellorneum ruficeps\54_seg008.wav,Pellorneum ruficeps
data\processed\Psilopogon lineatus\1_seg009.wav,Psilopogon lineatus
data\processed\Cyornis unicolor\4_seg013.wav,Cyornis unicolor
data\processed\Mystery mystery\327_seg015.wav,Mystery mystery
data\processed\Dicaeum minullum\1_seg006.wav,Dicaeum minullum
data\processed\Sphenocichla humei\26_seg000.wav,Sphenocichla humei
data\processed\Pellorneum ruficeps\8_seg008.wav,Pellorneum ruficeps
data\processed\Mystery mystery\216_seg000.wav,Mystery mystery
data\processed\Pellorneum ruficeps\100_seg010.wav,Pellorneum ruficeps
data\processed\Pellorneum ruficeps\52_seg008.wav,Pellorneum ruficeps
data\processed\Mystery mystery\433_seg028.wav,Mystery mystery
data\processed\Mystery mystery\304_seg022.wav,Mystery mystery
data\processed\Alcippe cinerea\19_seg013.wav,Alcippe cinerea
data\processed\Psilopogon lineatus\11_seg008.wav,Psilopogon lineatus
data\processed\Cyornis unicolor\26_seg007.wav,Cyornis unicolor
data\processed\noise\Cypsiurus_balasiensis__7__seg008.wav,noise
data\processed\Psilopogon lineatus\19_seg009.wav,Psilopogon lineatus
data\processed\Liocichla phoenicea\10_seg011.wav,Liocichla phoenicea
data\processed\Arborophila torqueola\33_seg002.wav,Arborophila torqueola
data\processed\Loriculus vernalis\29_seg009.wav,Loriculus vernalis
data\processed\Mystery mystery\386_seg018.wav,Mystery mystery
data\processed\Mystery mystery\390_seg009.wav,Mystery mystery
data\processed\Mystery mystery\59_seg005.wav,Mystery mystery
data\processed\Rimator malacoptilus\13_seg004.wav,Rimator malacoptilus
data\processed\noise\Mystery_mystery__125__seg011.wav,noise
data\processed\Cyornis magnirostris\3_seg000.wav,Cyornis magnirostris
data\processed\Cyornis unicolor\24_seg005.wav,Cyornis unicolor
data\processed\Mystery mystery\258_seg002.wav,Mystery mystery
data\processed\Mystery mystery\362_seg012.wav,Mystery mystery
data\processed\Pellorneum ruficeps\87_seg020.wav,Pellorneum ruficeps
data\processed\Mystery mystery\122_seg006.wav,Mystery mystery
data\processed\Sturnia malabarica\11_seg002.wav,Sturnia malabarica
data\processed\Pomatorhinus ruficollis\36_seg008.wav,Pomatorhinus ruficollis
data\processed\Cyornis unicolor\16_seg006.wav,Cyornis unicolor
data\processed\Mystery mystery\20_seg006.wav,Mystery mystery
data\processed\noise\Pellorneum_ruficeps__74__seg015.wav,noise
data\processed\Mystery mystery\62_seg031.wav,Mystery mystery
data\processed\Pomatorhinus ruficollis\4_seg022.wav,Pomatorhinus ruficollis
data\processed\Mystery mystery\407_seg000.wav,Mystery mystery
data\processed\noise\Pomatorhinus_ruficollis__7__seg003.wav,noise
data\processed\Arborophila torqueola\20_seg012.wav,Arborophila torqueola
data\processed\Todiramphus chloris\9_seg001.wav,Todiramphus chloris
data\processed\Pellorneum ruficeps\58_seg005.wav,Pellorneum ruficeps
data\processed\Cyornis unicolor\8_seg010.wav,Cyornis unicolor
data\processed\Cyornis poliogenys\18_seg000.wav,Cyornis poliogenys
data\processed\Arborophila torqueola\32_seg004.wav,Arborophila torqueola
data\processed\noise\Mystery_mystery__34__seg007.wav,noise
data\processed\Mystery mystery\325_seg051.wav,Mystery mystery
data\processed\Pomatorhinus ruficollis\36_seg002.wav,Pomatorhinus ruficollis
data\processed\Mystery mystery\88_seg001.wav,Mystery mystery
data\processed\Mystery mystery\360_seg000.wav,Mystery mystery
data\processed\Mystery mystery\301_seg027.wav,Mystery mystery
data\processed\Mystery mystery\58_seg004.wav,Mystery mystery
data\processed\Mystery mystery\352_seg004.wav,Mystery mystery
data\processed\Mystery mystery\286_seg001.wav,Mystery mystery
data\processed\Mystery mystery\296_seg022.wav,Mystery mystery
data\processed\noise\Pellorneum_ruficeps__86__seg038.wav,noise
data\processed\Pellorneum ruficeps\23_seg016.wav,Pellorneum ruficeps
data\processed\Mystery mystery\282_seg003.wav,Mystery mystery
data\processed\Chloropsis\3_seg005.wav,Chloropsis
data\processed\Mystery mystery\234_seg007.wav,Mystery mystery
data\processed\noise\Mystery_mystery__73__seg001.wav,noise
data\processed\Mystery mystery\265_seg000.wav,Mystery mystery
data\processed\Liocichla phoenicea\16_seg006.wav,Liocichla phoenicea
data\processed\noise\Cyornis_poliogenys__1__seg009.wav,noise
data\processed\Macronus gularis\17_seg022.wav,Macronus gularis
data\processed\Cyornis poliogenys\10_seg016.wav,Cyornis poliogenys
data\processed\noise\Rimator_malacoptilus__11__seg003.wav,noise
data\processed\Mystery mystery\273_seg007.wav,Mystery mystery
data\processed\Mystery mystery\336_seg078.wav,Mystery mystery
data\processed\Dicaeum cruentatum\8_seg004.wav,Dicaeum cruentatum
data\processed\Cuculus micropterus\60_seg017.wav,Cuculus micropterus
data\processed\Pomatorhinus ruficollis\35_seg001.wav,Pomatorhinus ruficollis
data\processed\Mystery mystery\377_seg037.wav,Mystery mystery
data\processed\Cyornis unicolor\4_seg000.wav,Cyornis unicolor
data\processed\Cuculus micropterus\4_seg012.wav,Cuculus micropterus
data\processed\Cyornis concretus\3_seg001.wav,Cyornis concretus
data\processed\Mystery mystery\258_seg013.wav,Mystery mystery
data\processed\Mystery mystery\336_seg060.wav,Mystery mystery
data\processed\Stachyridopsis ambigua\15_seg006.wav,Stachyridopsis ambigua
data\processed\Pellorneum ruficeps\86_seg009.wav,Pellorneum ruficeps
data\processed\Mystery mystery\432_seg005.wav,Mystery mystery
data\processed\Mystery mystery\389_seg006.wav,Mystery mystery
data\processed\Arborophila torqueola\5_seg010.wav,Arborophila torqueola
data\processed\Mystery mystery\263_seg001.wav,Mystery mystery
data\processed\Mystery mystery\311_seg020.wav,Mystery mystery
data\processed\Centropus andamanensis\15_seg015.wav,Centropus andamanensis
data\processed\Pellorneum ruficeps\89_seg004.wav,Pellorneum ruficeps
data\processed\Mystery mystery\80_seg003.wav,Mystery mystery
data\processed\Arborophila torqueola\8_seg004.wav,Arborophila torqueola
data\processed\Phylloscopus subaffinis\2_seg003.wav,Phylloscopus subaffinis
data\processed\Rimator malacoptilus\8_seg010.wav,Rimator malacoptilus
data\processed\Cuculus micropterus\36_seg008.wav,Cuculus micropterus
data\processed\Pnoepyga pusilla\29_seg014.wav,Pnoepyga pusilla
data\processed\Mystery mystery\359_seg002.wav,Mystery mystery
data\processed\noise\Glaucidium_cuculoides__12__seg036.wav,noise
data\processed\Chelidorhynx hypoxanthus\4_seg002.wav,Chelidorhynx hypoxanthus
data\processed\Mystery mystery\336_seg073.wav,Mystery mystery
data\processed\Mystery mystery\256_seg021.wav,Mystery mystery
data\processed\Pellorneum ruficeps\65_seg001.wav,Pellorneum ruficeps
data\processed\noise\Pellorneum_ruficeps__74__seg029.wav,noise
data\processed\Arborophila torqueola\8_seg003.wav,Arborophila torqueola
data\processed\Aethopyga gouldiae\1_seg011.wav,Aethopyga gouldiae
data\processed\Chelidorhynx hypoxanthus\8_seg006.wav,Chelidorhynx hypoxanthus
data\processed\Mystery mystery\320_seg003.wav,Mystery mystery
data\processed\Macronus gularis\21_seg025.wav,Macronus gularis
data\processed\Cyornis unicolor\27_seg014.wav,Cyornis unicolor
data\processed\Mystery mystery\360_seg038.wav,Mystery mystery
data\processed\Rimator malacoptilus\14_seg008.wav,Rimator malacoptilus
data\processed\Cuculus micropterus\1_seg000.wav,Cuculus micropterus
data\processed\Pellorneum ruficeps\18_seg001.wav,Pellorneum ruficeps
data\processed\noise\Pellorneum_ruficeps__76__seg003.wav,noise
data\processed\Dicrurus andamanensis\2_seg019.wav,Dicrurus andamanensis
data\processed\Macronus gularis\13_seg005.wav,Macronus gularis
data\processed\Mystery mystery\328_seg001.wav,Mystery mystery
data\processed\Rimator malacoptilus\8_seg012.wav,Rimator malacoptilus
data\processed\Macronus gularis\6_seg008.wav,Macronus gularis
data\processed\Mystery mystery\82_seg012.wav,Mystery mystery
data\processed\Mystery mystery\314_seg000.wav,Mystery mystery
data\processed\Pomatorhinus ruficollis\1_seg002.wav,Pomatorhinus ruficollis
data\processed\Lanius tephronotus\4_seg005.wav,Lanius tephronotus
data\processed\Arborophila torqueola\18_seg002.wav,Arborophila torqueola
data\processed\Chelidorhynx hypoxanthus\1_seg006.wav,Chelidorhynx hypoxanthus
data\processed\Mystery mystery\310_seg002.wav,Mystery mystery
data\processed\Cyornis poliogenys\10_seg030.wav,Cyornis poliogenys
data\processed\Mystery mystery\27_seg002.wav,Mystery mystery
data\processed\Glaucidium cuculoides\35_seg002.wav,Glaucidium cuculoides
data\processed\Paradoxornis guttaticollis\4_seg001.wav,Paradoxornis guttaticollis
data\processed\Dicrurus andamanensis\18_seg012.wav,Dicrurus andamanensis
data\processed\Macronus gularis\21_seg015.wav,Macronus gularis
data\processed\Mystery mystery\373_seg071.wav,Mystery mystery
data\processed\Mystery mystery\377_seg012.wav,Mystery mystery
data\processed\noise\Centropus_andamanensis__7__seg013.wav,noise
data\processed\Glaucidium cuculoides\31_seg043.wav,Glaucidium cuculoides
data\processed\Pellorneum ruficeps\65_seg006.wav,Pellorneum ruficeps
data\processed\Polyplectron bicalcaratum\3_seg002.wav,Polyplectron bicalcaratum
data\processed\Mystery mystery\33_seg004.wav,Mystery mystery
data\processed\Rimator malacoptilus\15_seg000.wav,Rimator malacoptilus
data\processed\Arachnothera magna\2_seg001.wav,Arachnothera magna
data\processed\Mystery mystery\442_seg005.wav,Mystery mystery
data\processed\Chloropsis jerdoni\5_seg025.wav,Chloropsis jerdoni
data\processed\Paradoxornis guttaticollis\1_seg002.wav,Paradoxornis guttaticollis
data\processed\Sphenocichla humei\34_seg002.wav,Sphenocichla humei
data\processed\Pomatorhinus ruficollis\21_seg005.wav,Pomatorhinus ruficollis
data\processed\Dicaeum chrysorrheum\1_seg017.wav,Dicaeum chrysorrheum
data\processed\noise\Mystery_mystery__373__seg006.wav,noise
data\processed\Rimator malacoptilus\14_seg001.wav,Rimator malacoptilus
data\processed\Mystery mystery\279_seg008.wav,Mystery mystery
data\processed\Arachnothera magna\11_seg005.wav,Arachnothera magna
data\processed\Mystery mystery\376_seg001.wav,Mystery mystery
data\processed\Pomatorhinus ruficollis\17_seg002.wav,Pomatorhinus ruficollis
data\processed\Psittacula eupatria\19_seg004.wav,Psittacula eupatria
data\processed\Chloropsis\6_seg003.wav,Chloropsis
data\processed\Pellorneum ruficeps\51_seg001.wav,Pellorneum ruficeps
data\processed\Sphenocichla humei\15_seg001.wav,Sphenocichla humei
data\processed\Rimator malacoptilus\2_seg001.wav,Rimator malacoptilus
data\processed\Cyornis poliogenys\2_seg005.wav,Cyornis poliogenys
data\processed\Locustella davidi\5_seg001.wav,Locustella davidi
data\processed\Sphenocichla humei\15_seg004.wav,Sphenocichla humei
data\processed\Arborophila torqueola\6_seg001.wav,Arborophila torqueola
data\processed\Sturnia malabarica\1_seg004.wav,Sturnia malabarica
data\processed\Glaucidium cuculoides\37_seg007.wav,Glaucidium cuculoides
data\processed\Mystery mystery\268_seg014.wav,Mystery mystery
data\processed\Mystery mystery\107_seg003.wav,Mystery mystery
data\processed\noise\Rimator_malacoptilus__12__seg007.wav,noise
data\processed\Psilopogon lineatus\10_seg007.wav,Psilopogon lineatus
data\processed\Mystery mystery\86_seg009.wav,Mystery mystery
data\processed\Cuculus micropterus\51_seg001.wav,Cuculus micropterus
data\processed\Dicrurus andamanensis\13_seg016.wav,Dicrurus andamanensis
data\processed\Mystery mystery\360_seg037.wav,Mystery mystery
data\processed\Mystery mystery\414_seg041.wav,Mystery mystery
data\processed\Phylloscopus inornatus\2_seg002.wav,Phylloscopus inornatus
data\processed\Acridotheres fuscus\2_seg000.wav,Acridotheres fuscus
data\processed\Mystery mystery\222_seg006.wav,Mystery mystery
data\processed\Mystery mystery\234_seg013.wav,Mystery mystery
data\processed\Dicrurus andamanensis\8_seg003.wav,Dicrurus andamanensis
data\processed\noise\Mystery_mystery__126__seg006.wav,noise
data\processed\Mystery mystery\261_seg011.wav,Mystery mystery
data\processed\Mystery mystery\9_seg049.wav,Mystery mystery
data\processed\Mystery mystery\167_seg000.wav,Mystery mystery
data\processed\Pellorneum ruficeps\82_seg007.wav,Pellorneum ruficeps
data\processed\Mystery mystery\261_seg001.wav,Mystery mystery
data\processed\Locustella davidi\6_seg005.wav,Locustella davidi
data\processed\noise\Mystery_mystery__300__seg038.wav,noise
data\processed\Phylloscopus inornatus\8_seg001.wav,Phylloscopus inornatus
data\processed\Pluvialis squatarola\4_seg001.wav,Pluvialis squatarola
data\processed\Pellorneum ruficeps\56_seg003.wav,Pellorneum ruficeps
data\processed\Mystery mystery\298_seg003.wav,Mystery mystery
data\processed\Sturnia malabarica\9_seg002.wav,Sturnia malabarica
data\processed\Stachyridopsis ambigua\10_seg002.wav,Stachyridopsis ambigua
data\processed\Cuculus micropterus\8_seg007.wav,Cuculus micropterus
data\processed\Stachyridopsis ambigua\6_seg014.wav,Stachyridopsis ambigua
data\processed\Mystery mystery\120_seg002.wav,Mystery mystery
data\processed\Mystery mystery\118_seg003.wav,Mystery mystery
data\processed\Mystery mystery\81_seg006.wav,Mystery mystery
data\processed\Psittacula eupatria\6_seg009.wav,Psittacula eupatria
data\processed\Mystery mystery\82_seg000.wav,Mystery mystery
data\processed\Liocichla phoenicea\13_seg019.wav,Liocichla phoenicea
data\processed\Mystery mystery\62_seg022.wav,Mystery mystery
data\processed\Mystery mystery\414_seg018.wav,Mystery mystery
data\processed\Pnoepyga pusilla\21_seg005.wav,Pnoepyga pusilla
data\processed\Mystery mystery\305_seg005.wav,Mystery mystery
data\processed\Cyornis unicolor\19_seg008.wav,Cyornis unicolor
data\processed\Dicrurus andamanensis\8_seg002.wav,Dicrurus andamanensis
data\processed\Mystery mystery\410_seg051.wav,Mystery mystery
data\processed\Pomatorhinus ruficollis\19_seg008.wav,Pomatorhinus ruficollis
data\processed\Cuculus micropterus\22_seg003.wav,Cuculus micropterus
data\processed\Liocichla phoenicea\23_seg003.wav,Liocichla phoenicea
data\processed\Liocichla phoenicea\20_seg000.wav,Liocichla phoenicea
data\processed\Mystery mystery\186_seg000.wav,Mystery mystery
data\processed\Cuculus micropterus\54_seg000.wav,Cuculus micropterus
data\processed\Cuculus micropterus\27_seg009.wav,Cuculus micropterus
data\processed\Rimator malacoptilus\18_seg013.wav,Rimator malacoptilus
data\processed\Mystery mystery\314_seg011.wav,Mystery mystery
data\processed\Cyornis poliogenys\24_seg006.wav,Cyornis poliogenys
data\processed\Pnoepyga pusilla\29_seg019.wav,Pnoepyga pusilla
data\processed\Mystery mystery\257_seg006.wav,Mystery mystery
data\processed\Loriculus vernalis\14_seg004.wav,Loriculus vernalis
data\processed\Pellorneum ruficeps\8_seg014.wav,Pellorneum ruficeps
data\processed\Pomatorhinus ruficollis\10_seg004.wav,Pomatorhinus ruficollis
data\processed\Mystery mystery\240_seg022.wav,Mystery mystery
data\processed\noise\Psilopogon_lineatus__21__seg002.wav,noise
data\processed\noise\Cuculus_micropterus__63__seg007.wav,noise
data\processed\Mystery mystery\127_seg057.wav,Mystery mystery
data\processed\Pomatorhinus ruficollis\41_seg005.wav,Pomatorhinus ruficollis
data\processed\Mystery mystery\328_seg019.wav,Mystery mystery
data\processed\Sphenocichla humei\12_seg007.wav,Sphenocichla humei
data\processed\Dicaeum chrysorrheum\1_seg020.wav,Dicaeum chrysorrheum
data\processed\Psilopogon lineatus\19_seg010.wav,Psilopogon lineatus
data\processed\Sphenocichla humei\21_seg001.wav,Sphenocichla humei
data\processed\Cyornis unicolor\4_seg016.wav,Cyornis unicolor
data\processed\Arborophila torqueola\4_seg000.wav,Arborophila torqueola
data\processed\Mystery mystery\37_seg003.wav,Mystery mystery
data\processed\Mystery mystery\443_seg007.wav,Mystery mystery
data\processed\Mystery mystery\315_seg000.wav,Mystery mystery
data\processed\Mystery mystery\365_seg009.wav,Mystery mystery
data\processed\Mystery mystery\25_seg022.wav,Mystery mystery
data\processed\Mystery mystery\297_seg013.wav,Mystery mystery
data\processed\Phylloscopus forresti\3_seg021.wav,Phylloscopus forresti
data\processed\Lanius tephronotus\5_seg020.wav,Lanius tephronotus
data\processed\Chloropsis\16_seg000.wav,Chloropsis
data\processed\Mystery mystery\297_seg017.wav,Mystery mystery
data\processed\Pomatorhinus ruficollis\3_seg000.wav,Pomatorhinus ruficollis
data\processed\Pellorneum ruficeps\59_seg004.wav,Pellorneum ruficeps
data\processed\Stachyridopsis ambigua\15_seg004.wav,Stachyridopsis ambigua
data\processed\Chloropsis\14_seg028.wav,Chloropsis
data\processed\Pomatorhinus ruficollis\8_seg002.wav,Pomatorhinus ruficollis
data\processed\Arborophila torqueola\28_seg034.wav,Arborophila torqueola
data\processed\Mystery mystery\151_seg000.wav,Mystery mystery
data\processed\Mystery mystery\433_seg004.wav,Mystery mystery
data\processed\Mystery mystery\18_seg005.wav,Mystery mystery
data\processed\Dicaeum minullum\3_seg003.wav,Dicaeum minullum
data\processed\Phylloscopus inornatus\7_seg005.wav,Phylloscopus inornatus
data\processed\noise\Liocichla_phoenicea__21__seg016.wav,noise
data\processed\Pellorneum ruficeps\32_seg060.wav,Pellorneum ruficeps
data\processed\Mystery mystery\267_seg036.wav,Mystery mystery
data\processed\Cyornis unicolor\20_seg008.wav,Cyornis unicolor
data\processed\Mystery mystery\379_seg006.wav,Mystery mystery
data\processed\Mystery mystery\409_seg006.wav,Mystery mystery
data\processed\Mystery mystery\373_seg057.wav,Mystery mystery
data\processed\Mystery mystery\280_seg008.wav,Mystery mystery
data\processed\Mystery mystery\384_seg013.wav,Mystery mystery
data\processed\Alcippe cinerea\7_seg010.wav,Alcippe cinerea
data\processed\Pomatorhinus ruficollis\24_seg052.wav,Pomatorhinus ruficollis
data\processed\Pellorneum ruficeps\9_seg002.wav,Pellorneum ruficeps
data\processed\Mystery mystery\66_seg000.wav,Mystery mystery
data\processed\Pnoepyga pusilla\17_seg005.wav,Pnoepyga pusilla
data\processed\Mystery mystery\35_seg020.wav,Mystery mystery
data\processed\Psittacula eupatria\8_seg020.wav,Psittacula eupatria
data\processed\Sturnia malabarica\11_seg007.wav,Sturnia malabarica
data\processed\Mystery mystery\16_seg000.wav,Mystery mystery
data\processed\Psilopogon lineatus\18_seg005.wav,Psilopogon lineatus
data\processed\Mystery mystery\404_seg000.wav,Mystery mystery
data\processed\noise\Cyornis_magnirostris__6__seg021.wav,noise
data\processed\Mystery mystery\390_seg008.wav,Mystery mystery
data\processed\Rimator malacoptilus\13_seg018.wav,Rimator malacoptilus
data\processed\Chelidorhynx hypoxanthus\10_seg026.wav,Chelidorhynx hypoxanthus
data\processed\Liocichla phoenicea\23_seg005.wav,Liocichla phoenicea
data\processed\noise\Mystery_mystery__395__seg010.wav,noise
data\processed\Alcippe cinerea\10_seg015.wav,Alcippe cinerea
data\processed\Locustella davidi\6_seg009.wav,Locustella davidi
data\processed\Liocichla phoenicea\4_seg002.wav,Liocichla phoenicea
data\processed\Cuculus micropterus\66_seg005.wav,Cuculus micropterus
data\processed\Mystery mystery\285_seg001.wav,Mystery mystery
data\processed\Sturnia malabarica\15_seg000.wav,Sturnia malabarica
data\processed\Psittacula eupatria\25_seg002.wav,Psittacula eupatria
data\processed\Mystery mystery\414_seg022.wav,Mystery mystery
data\processed\Mystery mystery\41_seg017.wav,Mystery mystery
data\processed\Mystery mystery\298_seg004.wav,Mystery mystery
data\processed\Cyornis poliogenys\24_seg005.wav,Cyornis poliogenys
data\processed\Mystery mystery\250_seg016.wav,Mystery mystery
data\processed\Alcippe cinerea\24_seg006.wav,Alcippe cinerea
data\processed\Lanius tephronotus\5_seg026.wav,Lanius tephronotus
data\processed\Mystery mystery\345_seg029.wav,Mystery mystery
data\processed\Acridotheres fuscus\9_seg006.wav,Acridotheres fuscus
data\processed\Mystery mystery\280_seg009.wav,Mystery mystery
data\processed\noise\Cyornis_unicolor__23__seg008.wav,noise
data\processed\Dicrurus andamanensis\2_seg012.wav,Dicrurus andamanensis
data\processed\noise\Cyornis_unicolor__5__seg006.wav,noise
data\processed\Rimator malacoptilus\3_seg015.wav,Rimator malacoptilus
data\processed\Arborophila torqueola\26_seg013.wav,Arborophila torqueola
data\processed\Pellorneum ruficeps\66_seg001.wav,Pellorneum ruficeps
data\processed\Mystery mystery\43_seg017.wav,Mystery mystery
data\processed\Glaucidium cuculoides\31_seg051.wav,Glaucidium cuculoides
data\processed\Mystery mystery\373_seg038.wav,Mystery mystery
data\processed\Mystery mystery\409_seg007.wav,Mystery mystery
data\processed\Liocichla phoenicea\23_seg002.wav,Liocichla phoenicea
data\processed\Pellorneum ruficeps\87_seg001.wav,Pellorneum ruficeps
data\processed\Pomatorhinus ruficollis\24_seg042.wav,Pomatorhinus ruficollis
data\processed\noise\Pellorneum_ruficeps__74__seg041.wav,noise
data\processed\Argya longirostris\10_seg014.wav,Argya longirostris
data\processed\Macronus gularis\4_seg011.wav,Macronus gularis
data\processed\Pnoepyga pusilla\1_seg003.wav,Pnoepyga pusilla
data\processed\Pellorneum ruficeps\32_seg063.wav,Pellorneum ruficeps
data\processed\Sphenocichla humei\5_seg005.wav,Sphenocichla humei
data\processed\Mystery mystery\337_seg014.wav,Mystery mystery
data\processed\Mystery mystery\11_seg033.wav,Mystery mystery
data\processed\Pomatorhinus ruficollis\33_seg003.wav,Pomatorhinus ruficollis
data\processed\Glaucidium cuculoides\31_seg056.wav,Glaucidium cuculoides
data\processed\Cuculus micropterus\7_seg009.wav,Cuculus micropterus
data\processed\Mystery mystery\117_seg002.wav,Mystery mystery
data\processed\Chloropsis\5_seg010.wav,Chloropsis
data\processed\noise\Liocichla_phoenicea__19__seg005.wav,noise
data\processed\Mystery mystery\223_seg007.wav,Mystery mystery
data\processed\Glaucidium cuculoides\17_seg007.wav,Glaucidium cuculoides
data\processed\Arachnothera magna\11_seg002.wav,Arachnothera magna
data\processed\noise\Pellorneum_ruficeps__74__seg038.wav,noise
data\processed\Mystery mystery\433_seg039.wav,Mystery mystery
data\processed\Mystery mystery\328_seg023.wav,Mystery mystery
data\processed\Sturnia malabarica\11_seg006.wav,Sturnia malabarica
data\processed\Mystery mystery\409_seg002.wav,Mystery mystery
data\processed\Chloropsis\14_seg027.wav,Chloropsis
data\processed\Pellorneum ruficeps\16_seg019.wav,Pellorneum ruficeps
data\processed\Mystery mystery\7_seg007.wav,Mystery mystery
data\processed\Cuculus micropterus\31_seg010.wav,Cuculus micropterus
data\processed\Sturnia malabarica\16_seg020.wav,Sturnia malabarica
data\processed\Rimator malacoptilus\8_seg005.wav,Rimator malacoptilus
data\processed\Cyornis unicolor\1_seg008.wav,Cyornis unicolor
data\processed\Arborophila torqueola\13_seg030.wav,Arborophila torqueola
data\processed\Mystery mystery\345_seg034.wav,Mystery mystery
data\processed\Mystery mystery\410_seg029.wav,Mystery mystery
data\processed\noise\Chloropsis__1__seg001.wav,noise
data\processed\Arborophila torqueola\26_seg015.wav,Arborophila torqueola
data\processed\Mystery mystery\409_seg026.wav,Mystery mystery
data\processed\Pomatorhinus ruficollis\15_seg003.wav,Pomatorhinus ruficollis
data\processed\Pellorneum ruficeps\7_seg002.wav,Pellorneum ruficeps
data\processed\Macronus gularis\20_seg004.wav,Macronus gularis
data\processed\Sphenocichla humei\9_seg003.wav,Sphenocichla humei
data\processed\Mystery mystery\67_seg002.wav,Mystery mystery
data\processed\Mystery mystery\328_seg017.wav,Mystery mystery
data\processed\Mystery mystery\267_seg025.wav,Mystery mystery
data\processed\Mystery mystery\232_seg010.wav,Mystery mystery
data\processed\noise\Pomatorhinus_ruficollis__9__seg008.wav,noise
data\processed\Stachyridopsis ambigua\9_seg001.wav,Stachyridopsis ambigua
data\processed\Cyornis unicolor\27_seg016.wav,Cyornis unicolor
data\processed\Cyornis magnirostris\3_seg007.wav,Cyornis magnirostris
data\processed\Cuculus micropterus\44_seg019.wav,Cuculus micropterus
data\processed\noise\Spelaeornis_oatesi__5__seg008.wav,noise
data\processed\Chloropsis cochinchinensis\1_seg007.wav,Chloropsis cochinchinensis
data\processed\Dicrurus andamanensis\9_seg004.wav,Dicrurus andamanensis
data\processed\Motacilla citreola\10_seg003.wav,Motacilla citreola
data\processed\Mystery mystery\124_seg024.wav,Mystery mystery
data\processed\Phylloscopus inornatus\8_seg005.wav,Phylloscopus inornatus
data\processed\Arborophila torqueola\20_seg007.wav,Arborophila torqueola
data\processed\Mystery mystery\38_seg021.wav,Mystery mystery
data\processed\noise\Alcippe_cinerea__18__seg005.wav,noise
data\processed\Psittacula eupatria\6_seg004.wav,Psittacula eupatria
data\processed\Arborophila torqueola\12_seg014.wav,Arborophila torqueola
data\processed\Sturnia malabarica\3_seg007.wav,Sturnia malabarica
data\processed\Mystery mystery\115_seg019.wav,Mystery mystery
data\processed\Mystery mystery\115_seg015.wav,Mystery mystery
data\processed\Mystery mystery\184_seg001.wav,Mystery mystery
data\processed\Alcippe cinerea\14_seg005.wav,Alcippe cinerea
data\processed\Mystery mystery\345_seg035.wav,Mystery mystery
data\processed\Mystery mystery\382_seg005.wav,Mystery mystery
data\processed\Mystery mystery\302_seg002.wav,Mystery mystery
data\processed\Dicrurus andamanensis\18_seg017.wav,Dicrurus andamanensis
data\processed\Mystery mystery\410_seg042.wav,Mystery mystery
data\processed\Pnoepyga pusilla\11_seg006.wav,Pnoepyga pusilla
data\processed\Arborophila torqueola\29_seg010.wav,Arborophila torqueola
data\processed\Mystery mystery\202_seg001.wav,Mystery mystery
data\processed\Mystery mystery\91_seg003.wav,Mystery mystery
data\processed\noise\Stachyridopsis_ambigua__13__seg024.wav,noise
data\processed\Mystery mystery\336_seg079.wav,Mystery mystery
data\processed\Mystery mystery\19_seg025.wav,Mystery mystery
data\processed\Psittacula eupatria\18_seg002.wav,Psittacula eupatria
data\processed\Argya longirostris\3_seg002.wav,Argya longirostris
data\processed\Mystery mystery\117_seg005.wav,Mystery mystery
data\processed\Mystery mystery\85_seg010.wav,Mystery mystery
data\processed\Pellorneum ruficeps\40_seg005.wav,Pellorneum ruficeps
data\processed\Cuculus micropterus\13_seg003.wav,Cuculus micropterus
data\processed\Arborophila torqueola\15_seg004.wav,Arborophila torqueola
data\processed\Mystery mystery\307_seg006.wav,Mystery mystery
data\processed\noise\Mystery_mystery__268__seg019.wav,noise
data\processed\Argya longirostris\1_seg018.wav,Argya longirostris
data\processed\Mystery mystery\360_seg010.wav,Mystery mystery
data\processed\Mystery mystery\314_seg008.wav,Mystery mystery
data\processed\Sphenocichla humei\2_seg000.wav,Sphenocichla humei
data\processed\Pellorneum ruficeps\69_seg015.wav,Pellorneum ruficeps
data\processed\Glaucidium cuculoides\39_seg010.wav,Glaucidium cuculoides
data\processed\Mystery mystery\287_seg005.wav,Mystery mystery
data\processed\Psilopogon lineatus\14_seg001.wav,Psilopogon lineatus
data\processed\Mystery mystery\325_seg039.wav,Mystery mystery
data\processed\Aethopyga gouldiae\6_seg000.wav,Aethopyga gouldiae
data\processed\noise\Mystery_mystery__337__seg003.wav,noise
data\processed\Chloropsis\9_seg006.wav,Chloropsis
data\processed\Mystery mystery\218_seg000.wav,Mystery mystery
data\processed\Phylloscopus inornatus\8_seg018.wav,Phylloscopus inornatus
data\processed\Mystery mystery\305_seg028.wav,Mystery mystery
data\processed\Dicrurus andamanensis\18_seg020.wav,Dicrurus andamanensis
data\processed\Cuculus micropterus\21_seg004.wav,Cuculus micropterus
data\processed\Mystery mystery\300_seg031.wav,Mystery mystery
data\processed\Pluvialis squatarola\2_seg006.wav,Pluvialis squatarola
data\processed\Mystery mystery\224_seg011.wav,Mystery mystery
data\processed\noise\Mystery_mystery__300__seg054.wav,noise
data\processed\Mystery mystery\16_seg010.wav,Mystery mystery
data\processed\Pellorneum ruficeps\43_seg007.wav,Pellorneum ruficeps
data\processed\Mystery mystery\19_seg014.wav,Mystery mystery
data\processed\Rimator malacoptilus\20_seg003.wav,Rimator malacoptilus
data\processed\Cuculus micropterus\1_seg002.wav,Cuculus micropterus
data\processed\Sturnia malabarica\4_seg009.wav,Sturnia malabarica
data\processed\Mystery mystery\171_seg000.wav,Mystery mystery
data\processed\Mystery mystery\2_seg003.wav,Mystery mystery
data\processed\Mystery mystery\370_seg007.wav,Mystery mystery
data\processed\Centropus andamanensis\4_seg005.wav,Centropus andamanensis
data\processed\Mystery mystery\18_seg006.wav,Mystery mystery
data\processed\Mystery mystery\359_seg008.wav,Mystery mystery
data\processed\noise\Sphenocichla_humei__16__seg002.wav,noise
data\processed\Pellorneum ruficeps\83_seg002.wav,Pellorneum ruficeps
data\processed\Alcippe cinerea\10_seg003.wav,Alcippe cinerea
data\processed\Mystery mystery\246_seg005.wav,Mystery mystery
data\processed\Mystery mystery\341_seg028.wav,Mystery mystery
data\processed\noise\Motacilla_citreola__14__seg021.wav,noise
data\processed\Pomatorhinus ruficollis\40_seg005.wav,Pomatorhinus ruficollis
data\processed\Cyornis magnirostris\1_seg012.wav,Cyornis magnirostris
data\processed\Mystery mystery\35_seg030.wav,Mystery mystery
data\processed\Cyornis unicolor\3_seg007.wav,Cyornis unicolor
data\processed\Alcippe cinerea\2_seg010.wav,Alcippe cinerea
data\processed\Mystery mystery\119_seg008.wav,Mystery mystery
data\processed\noise\Glaucidium_cuculoides__25__seg005.wav,noise
data\processed\Cuculus micropterus\13_seg004.wav,Cuculus micropterus
data\processed\Mystery mystery\377_seg016.wav,Mystery mystery
data\processed\Chloropsis\1_seg000.wav,Chloropsis
data\processed\Mystery mystery\19_seg016.wav,Mystery mystery
data\processed\Cuculus micropterus\44_seg005.wav,Cuculus micropterus
data\processed\Pellorneum ruficeps\32_seg028.wav,Pellorneum ruficeps
data\processed\Mystery mystery\258_seg008.wav,Mystery mystery
data\processed\Cypsiurus balasiensis\5_seg003.wav,Cypsiurus balasiensis
data\processed\Dicrurus andamanensis\5_seg003.wav,Dicrurus andamanensis
data\processed\Mystery mystery\84_seg004.wav,Mystery mystery
data\processed\Mystery mystery\243_seg001.wav,Mystery mystery
data\processed\Arborophila torqueola\6_seg024.wav,Arborophila torqueola
data\processed\Pellorneum ruficeps\26_seg026.wav,Pellorneum ruficeps
data\processed\Mystery mystery\284_seg006.wav,Mystery mystery
data\processed\Mystery mystery\383_seg002.wav,Mystery mystery
data\processed\Mystery mystery\231_seg016.wav,Mystery mystery
data\processed\Cyornis unicolor\8_seg000.wav,Cyornis unicolor
data\processed\noise\Sphenocichla_humei__22__seg025.wav,noise
data\processed\Dicrurus andamanensis\11_seg015.wav,Dicrurus andamanensis
data\processed\noise\Pellorneum_ruficeps__65__seg012.wav,noise
data\processed\Mystery mystery\336_seg014.wav,Mystery mystery
data\processed\Mystery mystery\426_seg017.wav,Mystery mystery
data\processed\Chloropsis jerdoni\13_seg000.wav,Chloropsis jerdoni
data\processed\noise\Pellorneum_ruficeps__86__seg043.wav,noise
data\processed\Mystery mystery\258_seg017.wav,Mystery mystery
data\processed\Liocichla phoenicea\1_seg001.wav,Liocichla phoenicea
data\processed\Arborophila torqueola\13_seg034.wav,Arborophila torqueola
data\processed\Glaucidium cuculoides\31_seg082.wav,Glaucidium cuculoides
data\processed\Pellorneum ruficeps\13_seg000.wav,Pellorneum ruficeps
data\processed\Cyornis poliogenys\3_seg011.wav,Cyornis poliogenys
data\processed\Loriculus vernalis\5_seg005.wav,Loriculus vernalis
data\processed\Todiramphus chloris\18_seg006.wav,Todiramphus chloris
data\processed\Chloropsis\21_seg000.wav,Chloropsis
data\processed\Mystery mystery\327_seg016.wav,Mystery mystery
data\processed\Psittacula eupatria\17_seg004.wav,Psittacula eupatria
data\processed\Rimator malacoptilus\3_seg012.wav,Rimator malacoptilus
data\processed\Acridotheres fuscus\11_seg002.wav,Acridotheres fuscus
data\processed\Pellorneum ruficeps\76_seg012.wav,Pellorneum ruficeps
data\processed\Mystery mystery\373_seg044.wav,Mystery mystery
data\processed\Mystery mystery\157_seg000.wav,Mystery mystery
data\processed\Mystery mystery\442_seg032.wav,Mystery mystery
data\processed\Loriculus vernalis\28_seg012.wav,Loriculus vernalis
data\processed\Dicrurus andamanensis\2_seg017.wav,Dicrurus andamanensis
data\processed\noise\Rimator_malacoptilus__12__seg002.wav,noise
data\processed\Liocichla phoenicea\22_seg006.wav,Liocichla phoenicea
data\processed\Arborophila torqueola\18_seg000.wav,Arborophila torqueola
data\processed\Psilopogon lineatus\14_seg002.wav,Psilopogon lineatus
data\processed\Pellorneum ruficeps\32_seg065.wav,Pellorneum ruficeps
data\processed\noise\Pellorneum_ruficeps__74__seg053.wav,noise
data\processed\Chloropsis\6_seg006.wav,Chloropsis
data\processed\Phylloscopus subaffinis\1_seg007.wav,Phylloscopus subaffinis
data\processed\Mystery mystery\419_seg000.wav,Mystery mystery
data\processed\Psittacula eupatria\11_seg007.wav,Psittacula eupatria
data\processed\Mystery mystery\92_seg008.wav,Mystery mystery
data\processed\Mystery mystery\43_seg014.wav,Mystery mystery
data\processed\noise\Spelaeornis_oatesi__2__seg009.wav,noise
data\processed\Mystery mystery\50_seg001.wav,Mystery mystery
data\processed\Cyornis poliogenys\6_seg012.wav,Cyornis poliogenys
data\processed\Mystery mystery\336_seg065.wav,Mystery mystery
data\processed\Cyornis magnirostris\1_seg010.wav,Cyornis magnirostris
data\processed\Mystery mystery\95_seg000.wav,Mystery mystery
data\processed\Cuculus micropterus\45_seg011.wav,Cuculus micropterus
data\processed\Macronus gularis\23_seg006.wav,Macronus gularis
data\processed\Mystery mystery\398_seg000.wav,Mystery mystery
data\processed\Mystery mystery\305_seg014.wav,Mystery mystery
data\processed\Paradoxornis guttaticollis\4_seg000.wav,Paradoxornis guttaticollis
data\processed\Liocichla phoenicea\20_seg001.wav,Liocichla phoenicea
data\processed\Mystery mystery\101_seg001.wav,Mystery mystery
data\processed\Pnoepyga pusilla\24_seg009.wav,Pnoepyga pusilla
data\processed\noise\Sphenocichla_humei__12__seg024.wav,noise
data\processed\Cuculus micropterus\23_seg003.wav,Cuculus micropterus
data\processed\Mystery mystery\384_seg001.wav,Mystery mystery
data\processed\Cyornis unicolor\7_seg005.wav,Cyornis unicolor
data\processed\Pellorneum ruficeps\80_seg001.wav,Pellorneum ruficeps
data\processed\Acridotheres fuscus\8_seg008.wav,Acridotheres fuscus
data\processed\Mystery mystery\84_seg002.wav,Mystery mystery
data\processed\Polyplectron bicalcaratum\5_seg008.wav,Polyplectron bicalcaratum
data\processed\Cyornis unicolor\26_seg008.wav,Cyornis unicolor
data\processed\Macronus gularis\7_seg008.wav,Macronus gularis
data\processed\Chloropsis jerdoni\3_seg000.wav,Chloropsis jerdoni
data\processed\Mystery mystery\18_seg002.wav,Mystery mystery
data\processed\Halcyon coromanda\1_seg003.wav,Halcyon coromanda
data\processed\Loriculus vernalis\16_seg004.wav,Loriculus vernalis
data\processed\Glaucidium cuculoides\10_seg001.wav,Glaucidium cuculoides
data\processed\Chloropsis\3_seg012.wav,Chloropsis
data\processed\Mystery mystery\344_seg000.wav,Mystery mystery
data\processed\Mystery mystery\9_seg009.wav,Mystery mystery
data\processed\Dicrurus andamanensis\15_seg000.wav,Dicrurus andamanensis
data\processed\Glaucidium cuculoides\15_seg010.wav,Glaucidium cuculoides
data\processed\noise\Arborophila_torqueola__8__seg031.wav,noise
data\processed\noise\Spelaeornis_oatesi__2__seg011.wav,noise
data\processed\Acridotheres fuscus\7_seg003.wav,Acridotheres fuscus
data\processed\Mystery mystery\303_seg018.wav,Mystery mystery
data\processed\Cypsiurus balasiensis\8_seg003.wav,Cypsiurus balasiensis
data\processed\Mystery mystery\316_seg001.wav,Mystery mystery
data\processed\Mystery mystery\124_seg018.wav,Mystery mystery
data\processed\Mystery mystery\415_seg002.wav,Mystery mystery
data\processed\Cyornis poliogenys\1_seg006.wav,Cyornis poliogenys
data\processed\Mystery mystery\240_seg018.wav,Mystery mystery
data\processed\Chloropsis jerdoni\5_seg001.wav,Chloropsis jerdoni
data\processed\Centropus andamanensis\15_seg003.wav,Centropus andamanensis
data\processed\Mystery mystery\386_seg014.wav,Mystery mystery
data\processed\noise\Pellorneum_ruficeps__86__seg065.wav,noise
data\processed\Cyornis poliogenys\23_seg005.wav,Cyornis poliogenys
data\processed\Cyornis poliogenys\3_seg012.wav,Cyornis poliogenys
data\processed\Pomatorhinus ruficollis\18_seg002.wav,Pomatorhinus ruficollis
data\processed\noise\Centropus_andamanensis__6__seg014.wav,noise
data\processed\Pellorneum ruficeps\11_seg000.wav,Pellorneum ruficeps
data\processed\Psittacula eupatria\25_seg004.wav,Psittacula eupatria
data\processed\Mystery mystery\372_seg001.wav,Mystery mystery
data\processed\Dicaeum chrysorrheum\1_seg019.wav,Dicaeum chrysorrheum
data\processed\Pellorneum ruficeps\26_seg030.wav,Pellorneum ruficeps
data\processed\Cypsiurus balasiensis\6_seg001.wav,Cypsiurus balasiensis
data\processed\Arborophila torqueola\12_seg011.wav,Arborophila torqueola
data\processed\Psittacula eupatria\23_seg002.wav,Psittacula eupatria
data\processed\noise\Mystery_mystery__373__seg015.wav,noise
data\processed\Pomatorhinus ruficollis\12_seg003.wav,Pomatorhinus ruficollis
data\processed\Mystery mystery\222_seg004.wav,Mystery mystery
data\processed\Mystery mystery\41_seg021.wav,Mystery mystery
data\processed\Mystery mystery\421_seg000.wav,Mystery mystery
data\processed\Cuculus micropterus\10_seg012.wav,Cuculus micropterus
data\processed\Pellorneum ruficeps\14_seg020.wav,Pellorneum ruficeps
data\processed\Loriculus vernalis\28_seg017.wav,Loriculus vernalis
data\processed\Arborophila torqueola\31_seg011.wav,Arborophila torqueola
data\processed\Mystery mystery\321_seg001.wav,Mystery mystery
data\processed\Mystery mystery\339_seg001.wav,Mystery mystery
data\processed\Pellorneum ruficeps\5_seg001.wav,Pellorneum ruficeps
data\processed\noise\Mystery_mystery__373__seg018.wav,noise
data\processed\Psittacula eupatria\11_seg008.wav,Psittacula eupatria
data\processed\Mystery mystery\336_seg008.wav,Mystery mystery
data\processed\Mystery mystery\127_seg008.wav,Mystery mystery
data\processed\Macronus gularis\21_seg028.wav,Macronus gularis
data\processed\Pellorneum ruficeps\56_seg002.wav,Pellorneum ruficeps
data\processed\Mystery mystery\123_seg005.wav,Mystery mystery
data\processed\Mystery mystery\360_seg022.wav,Mystery mystery
data\processed\Pomatorhinus ruficollis\33_seg002.wav,Pomatorhinus ruficollis
data\processed\Psittacula eupatria\5_seg000.wav,Psittacula eupatria
data\processed\Mystery mystery\255_seg005.wav,Mystery mystery
data\processed\Sphenocichla humei\27_seg000.wav,Sphenocichla humei
data\processed\Mystery mystery\343_seg032.wav,Mystery mystery
data\processed\Arachnothera magna\4_seg006.wav,Arachnothera magna
data\processed\Glaucidium cuculoides\21_seg015.wav,Glaucidium cuculoides
data\processed\Pnoepyga pusilla\24_seg001.wav,Pnoepyga pusilla
data\processed\Mystery mystery\206_seg000.wav,Mystery mystery
data\processed\Cyornis unicolor\3_seg005.wav,Cyornis unicolor
data\processed\Mystery mystery\418_seg001.wav,Mystery mystery
data\processed\Mystery mystery\115_seg016.wav,Mystery mystery
data\processed\Glaucidium cuculoides\13_seg002.wav,Glaucidium cuculoides
data\processed\Cuculus micropterus\10_seg006.wav,Cuculus micropterus
data\processed\noise\Mystery_mystery__39__seg032.wav,noise
data\processed\Mystery mystery\406_seg012.wav,Mystery mystery
data\processed\Mystery mystery\316_seg005.wav,Mystery mystery
data\processed\noise\Sturnia_malabarica__3__seg011.wav,noise
data\processed\Mystery mystery\306_seg008.wav,Mystery mystery
data\processed\Cyornis unicolor\19_seg023.wav,Cyornis unicolor
data\processed\Aethopyga gouldiae\1_seg014.wav,Aethopyga gouldiae
data\processed\Mystery mystery\410_seg019.wav,Mystery mystery
data\processed\Stachyridopsis ambigua\15_seg000.wav,Stachyridopsis ambigua
data\processed\Cuculus micropterus\13_seg000.wav,Cuculus micropterus
data\processed\noise\Mystery_mystery__337__seg007.wav,noise
data\processed\Arborophila torqueola\1_seg012.wav,Arborophila torqueola
data\processed\Psilopogon lineatus\3_seg002.wav,Psilopogon lineatus
data\processed\noise\Cyornis_poliogenys__5__seg005.wav,noise
data\processed\Mystery mystery\433_seg002.wav,Mystery mystery
data\processed\Pomatorhinus ruficollis\24_seg034.wav,Pomatorhinus ruficollis
data\processed\Mystery mystery\439_seg007.wav,Mystery mystery
data\processed\Mystery mystery\72_seg003.wav,Mystery mystery
data\processed\noise\Mystery_mystery__332__seg023.wav,noise
data\processed\Mystery mystery\120_seg001.wav,Mystery mystery
data\processed\Cyornis poliogenys\18_seg014.wav,Cyornis poliogenys
data\processed\Pellorneum ruficeps\69_seg003.wav,Pellorneum ruficeps
data\processed\Glaucidium cuculoides\30_seg020.wav,Glaucidium cuculoides
data\processed\Stachyridopsis ambigua\6_seg012.wav,Stachyridopsis ambigua
data\processed\noise\Liocichla_phoenicea__6__seg006.wav,noise
data\processed\Pellorneum ruficeps\95_seg002.wav,Pellorneum ruficeps
data\processed\Cuculus micropterus\28_seg004.wav,Cuculus micropterus
data\processed\Arborophila torqueola\32_seg021.wav,Arborophila torqueola
data\processed\Mystery mystery\69_seg000.wav,Mystery mystery
data\processed\Mystery mystery\395_seg004.wav,Mystery mystery
data\processed\Liocichla phoenicea\14_seg009.wav,Liocichla phoenicea
data\processed\Mystery mystery\127_seg049.wav,Mystery mystery
data\processed\Liocichla phoenicea\13_seg033.wav,Liocichla phoenicea
data\processed\Pellorneum ruficeps\76_seg011.wav,Pellorneum ruficeps
data\processed\Chloropsis jerdoni\9_seg004.wav,Chloropsis jerdoni
data\processed\Mystery mystery\264_seg005.wav,Mystery mystery
data\processed\Pnoepyga pusilla\12_seg014.wav,Pnoepyga pusilla
data\processed\Pellorneum ruficeps\21_seg002.wav,Pellorneum ruficeps
data\processed\Mystery mystery\428_seg019.wav,Mystery mystery
data\processed\Lanius tephronotus\1_seg004.wav,Lanius tephronotus
data\processed\Mystery mystery\19_seg024.wav,Mystery mystery
data\processed\noise\Mystery_mystery__34__seg002.wav,noise
data\processed\Mystery mystery\322_seg009.wav,Mystery mystery
data\processed\Mystery mystery\6_seg007.wav,Mystery mystery
data\processed\Liocichla phoenicea\17_seg001.wav,Liocichla phoenicea
data\processed\Pomatorhinus ruficollis\4_seg017.wav,Pomatorhinus ruficollis
data\processed\Pnoepyga pusilla\29_seg003.wav,Pnoepyga pusilla
data\processed\Cyornis unicolor\12_seg001.wav,Cyornis unicolor
data\processed\Mystery mystery\269_seg012.wav,Mystery mystery
data\processed\Psilopogon lineatus\5_seg001.wav,Psilopogon lineatus
data\processed\Arborophila torqueola\31_seg001.wav,Arborophila torqueola
data\processed\Dicaeum minullum\3_seg008.wav,Dicaeum minullum
data\processed\Stachyridopsis ambigua\4_seg001.wav,Stachyridopsis ambigua
data\processed\Mystery mystery\442_seg003.wav,Mystery mystery
data\processed\Pellorneum ruficeps\55_seg000.wav,Pellorneum ruficeps
data\processed\Todiramphus chloris\23_seg013.wav,Todiramphus chloris
data\processed\Mystery mystery\9_seg019.wav,Mystery mystery
data\processed\Mystery mystery\294_seg003.wav,Mystery mystery
data\processed\Pomatorhinus ruficollis\32_seg003.wav,Pomatorhinus ruficollis
data\processed\Mystery mystery\110_seg042.wav,Mystery mystery
data\processed\Pellorneum ruficeps\40_seg022.wav,Pellorneum ruficeps
data\processed\Chloropsis jerdoni\9_seg009.wav,Chloropsis jerdoni
data\processed\Mystery mystery\180_seg001.wav,Mystery mystery
data\processed\Mystery mystery\270_seg010.wav,Mystery mystery
data\processed\Mystery mystery\318_seg003.wav,Mystery mystery
data\processed\Mystery mystery\360_seg009.wav,Mystery mystery
data\processed\Dicrurus andamanensis\1_seg004.wav,Dicrurus andamanensis
data\processed\noise\Alcippe_cinerea__10__seg012.wav,noise
data\processed\Mystery mystery\405_seg001.wav,Mystery mystery
data\processed\Glaucidium cuculoides\33_seg002.wav,Glaucidium cuculoides
data\processed\Locustella davidi\3_seg004.wav,Locustella davidi
data\processed\Mystery mystery\377_seg051.wav,Mystery mystery
data\processed\Mystery mystery\345_seg033.wav,Mystery mystery
data\processed\Pomatorhinus ruficollis\24_seg047.wav,Pomatorhinus ruficollis
data\processed\Cyornis poliogenys\10_seg029.wav,Cyornis poliogenys
data\processed\Mystery mystery\310_seg003.wav,Mystery mystery
data\processed\noise\Sphenocichla_humei__22__seg005.wav,noise
data\processed\Mystery mystery\256_seg007.wav,Mystery mystery
data\processed\Mystery mystery\3_seg003.wav,Mystery mystery
data\processed\Argya longirostris\1_seg006.wav,Argya longirostris
data\processed\Mystery mystery\316_seg002.wav,Mystery mystery
data\processed\Cyornis poliogenys\29_seg007.wav,Cyornis poliogenys
data\processed\Glaucidium cuculoides\13_seg003.wav,Glaucidium cuculoides
data\processed\Todiramphus chloris\1_seg002.wav,Todiramphus chloris
data\processed\Mystery mystery\314_seg002.wav,Mystery mystery
data\processed\Macronus gularis\7_seg004.wav,Macronus gularis
data\processed\Chloropsis\13_seg000.wav,Chloropsis
data\processed\Mystery mystery\43_seg043.wav,Mystery mystery
data\processed\Mystery mystery\335_seg005.wav,Mystery mystery
data\processed\Sturnia malabarica\9_seg008.wav,Sturnia malabarica
data\processed\Liocichla phoenicea\6_seg002.wav,Liocichla phoenicea
data\processed\Alcippe cinerea\14_seg001.wav,Alcippe cinerea
data\processed\Dicaeum cruentatum\1_seg005.wav,Dicaeum cruentatum
data\processed\Arachnothera magna\6_seg000.wav,Arachnothera magna
data\processed\Sphenocichla humei\1_seg005.wav,Sphenocichla humei
data\processed\Psittacula eupatria\22_seg003.wav,Psittacula eupatria
data\processed\Mystery mystery\304_seg012.wav,Mystery mystery
data\processed\Glaucidium cuculoides\31_seg017.wav,Glaucidium cuculoides
data\processed\Chloropsis jerdoni\6_seg010.wav,Chloropsis jerdoni
data\processed\Eurystomus orientalis\2_seg001.wav,Eurystomus orientalis
data\processed\Chloropsis jerdoni\6_seg006.wav,Chloropsis jerdoni
data\processed\Cuculus micropterus\6_seg004.wav,Cuculus micropterus
data\processed\Chloropsis jerdoni\5_seg017.wav,Chloropsis jerdoni
data\processed\Mystery mystery\414_seg009.wav,Mystery mystery
data\processed\Pomatorhinus ruficollis\6_seg016.wav,Pomatorhinus ruficollis
data\processed\Chloropsis jerdoni\13_seg009.wav,Chloropsis jerdoni
data\processed\Pomatorhinus ruficollis\7_seg004.wav,Pomatorhinus ruficollis
data\processed\Mystery mystery\385_seg016.wav,Mystery mystery
data\processed\Mystery mystery\127_seg025.wav,Mystery mystery
data\processed\Cuculus micropterus\54_seg002.wav,Cuculus micropterus
data\processed\Mystery mystery\312_seg004.wav,Mystery mystery
data\processed\Pomatorhinus ruficollis\37_seg009.wav,Pomatorhinus ruficollis
data\processed\Mystery mystery\112_seg001.wav,Mystery mystery
data\processed\Mystery mystery\325_seg004.wav,Mystery mystery
data\processed\Acridotheres fuscus\13_seg001.wav,Acridotheres fuscus
data\processed\Sturnia malabarica\7_seg002.wav,Sturnia malabarica
data\processed\Dicrurus andamanensis\10_seg007.wav,Dicrurus andamanensis
data\processed\Mystery mystery\327_seg033.wav,Mystery mystery
data\processed\Pellorneum ruficeps\8_seg028.wav,Pellorneum ruficeps
data\processed\Glaucidium cuculoides\29_seg002.wav,Glaucidium cuculoides
data\processed\Rimator malacoptilus\5_seg001.wav,Rimator malacoptilus
data\processed\Mystery mystery\343_seg023.wav,Mystery mystery
data\processed\Arborophila torqueola\12_seg012.wav,Arborophila torqueola
data\processed\noise\Pomatorhinus_ruficollis__15__seg002.wav,noise
data\processed\Dicrurus andamanensis\2_seg013.wav,Dicrurus andamanensis
data\processed\Chloropsis cochinchinensis\1_seg008.wav,Chloropsis cochinchinensis
data\processed\Mystery mystery\423_seg017.wav,Mystery mystery
data\processed\Cyornis unicolor\2_seg008.wav,Cyornis unicolor
data\processed\noise\Pomatorhinus_ruficollis__13__seg010.wav,noise
data\processed\Glaucidium cuculoides\6_seg006.wav,Glaucidium cuculoides
data\processed\Chelidorhynx hypoxanthus\16_seg007.wav,Chelidorhynx hypoxanthus
data\processed\Chelidorhynx hypoxanthus\10_seg000.wav,Chelidorhynx hypoxanthus
data\processed\noise\Pellorneum_ruficeps__41__seg004.wav,noise
data\processed\noise\Sphenocichla_humei__23__seg008.wav,noise
data\processed\Mystery mystery\336_seg068.wav,Mystery mystery
data\processed\noise\Pellorneum_ruficeps__74__seg017.wav,noise
data\processed\noise\Sphenocichla_humei__20__seg002.wav,noise
data\processed\Alcippe cinerea\8_seg007.wav,Alcippe cinerea
data\processed\Pellorneum ruficeps\38_seg000.wav,Pellorneum ruficeps
data\processed\Mystery mystery\296_seg001.wav,Mystery mystery
data\processed\Psilopogon lineatus\13_seg004.wav,Psilopogon lineatus
data\processed\Dicaeum cruentatum\1_seg007.wav,Dicaeum cruentatum
data\processed\Mystery mystery\82_seg005.wav,Mystery mystery
data\processed\noise\Pellorneum_ruficeps__74__seg009.wav,noise
data\processed\Mystery mystery\429_seg009.wav,Mystery mystery
data\processed\Alcippe cinerea\21_seg004.wav,Alcippe cinerea
data\processed\noise\Mystery_mystery__300__seg024.wav,noise
data\processed\noise\Eurystomus_orientalis__1__seg011.wav,noise
data\processed\Glaucidium cuculoides\17_seg009.wav,Glaucidium cuculoides
data\processed\Mystery mystery\198_seg005.wav,Mystery mystery
data\processed\Pnoepyga pusilla\18_seg013.wav,Pnoepyga pusilla
data\processed\Cuculus micropterus\18_seg001.wav,Cuculus micropterus
data\processed\Mystery mystery\341_seg008.wav,Mystery mystery
data\processed\Chelidorhynx hypoxanthus\2_seg002.wav,Chelidorhynx hypoxanthus
data\processed\Sturnia malabarica\12_seg003.wav,Sturnia malabarica
data\processed\Mystery mystery\321_seg004.wav,Mystery mystery
data\processed\Centropus andamanensis\7_seg012.wav,Centropus andamanensis
data\processed\Cuculus micropterus\17_seg006.wav,Cuculus micropterus
data\processed\noise\Cypsiurus_balasiensis__7__seg013.wav,noise
data\processed\Chloropsis\16_seg002.wav,Chloropsis
data\processed\Cyornis poliogenys\7_seg008.wav,Cyornis poliogenys
data\processed\Dicrurus andamanensis\13_seg019.wav,Dicrurus andamanensis
data\processed\Cyornis unicolor\15_seg008.wav,Cyornis unicolor
data\processed\Riparia chinensis\5_seg000.wav,Riparia chinensis
data\processed\Arborophila torqueola\13_seg000.wav,Arborophila torqueola
data\processed\Mystery mystery\336_seg074.wav,Mystery mystery
data\processed\Arborophila torqueola\12_seg005.wav,Arborophila torqueola
data\processed\Cuculus micropterus\60_seg013.wav,Cuculus micropterus
data\processed\noise\Pellorneum_ruficeps__70__seg004.wav,noise
data\processed\noise\Mystery_mystery__373__seg029.wav,noise
data\processed\noise\Mystery_mystery__38__seg032.wav,noise
data\processed\Dicrurus andamanensis\15_seg006.wav,Dicrurus andamanensis
data\processed\Pellorneum ruficeps\8_seg002.wav,Pellorneum ruficeps
data\processed\Mystery mystery\231_seg005.wav,Mystery mystery
data\processed\Stachyridopsis ambigua\13_seg028.wav,Stachyridopsis ambigua
data\processed\Rimator malacoptilus\10_seg005.wav,Rimator malacoptilus
data\processed\Paradoxornis guttaticollis\1_seg015.wav,Paradoxornis guttaticollis
data\processed\Arborophila torqueola\8_seg024.wav,Arborophila torqueola
data\processed\Pomatorhinus ruficollis\6_seg007.wav,Pomatorhinus ruficollis
data\processed\Centropus andamanensis\1_seg007.wav,Centropus andamanensis
data\processed\noise\Mystery_mystery__246__seg002.wav,noise
data\processed\Mystery mystery\163_seg009.wav,Mystery mystery
data\processed\Mystery mystery\39_seg006.wav,Mystery mystery
data\processed\Arborophila torqueola\2_seg033.wav,Arborophila torqueola
data\processed\Mystery mystery\406_seg006.wav,Mystery mystery
data\processed\Pellorneum ruficeps\45_seg003.wav,Pellorneum ruficeps
data\processed\Todiramphus chloris\18_seg002.wav,Todiramphus chloris
data\processed\Mystery mystery\62_seg013.wav,Mystery mystery
data\processed\noise\Cuculus_micropterus__35__seg009.wav,noise
data\processed\Arborophila torqueola\4_seg013.wav,Arborophila torqueola
data\processed\Mystery mystery\399_seg003.wav,Mystery mystery
data\processed\Rimator malacoptilus\2_seg003.wav,Rimator malacoptilus
data\processed\Alcippe cinerea\15_seg005.wav,Alcippe cinerea
data\processed\Pellorneum ruficeps\28_seg001.wav,Pellorneum ruficeps
data\processed\Mystery mystery\229_seg002.wav,Mystery mystery
data\processed\Mystery mystery\344_seg004.wav,Mystery mystery
data\processed\Cuculus micropterus\22_seg004.wav,Cuculus micropterus
data\processed\Mystery mystery\11_seg005.wav,Mystery mystery
data\processed\Mystery mystery\364_seg005.wav,Mystery mystery
data\processed\Psilopogon lineatus\15_seg009.wav,Psilopogon lineatus
data\processed\noise\Cyornis_magnirostris__6__seg008.wav,noise
data\processed\Glaucidium cuculoides\31_seg066.wav,Glaucidium cuculoides
data\processed\Phylloscopus forresti\3_seg006.wav,Phylloscopus forresti
data\processed\Mystery mystery\371_seg011.wav,Mystery mystery
data\processed\Mystery mystery\127_seg033.wav,Mystery mystery
data\processed\Glaucidium cuculoides\34_seg005.wav,Glaucidium cuculoides
data\processed\Alcippe cinerea\24_seg002.wav,Alcippe cinerea
data\processed\Dicrurus andamanensis\9_seg005.wav,Dicrurus andamanensis
data\processed\Mystery mystery\19_seg061.wav,Mystery mystery
data\processed\Mystery mystery\244_seg003.wav,Mystery mystery
data\processed\Glaucidium cuculoides\1_seg004.wav,Glaucidium cuculoides
data\processed\Pomatorhinus ruficollis\30_seg004.wav,Pomatorhinus ruficollis
data\processed\Sphenocichla humei\23_seg013.wav,Sphenocichla humei
data\processed\Liocichla phoenicea\21_seg008.wav,Liocichla phoenicea
data\processed\Mystery mystery\162_seg008.wav,Mystery mystery
data\processed\Mystery mystery\96_seg000.wav,Mystery mystery
data\processed\noise\Pnoepyga_pusilla__12__seg013.wav,noise
data\processed\Mystery mystery\294_seg001.wav,Mystery mystery
data\processed\Mystery mystery\232_seg001.wav,Mystery mystery
data\processed\Arborophila torqueola\10_seg009.wav,Arborophila torqueola
data\processed\Dicrurus andamanensis\8_seg006.wav,Dicrurus andamanensis
data\processed\Mystery mystery\166_seg000.wav,Mystery mystery
data\processed\noise\Mystery_mystery__370__seg009.wav,noise
data\processed\Mystery mystery\67_seg001.wav,Mystery mystery
data\processed\Pomatorhinus ruficollis\5_seg000.wav,Pomatorhinus ruficollis
data\processed\Cuculus micropterus\46_seg000.wav,Cuculus micropterus
data\processed\Motacilla citreola\14_seg000.wav,Motacilla citreola
data\processed\Pellorneum ruficeps\10_seg005.wav,Pellorneum ruficeps
data\processed\Mystery mystery\127_seg043.wav,Mystery mystery
data\processed\Pomatorhinus ruficollis\37_seg002.wav,Pomatorhinus ruficollis
data\processed\Mystery mystery\225_seg001.wav,Mystery mystery
data\processed\Cyornis unicolor\9_seg000.wav,Cyornis unicolor
data\processed\Mystery mystery\245_seg012.wav,Mystery mystery
data\processed\Sturnia malabarica\12_seg001.wav,Sturnia malabarica
data\processed\Dicaeum chrysorrheum\1_seg010.wav,Dicaeum chrysorrheum
data\processed\Liocichla phoenicea\18_seg004.wav,Liocichla phoenicea
data\processed\Rimator malacoptilus\3_seg011.wav,Rimator malacoptilus
data\processed\Chloropsis\14_seg070.wav,Chloropsis
data\processed\Phylloscopus inornatus\10_seg000.wav,Phylloscopus inornatus
data\processed\Mystery mystery\25_seg046.wav,Mystery mystery
data\processed\Pellorneum ruficeps\65_seg022.wav,Pellorneum ruficeps
data\processed\Mystery mystery\325_seg021.wav,Mystery mystery
data\processed\Mystery mystery\282_seg002.wav,Mystery mystery
data\processed\Pellorneum ruficeps\74_seg060.wav,Pellorneum ruficeps
data\processed\Mystery mystery\247_seg013.wav,Mystery mystery
data\processed\Mystery mystery\62_seg017.wav,Mystery mystery
data\processed\Mystery mystery\328_seg022.wav,Mystery mystery
data\processed\Pomatorhinus ruficollis\24_seg021.wav,Pomatorhinus ruficollis
data\processed\Macronus gularis\15_seg007.wav,Macronus gularis
data\processed\Cuculus micropterus\10_seg013.wav,Cuculus micropterus
data\processed\Pellorneum ruficeps\82_seg000.wav,Pellorneum ruficeps
data\processed\Mystery mystery\324_seg016.wav,Mystery mystery
data\processed\Mystery mystery\309_seg008.wav,Mystery mystery
data\processed\Paradoxornis guttaticollis\1_seg010.wav,Paradoxornis guttaticollis
data\processed\noise\Pnoepyga_pusilla__25__seg012.wav,noise
data\processed\Mystery mystery\373_seg003.wav,Mystery mystery
data\processed\Mystery mystery\281_seg000.wav,Mystery mystery
data\processed\Pellorneum ruficeps\70_seg002.wav,Pellorneum ruficeps
data\processed\Cyornis poliogenys\12_seg004.wav,Cyornis poliogenys
data\processed\Argya longirostris\3_seg000.wav,Argya longirostris
data\processed\Chloropsis\2_seg012.wav,Chloropsis
data\processed\Mystery mystery\243_seg005.wav,Mystery mystery
data\processed\Acridotheres fuscus\3_seg001.wav,Acridotheres fuscus
data\processed\Pellorneum ruficeps\65_seg000.wav,Pellorneum ruficeps
data\processed\Cypsiurus balasiensis\9_seg000.wav,Cypsiurus balasiensis
data\processed\Cyornis unicolor\26_seg001.wav,Cyornis unicolor
data\processed\Cyornis unicolor\16_seg015.wav,Cyornis unicolor
data\processed\Sphenocichla humei\15_seg007.wav,Sphenocichla humei
data\processed\Chloropsis jerdoni\10_seg008.wav,Chloropsis jerdoni
data\processed\noise\Mystery_mystery__332__seg019.wav,noise
data\processed\Loriculus vernalis\27_seg011.wav,Loriculus vernalis
data\processed\Acridotheres fuscus\2_seg001.wav,Acridotheres fuscus
data\processed\Dicaeum cruentatum\3_seg000.wav,Dicaeum cruentatum
data\processed\Liocichla phoenicea\13_seg053.wav,Liocichla phoenicea
data\processed\Pellorneum ruficeps\59_seg001.wav,Pellorneum ruficeps
data\processed\noise\Centropus_andamanensis__6__seg017.wav,noise
data\processed\Sphenocichla humei\11_seg001.wav,Sphenocichla humei
data\processed\Mystery mystery\412_seg003.wav,Mystery mystery
data\processed\Rimator malacoptilus\14_seg006.wav,Rimator malacoptilus
data\processed\Psittacula eupatria\25_seg000.wav,Psittacula eupatria
data\processed\Pomatorhinus ruficollis\1_seg017.wav,Pomatorhinus ruficollis
data\processed\noise\Spelaeornis_oatesi__5__seg006.wav,noise
data\processed\Mystery mystery\357_seg000.wav,Mystery mystery
data\processed\Todiramphus chloris\2_seg002.wav,Todiramphus chloris
data\processed\Psilopogon lineatus\19_seg001.wav,Psilopogon lineatus
data\processed\Pellorneum ruficeps\68_seg004.wav,Pellorneum ruficeps
data\processed\Cyornis magnirostris\6_seg033.wav,Cyornis magnirostris
data\processed\Cuculus micropterus\39_seg004.wav,Cuculus micropterus
data\processed\Pomatorhinus ruficollis\10_seg009.wav,Pomatorhinus ruficollis
data\processed\Mystery mystery\336_seg043.wav,Mystery mystery
data\processed\Dicrurus andamanensis\16_seg000.wav,Dicrurus andamanensis
data\processed\Mystery mystery\246_seg020.wav,Mystery mystery
data\processed\Liocichla phoenicea\12_seg005.wav,Liocichla phoenicea
data\processed\Cuculus micropterus\4_seg018.wav,Cuculus micropterus
data\processed\Cyornis unicolor\13_seg001.wav,Cyornis unicolor
data\processed\Psittacula eupatria\28_seg024.wav,Psittacula eupatria
data\processed\noise\Arborophila_torqueola__28__seg032.wav,noise
data\processed\Halcyon coromanda\3_seg002.wav,Halcyon coromanda
data\processed\noise\Sphenocichla_humei__26__seg008.wav,noise
data\processed\Todiramphus chloris\9_seg005.wav,Todiramphus chloris
data\processed\Pnoepyga pusilla\7_seg011.wav,Pnoepyga pusilla
data\processed\Pomatorhinus ruficollis\19_seg010.wav,Pomatorhinus ruficollis
data\processed\Mystery mystery\344_seg005.wav,Mystery mystery
data\processed\Mystery mystery\412_seg005.wav,Mystery mystery
data\processed\Sphenocichla humei\42_seg007.wav,Sphenocichla humei
data\processed\Mystery mystery\109_seg003.wav,Mystery mystery
data\processed\Mystery mystery\11_seg023.wav,Mystery mystery
data\processed\Psilopogon lineatus\9_seg005.wav,Psilopogon lineatus
data\processed\Mystery mystery\57_seg001.wav,Mystery mystery
data\processed\Mystery mystery\373_seg037.wav,Mystery mystery
data\processed\Mystery mystery\409_seg012.wav,Mystery mystery
data\processed\Glaucidium cuculoides\28_seg005.wav,Glaucidium cuculoides
data\processed\Alcippe cinerea\23_seg009.wav,Alcippe cinerea
data\processed\Stachyridopsis ambigua\5_seg004.wav,Stachyridopsis ambigua
data\processed\Mystery mystery\373_seg048.wav,Mystery mystery
data\processed\Locustella davidi\4_seg006.wav,Locustella davidi
data\processed\Pomatorhinus ruficollis\4_seg002.wav,Pomatorhinus ruficollis
data\processed\Sturnia malabarica\9_seg007.wav,Sturnia malabarica
data\processed\Mystery mystery\51_seg001.wav,Mystery mystery
data\processed\Chelidorhynx hypoxanthus\9_seg001.wav,Chelidorhynx hypoxanthus
data\processed\Cyornis unicolor\5_seg004.wav,Cyornis unicolor
data\processed\Psittacula eupatria\4_seg000.wav,Psittacula eupatria
data\processed\Mystery mystery\376_seg000.wav,Mystery mystery
data\processed\Sphenocichla humei\12_seg013.wav,Sphenocichla humei
data\processed\Chelidorhynx hypoxanthus\7_seg008.wav,Chelidorhynx hypoxanthus
data\processed\Cuculus micropterus\15_seg001.wav,Cuculus micropterus
data\processed\Mystery mystery\99_seg000.wav,Mystery mystery
data\processed\Mystery mystery\412_seg010.wav,Mystery mystery
data\processed\Pnoepyga pusilla\20_seg010.wav,Pnoepyga pusilla
data\processed\Chrysococcyx maculatus\2_seg000.wav,Chrysococcyx maculatus
data\processed\Glaucidium cuculoides\6_seg000.wav,Glaucidium cuculoides
data\processed\Glaucidium cuculoides\30_seg028.wav,Glaucidium cuculoides
data\processed\Mystery mystery\55_seg006.wav,Mystery mystery
data\processed\noise\Mystery_mystery__332__seg024.wav,noise
data\processed\Chelidorhynx hypoxanthus\16_seg002.wav,Chelidorhynx hypoxanthus
data\processed\Paradoxornis guttaticollis\1_seg014.wav,Paradoxornis guttaticollis
data\processed\Cyornis unicolor\4_seg011.wav,Cyornis unicolor
data\processed\Dicrurus andamanensis\1_seg003.wav,Dicrurus andamanensis
data\processed\Mystery mystery\341_seg024.wav,Mystery mystery
data\processed\Mystery mystery\385_seg009.wav,Mystery mystery
data\processed\Alcippe cinerea\23_seg002.wav,Alcippe cinerea
data\processed\Pellorneum ruficeps\13_seg003.wav,Pellorneum ruficeps
data\processed\Pellorneum ruficeps\32_seg023.wav,Pellorneum ruficeps
data\processed\Cypsiurus balasiensis\5_seg004.wav,Cypsiurus balasiensis
data\processed\Cyornis poliogenys\14_seg003.wav,Cyornis poliogenys
data\processed\Mystery mystery\126_seg004.wav,Mystery mystery
data\processed\Liocichla phoenicea\15_seg000.wav,Liocichla phoenicea
data\processed\Mystery mystery\38_seg035.wav,Mystery mystery
data\processed\Paradoxornis guttaticollis\2_seg006.wav,Paradoxornis guttaticollis
data\processed\Motacilla citreola\14_seg004.wav,Motacilla citreola
data\processed\Rimator malacoptilus\2_seg012.wav,Rimator malacoptilus
data\processed\Pellorneum ruficeps\17_seg011.wav,Pellorneum ruficeps
data\processed\Mystery mystery\11_seg008.wav,Mystery mystery
data\processed\Spelaeornis oatesi\1_seg000.wav,Spelaeornis oatesi
data\processed\Iole cacharensis\4_seg001.wav,Iole cacharensis
data\processed\noise\Spelaeornis_oatesi__2__seg012.wav,noise
data\processed\Pellorneum ruficeps\11_seg009.wav,Pellorneum ruficeps
data\processed\noise\Pellorneum_ruficeps__86__seg031.wav,noise
data\processed\Cyornis poliogenys\10_seg026.wav,Cyornis poliogenys
data\processed\Cypsiurus balasiensis\7_seg028.wav,Cypsiurus balasiensis
data\processed\noise\Arborophila_torqueola__28__seg004.wav,noise
data\processed\Pomatorhinus ruficollis\16_seg007.wav,Pomatorhinus ruficollis
data\processed\Mystery mystery\316_seg000.wav,Mystery mystery
data\processed\Sphenocichla humei\4_seg001.wav,Sphenocichla humei
data\processed\Mystery mystery\314_seg003.wav,Mystery mystery
data\processed\Pellorneum ruficeps\78_seg004.wav,Pellorneum ruficeps
data\processed\Mystery mystery\290_seg001.wav,Mystery mystery
data\processed\noise\Centropus_andamanensis__6__seg009.wav,noise
data\processed\Mystery mystery\285_seg009.wav,Mystery mystery
data\processed\Mystery mystery\11_seg026.wav,Mystery mystery
data\processed\Cuculus micropterus\30_seg012.wav,Cuculus micropterus
data\processed\Mystery mystery\195_seg008.wav,Mystery mystery
data\processed\Alcippe cinerea\19_seg011.wav,Alcippe cinerea
data\processed\Mystery mystery\115_seg017.wav,Mystery mystery
data\processed\Mystery mystery\426_seg023.wav,Mystery mystery
data\processed\Pnoepyga pusilla\12_seg011.wav,Pnoepyga pusilla
data\processed\Cyornis poliogenys\6_seg011.wav,Cyornis poliogenys
data\processed\Pellorneum ruficeps\35_seg002.wav,Pellorneum ruficeps
data\processed\Pellorneum ruficeps\32_seg019.wav,Pellorneum ruficeps
data\processed\Sphenocichla humei\29_seg012.wav,Sphenocichla humei
data\processed\Dicaeum minullum\1_seg005.wav,Dicaeum minullum
data\processed\Pellorneum ruficeps\25_seg009.wav,Pellorneum ruficeps
data\processed\Mystery mystery\373_seg070.wav,Mystery mystery
data\processed\Arborophila torqueola\2_seg022.wav,Arborophila torqueola
data\processed\Cuculus micropterus\43_seg006.wav,Cuculus micropterus
data\processed\Mystery mystery\163_seg007.wav,Mystery mystery
data\processed\Glaucidium cuculoides\37_seg006.wav,Glaucidium cuculoides
data\processed\Dicaeum chrysorrheum\3_seg001.wav,Dicaeum chrysorrheum
data\processed\Cuculus micropterus\63_seg010.wav,Cuculus micropterus
data\processed\Pellorneum ruficeps\69_seg000.wav,Pellorneum ruficeps
data\processed\Cyornis unicolor\6_seg004.wav,Cyornis unicolor
data\processed\noise\Arborophila_torqueola__12__seg007.wav,noise
data\processed\Cyornis magnirostris\2_seg001.wav,Cyornis magnirostris
data\processed\Mystery mystery\283_seg001.wav,Mystery mystery
data\processed\Chloropsis\9_seg005.wav,Chloropsis
data\processed\Mystery mystery\442_seg040.wav,Mystery mystery
data\processed\Cuculus micropterus\45_seg002.wav,Cuculus micropterus
data\processed\Chloropsis\18_seg002.wav,Chloropsis
data\processed\Polyplectron bicalcaratum\7_seg015.wav,Polyplectron bicalcaratum
data\processed\Pellorneum ruficeps\63_seg002.wav,Pellorneum ruficeps
data\processed\Pellorneum ruficeps\10_seg002.wav,Pellorneum ruficeps
data\processed\Mystery mystery\327_seg030.wav,Mystery mystery
data\processed\Mystery mystery\86_seg002.wav,Mystery mystery
data\processed\Loriculus vernalis\19_seg000.wav,Loriculus vernalis
data\processed\noise\Mystery_mystery__38__seg026.wav,noise
data\processed\Mystery mystery\359_seg004.wav,Mystery mystery
data\processed\Pellorneum ruficeps\60_seg000.wav,Pellorneum ruficeps
data\processed\Pnoepyga pusilla\19_seg010.wav,Pnoepyga pusilla
data\processed\Pellorneum ruficeps\100_seg006.wav,Pellorneum ruficeps
data\processed\Pomatorhinus ruficollis\32_seg010.wav,Pomatorhinus ruficollis
data\processed\Liocichla phoenicea\4_seg015.wav,Liocichla phoenicea
data\processed\noise\Loriculus_vernalis__8__seg003.wav,noise
data\processed\Mystery mystery\347_seg001.wav,Mystery mystery
data\processed\Acridotheres fuscus\9_seg011.wav,Acridotheres fuscus
data\processed\Mystery mystery\165_seg000.wav,Mystery mystery
data\processed\Psittacula eupatria\6_seg008.wav,Psittacula eupatria
data\processed\Pomatorhinus ruficollis\7_seg013.wav,Pomatorhinus ruficollis
data\processed\noise\Mystery_mystery__17__seg009.wav,noise
data\processed\Mystery mystery\256_seg010.wav,Mystery mystery
data\processed\Arborophila torqueola\8_seg015.wav,Arborophila torqueola
data\processed\Cyornis unicolor\16_seg007.wav,Cyornis unicolor
data\processed\Mystery mystery\231_seg014.wav,Mystery mystery
data\processed\Mystery mystery\19_seg044.wav,Mystery mystery
data\processed\Mystery mystery\410_seg015.wav,Mystery mystery
data\processed\Motacilla citreola\9_seg000.wav,Motacilla citreola
data\processed\Pellorneum ruficeps\32_seg024.wav,Pellorneum ruficeps
data\processed\Centropus andamanensis\4_seg016.wav,Centropus andamanensis
data\processed\Loriculus vernalis\14_seg001.wav,Loriculus vernalis
data\processed\Pomatorhinus ruficollis\5_seg003.wav,Pomatorhinus ruficollis
data\processed\Pellorneum ruficeps\97_seg009.wav,Pellorneum ruficeps
data\processed\Pellorneum ruficeps\16_seg006.wav,Pellorneum ruficeps
data\processed\Sphenocichla humei\31_seg000.wav,Sphenocichla humei
data\processed\Mystery mystery\16_seg001.wav,Mystery mystery
data\processed\Cyornis poliogenys\17_seg001.wav,Cyornis poliogenys
data\processed\Chloropsis cochinchinensis\1_seg000.wav,Chloropsis cochinchinensis
data\processed\Motacilla citreola\18_seg001.wav,Motacilla citreola
data\processed\Psittacula eupatria\28_seg009.wav,Psittacula eupatria
data\processed\Pellorneum ruficeps\77_seg003.wav,Pellorneum ruficeps
data\processed\Lanius tephronotus\5_seg017.wav,Lanius tephronotus
data\processed\Dicaeum cruentatum\6_seg000.wav,Dicaeum cruentatum
data\processed\Pomatorhinus ruficollis\38_seg003.wav,Pomatorhinus ruficollis
data\processed\Cuculus micropterus\44_seg014.wav,Cuculus micropterus
data\processed\Chloropsis\8_seg006.wav,Chloropsis
data\processed\Stachyridopsis ambigua\6_seg004.wav,Stachyridopsis ambigua
data\processed\Cyornis unicolor\22_seg002.wav,Cyornis unicolor
data\processed\Mystery mystery\401_seg000.wav,Mystery mystery
data\processed\Mystery mystery\427_seg005.wav,Mystery mystery
data\processed\Todiramphus chloris\13_seg006.wav,Todiramphus chloris
data\processed\Cuculus micropterus\40_seg002.wav,Cuculus micropterus
data\processed\Pomatorhinus ruficollis\35_seg019.wav,Pomatorhinus ruficollis
data\processed\Pellorneum ruficeps\8_seg006.wav,Pellorneum ruficeps
data\processed\Mystery mystery\402_seg000.wav,Mystery mystery
data\processed\Mystery mystery\19_seg000.wav,Mystery mystery
data\processed\Loriculus vernalis\5_seg006.wav,Loriculus vernalis
data\processed\Mystery mystery\301_seg047.wav,Mystery mystery
data\processed\Arborophila torqueola\15_seg000.wav,Arborophila torqueola
data\processed\Pomatorhinus ruficollis\18_seg010.wav,Pomatorhinus ruficollis
data\processed\Locustella davidi\1_seg009.wav,Locustella davidi
data\processed\Mystery mystery\215_seg002.wav,Mystery mystery
data\processed\Cuculus micropterus\24_seg004.wav,Cuculus micropterus
data\processed\Pnoepyga pusilla\6_seg009.wav,Pnoepyga pusilla
data\processed\Mystery mystery\116_seg008.wav,Mystery mystery
data\processed\Mystery mystery\301_seg050.wav,Mystery mystery
data\processed\Pellorneum ruficeps\102_seg010.wav,Pellorneum ruficeps
data\processed\Alcippe cinerea\3_seg007.wav,Alcippe cinerea
data\processed\Mystery mystery\410_seg038.wav,Mystery mystery
data\processed\Macronus gularis\21_seg019.wav,Macronus gularis
data\processed\Pellorneum ruficeps\87_seg026.wav,Pellorneum ruficeps
data\processed\Phylloscopus inornatus\1_seg001.wav,Phylloscopus inornatus
data\processed\Mystery mystery\302_seg008.wav,Mystery mystery
data\processed\Pellorneum ruficeps\52_seg013.wav,Pellorneum ruficeps
data\processed\Mystery mystery\338_seg019.wav,Mystery mystery
data\processed\Pomatorhinus ruficollis\1_seg007.wav,Pomatorhinus ruficollis
data\processed\Mystery mystery\442_seg028.wav,Mystery mystery
data\processed\Liocichla phoenicea\13_seg048.wav,Liocichla phoenicea
data\processed\Chloropsis jerdoni\9_seg010.wav,Chloropsis jerdoni
data\processed\Mystery mystery\9_seg021.wav,Mystery mystery
data\processed\Mystery mystery\195_seg013.wav,Mystery mystery
data\processed\Mystery mystery\428_seg030.wav,Mystery mystery
data\processed\Paradoxornis guttaticollis\2_seg010.wav,Paradoxornis guttaticollis
data\processed\Pomatorhinus ruficollis\17_seg008.wav,Pomatorhinus ruficollis
data\processed\noise\Mystery_mystery__373__seg053.wav,noise
data\processed\Mystery mystery\240_seg007.wav,Mystery mystery
data\processed\Cuculus micropterus\43_seg007.wav,Cuculus micropterus
data\processed\Halcyon coromanda\8_seg004.wav,Halcyon coromanda
data\processed\Mystery mystery\341_seg004.wav,Mystery mystery
data\processed\Mystery mystery\329_seg006.wav,Mystery mystery
data\processed\Mystery mystery\306_seg019.wav,Mystery mystery
data\processed\Arborophila torqueola\6_seg031.wav,Arborophila torqueola
data\processed\Pellorneum ruficeps\87_seg011.wav,Pellorneum ruficeps
data\processed\Mystery mystery\307_seg004.wav,Mystery mystery
data\processed\Mystery mystery\9_seg038.wav,Mystery mystery
data\processed\Mystery mystery\324_seg015.wav,Mystery mystery
data\processed\Rimator malacoptilus\2_seg022.wav,Rimator malacoptilus
data\processed\Glaucidium cuculoides\2_seg000.wav,Glaucidium cuculoides
data\processed\Mystery mystery\232_seg003.wav,Mystery mystery
data\processed\Psilopogon lineatus\7_seg001.wav,Psilopogon lineatus
data\processed\Cuculus micropterus\8_seg034.wav,Cuculus micropterus
data\processed\Cyornis unicolor\17_seg000.wav,Cyornis unicolor
data\processed\Rimator malacoptilus\2_seg027.wav,Rimator malacoptilus
data\processed\Pnoepyga pusilla\20_seg004.wav,Pnoepyga pusilla
data\processed\Alcippe cinerea\19_seg009.wav,Alcippe cinerea
data\processed\Arachnothera magna\2_seg003.wav,Arachnothera magna
data\processed\Mystery mystery\62_seg003.wav,Mystery mystery
data\processed\Pellorneum ruficeps\94_seg003.wav,Pellorneum ruficeps
data\processed\Chloropsis\14_seg066.wav,Chloropsis
data\processed\Chloropsis\11_seg001.wav,Chloropsis
data\processed\Chloropsis jerdoni\9_seg025.wav,Chloropsis jerdoni
data\processed\Mystery mystery\327_seg018.wav,Mystery mystery
data\processed\Cyornis poliogenys\1_seg004.wav,Cyornis poliogenys
data\processed\Mystery mystery\386_seg007.wav,Mystery mystery
data\processed\noise\Cyornis_poliogenys__10__seg010.wav,noise
data\processed\Mystery mystery\278_seg002.wav,Mystery mystery
data\processed\Cyornis concretus\1_seg002.wav,Cyornis concretus
data\processed\Mystery mystery\357_seg002.wav,Mystery mystery
data\processed\Arborophila torqueola\23_seg000.wav,Arborophila torqueola
data\processed\Macronus gularis\17_seg006.wav,Macronus gularis
data\processed\noise\Pellorneum_ruficeps__73__seg000.wav,noise
data\processed\Stachyridopsis ambigua\5_seg003.wav,Stachyridopsis ambigua
data\processed\Loriculus vernalis\27_seg014.wav,Loriculus vernalis
data\processed\Arborophila torqueola\28_seg026.wav,Arborophila torqueola
data\processed\Mystery mystery\245_seg011.wav,Mystery mystery
data\processed\Mystery mystery\244_seg000.wav,Mystery mystery
data\processed\Cyornis unicolor\3_seg004.wav,Cyornis unicolor
data\processed\Arborophila torqueola\2_seg005.wav,Arborophila torqueola
data\processed\Pellorneum ruficeps\17_seg007.wav,Pellorneum ruficeps
data\processed\Mystery mystery\239_seg012.wav,Mystery mystery
data\processed\Pellorneum ruficeps\78_seg006.wav,Pellorneum ruficeps
data\processed\Cuculus micropterus\45_seg015.wav,Cuculus micropterus
data\processed\Phylloscopus forresti\2_seg010.wav,Phylloscopus forresti
data\processed\Arachnothera magna\9_seg002.wav,Arachnothera magna
data\processed\Arborophila torqueola\7_seg006.wav,Arborophila torqueola
data\processed\Alcippe cinerea\2_seg005.wav,Alcippe cinerea
data\processed\Motacilla citreola\18_seg002.wav,Motacilla citreola
data\processed\Polyplectron bicalcaratum\10_seg005.wav,Polyplectron bicalcaratum
data\processed\Liocichla phoenicea\3_seg000.wav,Liocichla phoenicea
data\processed\Mystery mystery\341_seg030.wav,Mystery mystery
data\processed\Mystery mystery\410_seg058.wav,Mystery mystery
data\processed\Mystery mystery\410_seg037.wav,Mystery mystery
data\processed\Cyornis unicolor\15_seg015.wav,Cyornis unicolor
data\processed\Mystery mystery\279_seg001.wav,Mystery mystery
data\processed\Loriculus vernalis\26_seg001.wav,Loriculus vernalis
data\processed\Mystery mystery\341_seg027.wav,Mystery mystery
data\processed\Pluvialis squatarola\2_seg001.wav,Pluvialis squatarola
data\processed\Cyornis unicolor\10_seg022.wav,Cyornis unicolor
data\processed\Glaucidium cuculoides\38_seg010.wav,Glaucidium cuculoides
data\processed\Pluvialis squatarola\2_seg013.wav,Pluvialis squatarola
data\processed\Mystery mystery\19_seg051.wav,Mystery mystery
data\processed\Liocichla phoenicea\4_seg012.wav,Liocichla phoenicea
data\processed\Pellorneum ruficeps\56_seg001.wav,Pellorneum ruficeps
data\processed\Argya longirostris\1_seg022.wav,Argya longirostris
data\processed\noise\Chloropsis__2__seg008.wav,noise
data\processed\Chelidorhynx hypoxanthus\9_seg007.wav,Chelidorhynx hypoxanthus
data\processed\Polyplectron bicalcaratum\3_seg001.wav,Polyplectron bicalcaratum
data\processed\Mystery mystery\341_seg018.wav,Mystery mystery
data\processed\Mystery mystery\91_seg009.wav,Mystery mystery
data\processed\Chloropsis jerdoni\1_seg003.wav,Chloropsis jerdoni
data\processed\Mystery mystery\325_seg037.wav,Mystery mystery
data\processed\Arachnothera magna\10_seg003.wav,Arachnothera magna
data\processed\Arachnothera magna\1_seg003.wav,Arachnothera magna
data\processed\Pnoepyga pusilla\28_seg000.wav,Pnoepyga pusilla
data\processed\Rimator malacoptilus\2_seg028.wav,Rimator malacoptilus
data\processed\Cyornis poliogenys\6_seg008.wav,Cyornis poliogenys
data\processed\Mystery mystery\304_seg009.wav,Mystery mystery
data\processed\Rimator malacoptilus\3_seg021.wav,Rimator malacoptilus
data\processed\Spelaeornis oatesi\2_seg002.wav,Spelaeornis oatesi
data\processed\Cuculus micropterus\30_seg003.wav,Cuculus micropterus
data\processed\Sphenocichla humei\12_seg025.wav,Sphenocichla humei
data\processed\Ixobrychus cinnamomeus\4_seg001.wav,Ixobrychus cinnamomeus
data\processed\Pluvialis squatarola\1_seg015.wav,Pluvialis squatarola
data\processed\Dicaeum chrysorrheum\1_seg012.wav,Dicaeum chrysorrheum
data\processed\Pomatorhinus ruficollis\35_seg017.wav,Pomatorhinus ruficollis
data\processed\Liocichla phoenicea\14_seg008.wav,Liocichla phoenicea
data\processed\Mystery mystery\267_seg034.wav,Mystery mystery
data\processed\Mystery mystery\110_seg048.wav,Mystery mystery
data\processed\Mystery mystery\170_seg000.wav,Mystery mystery
data\processed\Arborophila torqueola\2_seg023.wav,Arborophila torqueola
data\processed\Sturnia malabarica\3_seg008.wav,Sturnia malabarica
data\processed\Mystery mystery\442_seg038.wav,Mystery mystery
data\processed\Liocichla phoenicea\13_seg003.wav,Liocichla phoenicea
data\processed\Pellorneum ruficeps\5_seg015.wav,Pellorneum ruficeps
data\processed\Mystery mystery\110_seg029.wav,Mystery mystery
data\processed\Centropus andamanensis\9_seg000.wav,Centropus andamanensis
data\processed\Mystery mystery\9_seg046.wav,Mystery mystery
data\processed\Mystery mystery\322_seg018.wav,Mystery mystery
data\processed\Mystery mystery\262_seg001.wav,Mystery mystery
data\processed\Mystery mystery\378_seg006.wav,Mystery mystery
data\processed\Mystery mystery\332_seg011.wav,Mystery mystery
data\processed\Mystery mystery\433_seg009.wav,Mystery mystery
data\processed\Mystery mystery\172_seg002.wav,Mystery mystery
data\processed\noise\Spelaeornis_oatesi__5__seg001.wav,noise
data\processed\Mystery mystery\62_seg018.wav,Mystery mystery
data\processed\Mystery mystery\245_seg002.wav,Mystery mystery
data\processed\Pomatorhinus ruficollis\10_seg013.wav,Pomatorhinus ruficollis
data\processed\Chelidorhynx hypoxanthus\14_seg011.wav,Chelidorhynx hypoxanthus
data\processed\Mystery mystery\55_seg001.wav,Mystery mystery
data\processed\Liocichla phoenicea\8_seg000.wav,Liocichla phoenicea
data\processed\Pellorneum ruficeps\5_seg014.wav,Pellorneum ruficeps
data\processed\Mystery mystery\386_seg019.wav,Mystery mystery
data\processed\Mystery mystery\301_seg022.wav,Mystery mystery
data\processed\Arborophila torqueola\28_seg018.wav,Arborophila torqueola
data\processed\Loriculus vernalis\10_seg000.wav,Loriculus vernalis
data\processed\noise\Glaucidium_cuculoides__12__seg004.wav,noise
data\processed\Mystery mystery\102_seg002.wav,Mystery mystery
data\processed\Psittacula eupatria\17_seg006.wav,Psittacula eupatria
data\processed\Pellorneum ruficeps\16_seg021.wav,Pellorneum ruficeps
data\processed\Pellorneum ruficeps\13_seg005.wav,Pellorneum ruficeps
data\processed\Cyornis magnirostris\1_seg000.wav,Cyornis magnirostris
data\processed\noise\Argya_longirostris__10__seg005.wav,noise
data\processed\Mystery mystery\307_seg018.wav,Mystery mystery
data\processed\noise\Mystery_mystery__124__seg006.wav,noise
data\processed\Mystery mystery\390_seg000.wav,Mystery mystery
data\processed\Cuculus micropterus\35_seg024.wav,Cuculus micropterus
data\processed\noise\Centropus_andamanensis__1__seg004.wav,noise
data\processed\Mystery mystery\302_seg004.wav,Mystery mystery
data\processed\Mystery mystery\118_seg001.wav,Mystery mystery
data\processed\Dicrurus andamanensis\14_seg000.wav,Dicrurus andamanensis
data\processed\Cuculus micropterus\8_seg012.wav,Cuculus micropterus
data\processed\Mystery mystery\342_seg010.wav,Mystery mystery
data\processed\noise\Mystery_mystery__320__seg007.wav,noise
data\processed\Macronus gularis\3_seg007.wav,Macronus gularis
data\processed\Mystery mystery\123_seg004.wav,Mystery mystery
data\processed\Mystery mystery\431_seg004.wav,Mystery mystery
data\processed\Mystery mystery\19_seg031.wav,Mystery mystery
data\processed\Mystery mystery\304_seg000.wav,Mystery mystery
data\processed\Cuculus micropterus\4_seg013.wav,Cuculus micropterus
data\processed\Liocichla phoenicea\5_seg005.wav,Liocichla phoenicea
data\processed\Cuculus micropterus\46_seg017.wav,Cuculus micropterus
data\processed\Mystery mystery\244_seg001.wav,Mystery mystery
data\processed\Pellorneum ruficeps\39_seg002.wav,Pellorneum ruficeps
data\processed\Pnoepyga pusilla\17_seg010.wav,Pnoepyga pusilla
data\processed\Mystery mystery\423_seg000.wav,Mystery mystery
data\processed\Psittacula eupatria\27_seg002.wav,Psittacula eupatria
data\processed\Mystery mystery\192_seg000.wav,Mystery mystery
data\processed\Stachyridopsis ambigua\13_seg006.wav,Stachyridopsis ambigua
data\processed\Pellorneum ruficeps\8_seg012.wav,Pellorneum ruficeps
data\processed\Pellorneum ruficeps\102_seg017.wav,Pellorneum ruficeps
data\processed\noise\Sphenocichla_humei__20__seg013.wav,noise
